Company,TypeName,Inches,ScreenResolution,Cpu,Ram,Memory,Gpu,OpSys,Weight,Price,Cpu_Speed,SSD,HDD,Touchscreen,IPS,Resolution_X,Resolution_Y,Gpu_Brand
Apple,Ultrabook,13.3,IPS Panel Retina Display 2560x1600,Intel Core i5 2.3GHz,8,128GB SSD,Intel Iris Plus Graphics 640,macOS,1.37,249825.3912,2.3,128,0,0,1,2560.0,1600.0,Intel
Apple,Ultrabook,13.3,1440x900,Intel Core i5 1.8GHz,8,128GB Flash Storage,Intel HD Graphics 6000,macOS,1.34,167634.33120000002,1.8,128,0,0,0,1440.0,900.0,Intel
HP,Notebook,15.6,Full HD 1920x1080,Intel Core i5 7200U 2.5GHz,8,256GB SSD,Intel HD Graphics 620,No OS,1.86,107226.0,2.5,256,0,0,0,1920.0,1080.0,Intel
Apple,Ultrabook,15.4,IPS Panel Retina Display 2880x1800,Intel Core i7 2.7GHz,16,512GB SSD,AMD Radeon Pro 455,macOS,1.83,473183.6759999999,2.7,512,0,0,1,2880.0,1800.0,AMD
Apple,Ultrabook,13.3,IPS Panel Retina Display 2560x1600,Intel Core i5 3.1GHz,8,256GB SSD,Intel Iris Plus Graphics 650,macOS,1.37,336335.32800000004,3.1,256,0,0,1,2560.0,1600.0,Intel
Acer,Notebook,15.6,1366x768,AMD A9-Series 9420 3GHz,4,500GB HDD,AMD Radeon R5,Windows 10,2.1,74592.0,3.0,0,500,0,0,1366.0,768.0,AMD
Apple,Ultrabook,15.4,IPS Panel Retina Display 2880x1800,Intel Core i7 2.2GHz,16,256GB Flash Storage,Intel Iris Pro Graphics,Mac OS X,2.04,399061.6056,2.2,256,0,0,1,2880.0,1800.0,Intel
Apple,Ultrabook,13.3,1440x900,Intel Core i5 1.8GHz,8,256GB Flash Storage,Intel HD Graphics 6000,macOS,1.34,216074.376,1.8,256,0,0,0,1440.0,900.0,Intel
Asus,Ultrabook,14.0,Full HD 1920x1080,Intel Core i7 8550U 1.8GHz,16,512GB SSD,Nvidia GeForce MX150,Windows 10,1.3,278787.6,1.8,512,0,0,0,1920.0,1080.0,Nvidia
Acer,Ultrabook,14.0,IPS Panel Full HD 1920x1080,Intel Core i5 8250U 1.6GHz,8,256GB SSD,Intel UHD Graphics 620,Windows 10,1.6,143589.6,1.6,256,0,0,1,1920.0,1080.0,Intel
HP,Notebook,15.6,1366x768,Intel Core i5 7200U 2.5GHz,4,500GB HDD,Intel HD Graphics 620,No OS,1.86,73454.472,2.5,0,500,0,0,1366.0,768.0,Intel
HP,Notebook,15.6,Full HD 1920x1080,Intel Core i3 6006U 2GHz,4,500GB HDD,Intel HD Graphics 520,No OS,1.86,64333.7352,2.0,0,500,0,0,1920.0,1080.0,Intel
Apple,Ultrabook,15.4,IPS Panel Retina Display 2880x1800,Intel Core i7 2.8GHz,16,256GB SSD,AMD Radeon Pro 555,macOS,1.83,455005.6056,2.8,256,0,0,1,2880.0,1800.0,AMD
Dell,Notebook,15.6,Full HD 1920x1080,Intel Core i3 6006U 2GHz,4,256GB SSD,AMD Radeon R5 M430,Windows 10,2.2,93034.872,2.0,256,0,0,0,1920.0,1080.0,AMD
Apple,Ultrabook,12.0,IPS Panel Retina Display 2304x1440,Intel Core M m3 1.2GHz,8,256GB SSD,Intel HD Graphics 615,macOS,0.92,235412.352,1.2,256,0,0,1,2304.0,1440.0,Intel
Apple,Ultrabook,13.3,IPS Panel Retina Display 2560x1600,Intel Core i5 2.3GHz,8,256GB SSD,Intel Iris Plus Graphics 640,macOS,1.37,283179.20399999997,2.3,256,0,0,1,2560.0,1600.0,Intel
Dell,Notebook,15.6,Full HD 1920x1080,Intel Core i7 7500U 2.7GHz,8,256GB SSD,AMD Radeon R5 M430,Windows 10,2.2,138927.6,2.7,256,0,0,0,1920.0,1080.0,AMD
Apple,Ultrabook,15.4,IPS Panel Retina Display 2880x1800,Intel Core i7 2.9GHz,16,512GB SSD,AMD Radeon Pro 560,macOS,1.83,532959.84,2.9,512,0,0,1,2880.0,1800.0,AMD
Lenovo,Notebook,15.6,Full HD 1920x1080,Intel Core i3 7100U 2.4GHz,8,1TB HDD,Nvidia GeForce 940MX,No OS,2.2,93053.52,2.4,0,1000,0,0,1920.0,1080.0,Nvidia
Dell,Ultrabook,13.3,IPS Panel Full HD / Touchscreen 1920x1080,Intel Core i5 8250U 1.6GHz,8,128GB SSD,Intel UHD Graphics 620,Windows 10,1.22,182563.92,1.6,128,0,1,1,1920.0,1080.0,Intel
Asus,Netbook,11.6,1366x768,Intel Atom x5-Z8350 1.44GHz,2,32GB Flash Storage,Intel HD Graphics 400,Windows 10,0.98,35785.512,1.44,32,0,0,0,1366.0,768.0,Intel
Lenovo,Gaming,15.6,IPS Panel Full HD 1920x1080,Intel Core i5 7300HQ 2.5GHz,8,128GB SSD +  1TB HDD,Nvidia GeForce GTX 1050,Windows 10,2.5,186293.52000000002,2.5,128000,0,0,1,1920.0,1080.0,Nvidia
HP,Notebook,15.6,1366x768,AMD E-Series E2-9000e 1.5GHz,4,500GB HDD,AMD Radeon R2,No OS,1.86,48111.84,1.5,0,500,0,0,1366.0,768.0,AMD
Dell,2 in 1 Convertible,13.3,Full HD / Touchscreen 1920x1080,Intel Core i5 8250U 1.6GHz,8,256GB SSD,Intel UHD Graphics 620,Windows 10,1.62,152727.12,1.6,256,0,1,0,1920.0,1080.0,Intel
HP,Ultrabook,15.6,Full HD 1920x1080,Intel Core i7 8550U 1.8GHz,8,256GB SSD,Intel HD Graphics 620,Windows 10,1.91,122890.31999999999,1.8,256,0,0,0,1920.0,1080.0,Intel
Dell,Notebook,15.6,1366x768,Intel Core i3 6006U 2GHz,4,1TB HDD,Intel HD Graphics 520,Windows 10,2.3,78067.9872,2.0,0,1000,0,0,1366.0,768.0,Intel
Apple,Ultrabook,13.3,1440x900,Intel Core i5 1.6GHz,8,128GB Flash Storage,Intel HD Graphics 6000,Mac OS X,1.35,204941.52000000002,1.6,128,0,0,0,1440.0,900.0,Intel
Dell,Notebook,15.6,Full HD 1920x1080,Intel Core i5 8250U 1.6GHz,8,256GB SSD,AMD Radeon 530,Windows 10,2.2,149184.0,1.6,256,0,0,0,1920.0,1080.0,AMD
Dell,Ultrabook,15.6,Full HD 1920x1080,Intel Core i7 8650U 1.9GHz,8,256GB SSD +  256GB SSD,Intel UHD Graphics 620,Windows 10,1.88,242051.04,1.9,256,0,0,0,1920.0,1080.0,Intel
HP,Notebook,17.3,Full HD 1920x1080,Intel Core i5 8250U 1.6GHz,8,1TB HDD,Nvidia GeForce 930MX,Windows 10,2.5,167086.08,1.6,0,1000,0,0,1920.0,1080.0,Nvidia
Chuwi,Notebook,15.6,Full HD 1920x1080,Intel Atom x5-Z8300 1.44GHz,4,64GB Flash Storage,Intel HD Graphics,Windows 10,1.89,45685.735199999996,1.44,64,0,0,0,1920.0,1080.0,Intel
Asus,Notebook,14.0,1366x768,AMD E-Series E2-6110 1.5GHz,2,32GB Flash Storage,AMD Radeon R2,Windows 10,1.65,37109.52,1.5,32,0,0,0,1366.0,768.0,AMD
HP,Notebook,17.3,Full HD 1920x1080,AMD A6-Series 9220 2.5GHz,4,500GB HDD,AMD Radeon 530,Windows 10,2.71,81864.72,2.5,0,500,0,0,1920.0,1080.0,AMD
Dell,Ultrabook,13.3,Touchscreen / Quad HD+ 3200x1800,Intel Core i7 8550U 1.8GHz,16,512GB SSD,Intel UHD Graphics 620,Windows 10,1.2,348531.12,1.8,512,0,1,0,3200.0,1800.0,Intel
Apple,Ultrabook,13.3,1440x900,Intel Core i5 1.6GHz,8,256GB Flash Storage,Intel HD Graphics 6000,Mac OS X,1.35,186107.04,1.6,256,0,0,0,1440.0,900.0,Intel
Lenovo,Notebook,14.0,1366x768,Intel Celeron Dual Core N3350 1.1GHz,4,64GB Flash Storage,Intel HD Graphics 500,Windows 10,1.44,46433.52,1.1,64,0,0,0,1366.0,768.0,Intel
Acer,Notebook,15.6,1366x768,Intel Core i3 7130U 2.7GHz,4,1TB HDD,Intel HD Graphics 620,Linux,2.1,68438.15999999999,2.7,0,1000,0,0,1366.0,768.0,Intel
Dell,Notebook,17.3,IPS Panel Full HD 1920x1080,Intel Core i5 8250U 1.6GHz,8,128GB SSD +  1TB HDD,AMD Radeon 530,Windows 10,2.8,182563.92,1.6,128000,0,0,1,1920.0,1080.0,AMD
HP,Notebook,15.6,1366x768,Intel Core i5 7200U 2.5GHz,4,1TB HDD,Intel HD Graphics 620,Windows 10,1.86,91130.9112,2.5,0,1000,0,0,1366.0,768.0,Intel
HP,Notebook,15.6,Full HD 1920x1080,Intel Core i5 8250U 1.6GHz,8,256GB SSD,Nvidia GeForce 930MX ,Windows 10,2.1,163915.92,1.6,256,0,0,0,1920.0,1080.0,Nvidia
Asus,Notebook,15.6,Full HD 1920x1080,Intel Core i3 6006U 2GHz,4,1TB HDD,Intel HD Graphics 620,Linux,2.0,72540.72,2.0,0,1000,0,0,1920.0,1080.0,Intel
Dell,Gaming,15.6,IPS Panel Full HD 1920x1080,Intel Core i7 7700HQ 2.8GHz,16,256GB SSD +  1TB HDD,Nvidia GeForce GTX 1060,Windows 10,2.65,279533.52,2.8,256000,0,0,1,1920.0,1080.0,Nvidia
Asus,Notebook,15.6,1366x768,Intel Core i5 7200U 2.5GHz,8,1TB HDD,Nvidia GeForce 940MX,Linux,2.3,97527.1752,2.5,0,1000,0,0,1366.0,768.0,Nvidia
Acer,Notebook,15.6,IPS Panel Full HD 1920x1080,Intel Core i5 8250U 1.6GHz,4,256GB SSD,Intel UHD Graphics 620,Windows 10,2.2,127179.36,1.6,256,0,0,1,1920.0,1080.0,Intel
Dell,2 in 1 Convertible,17.3,Full HD / Touchscreen 1920x1080,Intel Core i5 8250U 1.6GHz,12,1TB HDD,Nvidia GeForce 150MX,Windows 10,2.77,186293.52000000002,1.6,0,1000,1,0,1920.0,1080.0,Nvidia
Apple,Ultrabook,13.3,IPS Panel Retina Display 2560x1600,Intel Core i5 2.0GHz,8,256GB SSD,Intel Iris Graphics 540,macOS,1.37,264615.12,2.0,256,0,0,1,2560.0,1600.0,Intel
Lenovo,Notebook,15.6,1366x768,Intel Core i3 6006U 2GHz,4,128GB SSD,Intel HD Graphics 520,No OS,2.2,68811.12,2.0,128,0,0,0,1366.0,768.0,Intel
Asus,Gaming,17.3,Full HD 1920x1080,AMD Ryzen 1700 3GHz,8,256GB SSD +  1TB HDD,AMD Radeon RX 580,Windows 10,3.2,242237.52000000002,3.0,256000,0,0,0,1920.0,1080.0,AMD
Dell,Notebook,15.6,Full HD 1920x1080,Intel Core i5 7200U 2.5GHz,4,256GB SSD,AMD Radeon R5 M430,Windows 10,2.3,119160.72,2.5,256,0,0,0,1920.0,1080.0,AMD
Asus,Notebook,17.3,1366x768,Intel Pentium Quad Core N4200 1.1GHz,4,1TB HDD,Nvidia GeForce 920MX,Windows 10,2.8,86899.68,1.1,0,1000,0,0,1366.0,768.0,Nvidia
Lenovo,2 in 1 Convertible,10.1,IPS Panel Touchscreen 1920x1200,Intel Atom x5-Z8550 1.44GHz,4,64GB Flash Storage,Intel HD Graphics 400,Android,0.69,59487.119999999995,1.44,64,0,1,1,1920.0,1200.0,Intel
Acer,Notebook,15.6,IPS Panel Full HD 1920x1080,Intel Core i7 8550U 1.8GHz,8,256GB SSD,Nvidia GeForce MX150,Windows 10,2.2,156829.68000000002,1.8,256,0,0,1,1920.0,1080.0,Nvidia
HP,Notebook,15.6,Full HD 1920x1080,AMD A6-Series 9220 2.5GHz,4,256GB SSD,AMD Radeon R4 Graphics,Windows 10,1.86,74310.4152,2.5,256,0,0,0,1920.0,1080.0,AMD
HP,Notebook,13.3,Full HD 1920x1080,Intel Core i7 8550U 1.8GHz,8,512GB SSD,Intel UHD Graphics 620,Windows 10,1.49,205687.44,1.8,512,0,0,0,1920.0,1080.0,Intel
Acer,Notebook,15.6,1366x768,Intel Core i3 7100U 2.4GHz,4,1TB HDD,Intel HD Graphics 620,Windows 10,2.4,71608.32,2.4,0,1000,0,0,1366.0,768.0,Intel
Dell,Notebook,15.6,Full HD 1920x1080,Intel Core i7 8550U 1.8GHz,8,256GB SSD,AMD Radeon 520,Windows 10,2.13,143179.34399999998,1.8,256,0,0,0,1920.0,1080.0,AMD
HP,Notebook,15.6,Full HD 1920x1080,Intel Core i3 6006U 2GHz,4,128GB SSD,Intel HD Graphics 520,Windows 10,1.91,81864.72,2.0,128,0,0,0,1920.0,1080.0,Intel
Asus,Notebook,15.6,1366x768,Intel Core i5 7200U 2.5GHz,4,256GB SSD,Intel HD Graphics 620,Windows 10,2.0,109312.71120000002,2.5,256,0,0,0,1366.0,768.0,Intel
MSI,Gaming,17.3,Full HD 1920x1080,Intel Core i7 7700HQ 2.8GHz,16,256GB SSD +  2TB HDD,Nvidia GeForce GTX 1070,Windows 10,2.43,456689.52,2.8,256000,0,0,0,1920.0,1080.0,Nvidia
Asus,Notebook,15.6,Full HD 1920x1080,Intel Core i3 6006U 2GHz,4,256GB SSD,Intel HD Graphics 520,Linux,2.0,77389.2,2.0,256,0,0,0,1920.0,1080.0,Intel
Dell,Notebook,17.3,Full HD 1920x1080,Intel Core i7 8550U 1.8GHz,16,256GB SSD +  2TB HDD,AMD Radeon 530,Windows 10,2.8,242237.52000000002,1.8,256000,0,0,0,1920.0,1080.0,AMD
Dell,Ultrabook,14.0,Full HD 1920x1080,Intel Core i5 8250U 1.6GHz,8,256GB SSD,Intel UHD Graphics 620,Windows 10,1.7,163915.92,1.6,256,0,0,0,1920.0,1080.0,Intel
Lenovo,Notebook,14.0,IPS Panel Full HD 1920x1080,Intel Core i3 7130U 2.7GHz,8,256GB SSD,Intel HD Graphics 620,No OS,1.7,111701.52,2.7,256,0,0,1,1920.0,1080.0,Intel
Asus,Notebook,14.0,Full HD 1920x1080,Intel Core i5 8250U 1.6GHz,8,256GB SSD,Intel UHD Graphics 620,Windows 10,1.4,175477.68000000002,1.6,256,0,0,0,1920.0,1080.0,Intel
HP,Notebook,15.6,Full HD 1920x1080,Intel Core i5 7200U 2.5GHz,8,256GB SSD,Intel HD Graphics 620,Windows 10,1.86,128671.19999999998,2.5,256,0,0,0,1920.0,1080.0,Intel
Asus,Ultrabook,15.6,Full HD 1920x1080,Intel Core i7 7700HQ 2.8GHz,16,512GB SSD,Nvidia GeForce GTX 1050 Ti,Windows 10,1.8,369789.84,2.8,512,0,0,0,1920.0,1080.0,Nvidia
HP,Notebook,15.6,1366x768,Intel Core i3 6006U 2GHz,4,500GB HDD,AMD Radeon 520,Windows 10,1.86,81806.9112,2.0,0,500,0,0,1366.0,768.0,AMD
HP,Notebook,14.0,1366x768,Intel Celeron Dual Core N3060 1.6GHz,4,32GB SSD,Intel HD Graphics 400,Windows 10,1.44,42703.920000000006,1.6,32,0,0,0,1366.0,768.0,Intel
Lenovo,Notebook,15.6,Full HD 1920x1080,Intel Core i5 7200U 2.5GHz,4,1TB HDD,Intel HD Graphics 620,Windows 10,1.9,102377.52,2.5,0,1000,0,0,1920.0,1080.0,Intel
Asus,Gaming,17.3,Full HD 1920x1080,Intel Core i7 7700HQ 2.8GHz,12,1TB HDD,Nvidia GeForce GTX 1050 Ti,Linux,3.0,176969.52000000002,2.8,0,1000,0,0,1920.0,1080.0,Nvidia
Microsoft,Ultrabook,13.5,Touchscreen 2256x1504,Intel Core i5 7200U 2.5GHz,4,128GB SSD,Intel HD Graphics 620,Windows 10 S,1.252,203076.72,2.5,128,0,1,0,2256.0,1504.0,Intel
Dell,Ultrabook,13.3,IPS Panel Full HD 1920x1080,Intel Core i7 8550U 1.8GHz,8,256GB SSD,AMD Radeon 530,Windows 10,1.4,178088.4,1.8,256,0,0,1,1920.0,1080.0,AMD
Dell,Notebook,15.6,Full HD 1920x1080,Intel Core i7 8550U 1.8GHz,8,256GB SSD,AMD Radeon 530,Windows 10,2.2,162237.6,1.8,256,0,0,0,1920.0,1080.0,AMD
MSI,Gaming,17.3,Full HD 1920x1080,Intel Core i5 7300HQ 2.5GHz,8,128GB SSD +  1TB HDD,Nvidia GeForce GTX 1050,Windows 10,2.7,204195.6,2.5,128000,0,0,0,1920.0,1080.0,Nvidia
Acer,Notebook,14.0,1366x768,Intel Core i3 6006U 2GHz,8,1TB HDD,Intel HD Graphics 520,Windows 10,2.1,72540.72,2.0,0,1000,0,0,1366.0,768.0,Intel
Asus,Gaming,15.6,Full HD 1920x1080,Intel Core i7 7700HQ 2.8GHz,8,1TB HDD,Nvidia GeForce GTX 1050,Windows 10,2.2,176969.52000000002,2.8,0,1000,0,0,1920.0,1080.0,Nvidia
Lenovo,Notebook,15.6,Full HD 1920x1080,Intel Core i5 7200U 2.5GHz,8,2TB HDD,Intel HD Graphics 620,No OS,2.2,96783.12,2.5,0,2000,0,0,1920.0,1080.0,Intel
Dell,Notebook,15.6,Full HD 1920x1080,Intel Core i7 8550U 1.8GHz,8,128GB SSD +  1TB HDD,Intel UHD Graphics 620,Windows 10,2.02,159440.4,1.8,128000,0,0,0,1920.0,1080.0,Intel
Acer,Notebook,15.6,Full HD 1920x1080,Intel Core i3 7130U 2.7GHz,4,1TB HDD,Nvidia GeForce MX130,Windows 10,2.2,98834.40000000001,2.7,0,1000,0,0,1920.0,1080.0,Nvidia
HP,Notebook,17.3,Full HD 1920x1080,Intel Core i5 8250U 1.6GHz,8,128GB SSD +  1TB HDD,Nvidia GeForce 930MX,Windows 10,2.5,182190.96,1.6,128000,0,0,0,1920.0,1080.0,Nvidia
Dell,Ultrabook,15.6,IPS Panel Full HD 1920x1080,Intel Core i5 8250U 1.6GHz,8,256GB SSD,Intel UHD Graphics 620,Windows 10,1.88,204411.91679999998,1.6,256,0,0,1,1920.0,1080.0,Intel
Apple,Ultrabook,12.0,IPS Panel Retina Display 2304x1440,Intel Core i5 1.3GHz,8,512GB SSD,Intel HD Graphics 615,macOS,0.92,281584.8,1.3,512,0,0,1,2304.0,1440.0,Intel
HP,Notebook,14.0,Full HD 1920x1080,Intel Core i5 8250U 1.6GHz,8,256GB SSD,Intel HD Graphics 620,Windows 10,1.63,160372.80000000002,1.6,256,0,0,0,1920.0,1080.0,Intel
Lenovo,Notebook,15.6,Full HD 1920x1080,AMD A6-Series 9220 2.5GHz,4,128GB SSD,AMD R4 Graphics,Windows 10,2.2,74405.52,2.5,128,0,0,0,1920.0,1080.0,AMD
Acer,Notebook,15.6,1366x768,AMD A9-Series 9420 3GHz,4,1TB HDD,AMD Radeon R5,Windows 10,2.1,73659.59999999999,3.0,0,1000,0,0,1366.0,768.0,AMD
Dell,Gaming,15.6,IPS Panel Full HD 1920x1080,Intel Core i7 7700HQ 2.8GHz,16,128GB SSD +  1TB HDD,Nvidia GeForce GTX 1050 Ti,Windows 10,2.65,251561.52000000002,2.8,128000,0,0,1,1920.0,1080.0,Nvidia
HP,Ultrabook,15.6,IPS Panel Full HD 1920x1080,Intel Core i7 8550U 1.8GHz,8,256GB SSD,Nvidia GeForce GTX 940MX,Windows 10,1.83,130349.52,1.8,256,0,0,1,1920.0,1080.0,Nvidia
HP,Notebook,15.6,Full HD 1920x1080,Intel Core i5 7200U 2.5GHz,8,256GB SSD,Intel HD Graphics 620,Windows 10,1.96,111699.65520000001,2.5,256,0,0,0,1920.0,1080.0,Intel
Asus,Gaming,15.6,IPS Panel Full HD 1920x1080,Intel Core i7 7700HQ 2.8GHz,16,128GB SSD +  1TB HDD,Nvidia GeForce GTX 1060,Windows 10,2.2,270209.52,2.8,128000,0,0,1,1920.0,1080.0,Nvidia
Dell,Ultrabook,13.3,IPS Panel Full HD 1920x1080,Intel Core i7 8550U 1.8GHz,8,256GB SSD,Intel UHD Graphics 620,Windows 10,1.21,307505.52,1.8,256,0,0,1,1920.0,1080.0,Intel
Asus,Gaming,15.6,Full HD 1920x1080,AMD FX 9830P 3GHz,8,1TB HDD,AMD Radeon RX 560,Windows 10,2.45,130349.52,3.0,0,1000,0,0,1920.0,1080.0,AMD
Acer,Notebook,15.6,Full HD 1920x1080,Intel Core i7 8550U 1.8GHz,8,1TB HDD,Nvidia GeForce MX150,Windows 10,2.2,128484.72,1.8,0,1000,0,0,1920.0,1080.0,Nvidia
HP,Notebook,13.3,Full HD 1920x1080,Intel Core i7 8550U 1.8GHz,16,512GB SSD,Intel UHD Graphics 620,Windows 10,1.49,223216.56,1.8,512,0,0,0,1920.0,1080.0,Intel
Dell,Gaming,15.6,Full HD 1920x1080,Intel Core i5 7300HQ 2.5GHz,8,256GB SSD,Nvidia GeForce GTX 1060,Windows 10,2.65,222843.6,2.5,256,0,0,0,1920.0,1080.0,Nvidia
Asus,Ultrabook,14.0,Full HD 1920x1080,Intel Core i7 7500U 2.7GHz,8,256GB SSD,Intel HD Graphics 620,Windows 10,1.25,195617.52000000002,2.7,256,0,0,0,1920.0,1080.0,Intel
Acer,2 in 1 Convertible,13.3,IPS Panel Full HD / Touchscreen 1920x1080,Intel Core i5 8250U 1.6GHz,8,256GB SSD,Intel UHD Graphics 620,Windows 10,1.5,157948.56,1.6,256,0,1,1,1920.0,1080.0,Intel
Dell,Notebook,15.6,Full HD 1920x1080,Intel Core i7 7500U 2.7GHz,8,1TB HDD,AMD Radeon R5 M430,Linux,2.2,111869.352,2.7,0,1000,0,0,1920.0,1080.0,AMD
Dell,Notebook,15.6,Full HD 1920x1080,Intel Core i3 6006U 2GHz,4,256GB SSD,AMD Radeon R5 M430,Linux,2.2,90442.8,2.0,256,0,0,0,1920.0,1080.0,AMD
Asus,Notebook,15.6,Full HD 1920x1080,Intel Core i3 7100U 2.4GHz,6,256GB SSD,Nvidia GeForce 920M,Windows 10,2.0,107598.96,2.4,256,0,0,0,1920.0,1080.0,Nvidia
HP,Gaming,15.6,IPS Panel Full HD 1920x1080,Intel Core i7 7700HQ 2.8GHz,12,128GB SSD +  1TB HDD,Nvidia GeForce GTX 1050,Windows 10,2.62,232913.52000000002,2.8,128000,0,0,1,1920.0,1080.0,Nvidia
HP,Notebook,15.6,Full HD 1920x1080,Intel Core i7 7500U 2.7GHz,8,256GB SSD,AMD Radeon 530,Windows 10,1.91,134079.12,2.7,256,0,0,0,1920.0,1080.0,AMD
HP,Notebook,15.6,Full HD 1920x1080,AMD E-Series E2-9000e 1.5GHz,4,500GB HDD,AMD Radeon R2,Windows 10,2.1,65081.520000000004,1.5,0,500,0,0,1920.0,1080.0,AMD
Dell,Notebook,15.6,Full HD 1920x1080,Intel Core i5 8250U 1.6GHz,8,1TB HDD,AMD Radeon 520,Linux,2.2,120652.56000000001,1.6,0,1000,0,0,1920.0,1080.0,AMD
HP,Ultrabook,13.3,IPS Panel Full HD 1920x1080,Intel Core i7 7500U 2.7GHz,8,256GB SSD,Nvidia GeForce MX150,Windows 10,1.38,208671.12,2.7,256,0,0,1,1920.0,1080.0,Nvidia
Microsoft,Ultrabook,13.5,Touchscreen 2256x1504,Intel Core i5 7200U 2.5GHz,8,256GB SSD,Intel HD Graphics 620,Windows 10 S,1.252,249883.19999999998,2.5,256,0,1,0,2256.0,1504.0,Intel
HP,Notebook,14.0,IPS Panel Full HD 1920x1080,Intel Core i5 7200U 2.5GHz,6,256GB SSD,Nvidia GeForce 940MX,Windows 10,1.58,122890.31999999999,2.5,256,0,0,1,1920.0,1080.0,Nvidia
Lenovo,Notebook,15.6,Full HD 1920x1080,Intel Core i3 6006U 2GHz,4,1TB HDD,Intel HD Graphics 520,Windows 10,1.85,77370.552,2.0,0,1000,0,0,1920.0,1080.0,Intel
Asus,Ultrabook,14.0,IPS Panel Full HD 1920x1080,Intel Core i7 7500U 2.7GHz,8,256GB SSD,Nvidia GeForce 940MX,Windows 10,1.3,222470.64,2.7,256,0,0,1,1920.0,1080.0,Nvidia
MSI,Gaming,15.6,Full HD 1920x1080,Intel Core i7 7700HQ 2.8GHz,16,256GB SSD +  1TB HDD,Nvidia GeForce GTX 1050 Ti,Windows 10,2.2,242237.52000000002,2.8,256000,0,0,0,1920.0,1080.0,Nvidia
Lenovo,Notebook,14.0,IPS Panel Full HD 1920x1080,Intel Core i7 7500U 2.7GHz,8,256GB SSD,Intel HD Graphics 620,Windows 10,1.58,275990.39999999997,2.7,256,0,0,1,1920.0,1080.0,Intel
Asus,Ultrabook,15.6,Full HD 1920x1080,Intel Core i7 8550U 1.8GHz,16,256GB SSD +  1TB HDD,Nvidia GeForce MX150,Windows 10,1.5,235337.76,1.8,256000,0,0,0,1920.0,1080.0,Nvidia
Dell,Ultrabook,13.3,Quad HD+ / Touchscreen 3200x1800,Intel Core i7 7560U 2.4GHz,8,256GB SSD,Intel Iris Plus Graphics 640,Windows 10,1.23,257155.91999999998,2.4,256,0,1,0,3200.0,1800.0,Intel
Lenovo,2 in 1 Convertible,13.3,IPS Panel Full HD / Touchscreen 1920x1080,Intel Core i5 7200U 2.5GHz,8,256GB SSD,Intel HD Graphics 620,Windows 10,1.37,260885.52000000002,2.5,256,0,1,1,1920.0,1080.0,Intel
HP,Notebook,14.0,IPS Panel 1366x768,Intel Core i5 8250U 1.6GHz,4,500GB HDD,Intel UHD Graphics 620,Windows 10,1.63,134638.56,1.6,0,500,0,1,1366.0,768.0,Intel
Dell,Ultrabook,13.3,IPS Panel Full HD 1920x1080,Intel Core i5 8250U 1.6GHz,8,256GB SSD,Intel UHD Graphics 620,Windows 10,1.21,303775.92,1.6,256,0,0,1,1920.0,1080.0,Intel
HP,2 in 1 Convertible,13.3,IPS Panel Full HD / Touchscreen 1920x1080,Intel Core i5 8250U 1.6GHz,8,256GB SSD,Intel UHD Graphics 620,Windows 10,1.26,260883.6552,1.6,256,0,1,1,1920.0,1080.0,Intel
HP,Notebook,14.0,Full HD 1920x1080,Intel Core i7 8550U 1.8GHz,8,512GB SSD,Intel UHD Graphics 620,Windows 10,1.63,202144.31999999998,1.8,512,0,0,0,1920.0,1080.0,Intel
Dell,Notebook,15.6,IPS Panel Full HD 1920x1080,Intel Core i7 8550U 1.8GHz,8,256GB SSD +  1TB HDD,Nvidia GeForce 940MX,Windows 10,2.16,210783.93839999998,1.8,256000,0,0,1,1920.0,1080.0,Nvidia
Asus,Notebook,17.3,Full HD 1920x1080,Intel Core i3 6006U 2GHz,4,1TB HDD,Nvidia GeForce 920MX,Windows 10,2.0,105174.72,2.0,0,1000,0,0,1920.0,1080.0,Nvidia
Asus,Notebook,15.6,Full HD 1920x1080,Intel Core i7 8550U 1.8GHz,8,256GB SSD,Nvidia GeForce 940MX,Windows 10,1.7,208484.64,1.8,256,0,0,0,1920.0,1080.0,Nvidia
Acer,Notebook,15.6,IPS Panel Full HD / Touchscreen 1920x1080,Intel Core i3 7100U 2.4GHz,6,1TB HDD,Intel HD Graphics 620,Windows 10,2.1,89323.92,2.4,0,1000,1,1,1920.0,1080.0,Intel
MSI,Gaming,15.6,Full HD 1920x1080,Intel Core i7 7700HQ 2.8GHz,16,256GB SSD +  2TB HDD,Nvidia GeForce GTX 1070,Windows 10,1.8,417994.92,2.8,256000,0,0,0,1920.0,1080.0,Nvidia
Lenovo,Notebook,15.6,Full HD 1920x1080,Intel Core i5 7200U 2.5GHz,8,256GB SSD,Nvidia GeForce 940MX,No OS,2.2,117295.91999999998,2.5,256,0,0,0,1920.0,1080.0,Nvidia
HP,Notebook,17.3,Full HD 1920x1080,Intel Core i7 8550U 1.8GHz,16,512GB SSD,Nvidia GeForce 930MX ,Windows 10,2.5,237016.08000000002,1.8,512,0,0,0,1920.0,1080.0,Nvidia
Acer,Notebook,15.6,1366x768,AMD A9-Series 9420 3GHz,4,256GB SSD,AMD Radeon R5,Windows 10,2.1,84102.48,3.0,256,0,0,0,1366.0,768.0,AMD
HP,Notebook,15.6,1366x768,Intel Celeron Dual Core N3060 1.6GHz,4,500GB HDD,Intel HD Graphics 400,No OS,1.86,48298.32,1.6,0,500,0,0,1366.0,768.0,Intel
HP,Notebook,14.0,Full HD 1920x1080,Intel Core i5 8250U 1.6GHz,8,1TB HDD,Intel UHD Graphics 620,Windows 10,1.63,151421.76,1.6,0,1000,0,0,1920.0,1080.0,Intel
Asus,Notebook,14.0,1366x768,AMD E-Series 6110 1.5GHz,4,64GB SSD,AMD Radeon R2,Windows 10 S,1.65,51839.5752,1.5,64,0,0,0,1366.0,768.0,AMD
Dell,Notebook,17.3,Full HD 1920x1080,Intel Core i7 8550U 1.8GHz,16,256GB SSD +  2TB HDD,AMD Radeon 530,Windows 10,2.8,260326.07999999996,1.8,256000,0,0,0,1920.0,1080.0,AMD
HP,Notebook,17.3,Full HD 1920x1080,Intel Core i5 8250U 1.6GHz,8,256GB SSD,Intel UHD Graphics 620,Windows 10,2.5,173053.44,1.6,256,0,0,0,1920.0,1080.0,Intel
Dell,Notebook,15.6,1366x768,Intel Core i5 7200U 2.5GHz,8,1TB HDD,AMD Radeon R7 M445,Windows 10,2.36,119158.85519999999,2.5,0,1000,0,0,1366.0,768.0,AMD
Dell,Notebook,15.6,Full HD 1920x1080,Intel Core i3 6006U 2GHz,4,1TB HDD,AMD Radeon R5 M430,Windows 10,2.2,83729.52,2.0,0,1000,0,0,1920.0,1080.0,AMD
Acer,Ultrabook,14.0,IPS Panel Full HD 1920x1080,Intel Core i7 8550U 1.8GHz,8,256GB SSD,Intel UHD Graphics 620,Windows 10,1.6,164848.31999999998,1.8,256,0,0,1,1920.0,1080.0,Intel
Acer,Notebook,15.6,Full HD 1920x1080,Intel Core i3 7130U 2.7GHz,4,256GB SSD,Nvidia GeForce MX130,Windows 10,2.2,106666.56,2.7,256,0,0,0,1920.0,1080.0,Nvidia
HP,Notebook,15.6,1366x768,Intel Core i7 7500U 2.7GHz,8,1TB HDD,Intel HD Graphics 620,Windows 10,2.05,111515.04,2.7,0,1000,0,0,1366.0,768.0,Intel
HP,Notebook,14.0,Full HD 1920x1080,Intel Core i7 8550U 1.8GHz,8,256GB SSD,Intel UHD Graphics 620,Windows 10,1.63,184242.24,1.8,256,0,0,0,1920.0,1080.0,Intel
Lenovo,Notebook,15.6,1366x768,Intel Celeron Dual Core N3350 1.1GHz,4,1TB HDD,Intel HD Graphics 500,No OS,1.9,47060.0928,1.1,0,1000,0,0,1366.0,768.0,Intel
Asus,Gaming,17.3,Full HD 1920x1080,Intel Core i5 7300HQ 2.5GHz,8,128GB SSD +  1TB HDD,Nvidia GeForce GTX 1050,Windows 10,3.0,174918.24,2.5,128000,0,0,0,1920.0,1080.0,Nvidia
Lenovo,Notebook,15.6,Full HD 1920x1080,Intel Core i5 7200U 2.5GHz,4,1TB HDD,Nvidia GeForce 920MX,No OS,2.2,93053.52,2.5,0,1000,0,0,1920.0,1080.0,Nvidia
HP,Notebook,13.3,IPS Panel Full HD 1920x1080,Intel Core i5 7200U 2.5GHz,4,256GB SSD,Intel HD Graphics 620,Windows 10,1.32,130349.52,2.5,256,0,0,1,1920.0,1080.0,Intel
Acer,Notebook,17.3,IPS Panel Full HD 1920x1080,Intel Core i3 7130U 2.7GHz,4,1TB HDD,Nvidia GeForce MX130,Windows 10,3.0,122144.40000000001,2.7,0,1000,0,1,1920.0,1080.0,Nvidia
Lenovo,Notebook,14.0,IPS Panel Full HD 1920x1080,Intel Core i5 8250U 1.6GHz,8,256GB SSD,AMD Radeon RX 550,Windows 10,1.75,208115.40959999998,1.6,256,0,0,1,1920.0,1080.0,AMD
Lenovo,Gaming,15.6,IPS Panel Full HD 1920x1080,Intel Core i7 7700HQ 2.8GHz,8,256GB SSD,Nvidia GeForce GTX 1050M,No OS,2.4,162051.12,2.8,256,0,0,1,1920.0,1080.0,Nvidia
Toshiba,Notebook,15.6,1366x768,Intel Core i5 6200U 2.3GHz,4,500GB HDD,Intel HD Graphics 520,Windows 10,2.1,112260.96,2.3,0,500,0,0,1366.0,768.0,Intel
HP,Notebook,15.6,1366x768,AMD A6-Series 9220 2.5GHz,4,256GB SSD,AMD Radeon R4 Graphics,Windows 10,1.86,68811.12,2.5,256,0,0,0,1366.0,768.0,AMD
Asus,Ultrabook,14.0,Full HD 1920x1080,Intel Core i7 8550U 1.8GHz,8,256GB SSD,Intel UHD Graphics 620,Windows 10,1.25,204941.52000000002,1.8,256,0,0,0,1920.0,1080.0,Intel
HP,Ultrabook,12.5,IPS Panel 4K Ultra HD / Touchscreen 3840x2160,Intel Core M 6Y75 1.2GHz,8,512GB SSD,Intel HD Graphics 515,Windows 10,0.97,375570.72,1.2,512,0,1,1,3840.0,2160.0,Intel
Asus,Notebook,15.6,Full HD 1920x1080,Intel Celeron Dual Core N3350 1.1GHz,4,1TB HDD,Intel HD Graphics 500,Windows 10,2.0,64149.119999999995,1.1,0,1000,0,0,1920.0,1080.0,Intel
MSI,Gaming,17.3,Full HD 1920x1080,Intel Core i7 7700HQ 2.8GHz,16,256GB SSD +  1TB HDD,Nvidia GeForce GTX 1070,Windows 10,2.9,378367.92,2.8,256000,0,0,0,1920.0,1080.0,Nvidia
Acer,Notebook,15.6,1366x768,Intel Core i3 6006U 2GHz,4,1TB HDD,Intel HD Graphics 520,Windows 10,2.1,83356.56,2.0,0,1000,0,0,1366.0,768.0,Intel
Dell,Gaming,15.6,Full HD 1920x1080,Intel Core i7 7700HQ 2.8GHz,16,512GB SSD,Nvidia GeForce GTX 1050,Windows 10,2.56,232962.0048,2.8,512,0,0,0,1920.0,1080.0,Nvidia
Dell,Gaming,15.6,Full HD 1920x1080,Intel Core i7 7700HQ 2.8GHz,8,1.0TB Hybrid,Nvidia GeForce GTX 1050,Windows 10,2.62,167645.52000000002,2.8,0,0,0,0,1920.0,1080.0,Nvidia
Lenovo,Notebook,15.6,1366x768,Intel Core i5 7200U 2.5GHz,4,128GB SSD,Intel HD Graphics 620,Windows 10,1.9,92867.04,2.5,128,0,0,0,1366.0,768.0,Intel
MSI,Gaming,17.3,Full HD 1920x1080,Intel Core i7 7700HQ 2.8GHz,16,256GB SSD +  1TB HDD,Nvidia GeForce GTX 1060,Windows 10,2.8,352447.2,2.8,256000,0,0,0,1920.0,1080.0,Nvidia
HP,Ultrabook,14.0,Full HD 1920x1080,Intel Core i5 7500U 2.7GHz,4,256GB SSD,Intel HD Graphics 620,Windows 10,1.48,201771.36,2.7,256,0,0,0,1920.0,1080.0,Intel
HP,Notebook,15.6,Full HD 1920x1080,Intel Core i5 8250U 1.6GHz,6,256GB SSD,AMD Radeon 520,Windows 10,1.91,115431.12,1.6,256,0,0,0,1920.0,1080.0,AMD
Lenovo,2 in 1 Convertible,14.0,IPS Panel Full HD / Touchscreen 1920x1080,Intel Core i3 7100U 2.4GHz,4,256GB SSD,Intel HD Graphics 620,Windows 10,1.74,117295.91999999998,2.4,256,0,1,1,1920.0,1080.0,Intel
Asus,2 in 1 Convertible,13.3,Full HD / Touchscreen 1920x1080,Intel Core i5 8250U 1.6GHz,8,256GB SSD,Intel HD Graphics 620,Windows 10,1.1,245221.19999999998,1.6,256,0,1,0,1920.0,1080.0,Intel
Dell,2 in 1 Convertible,15.6,Full HD / Touchscreen 1920x1080,Intel Core i7 8550U 1.8GHz,8,256GB SSD,Intel UHD Graphics 620,Windows 10,1.56,195617.52000000002,1.8,256,0,1,0,1920.0,1080.0,Intel
Toshiba,Notebook,15.6,1366x768,Intel Core i3 6006U 2.2GHz,4,500GB HDD,Intel HD Graphics 520,Windows 10,2.1,83356.56,2.2,0,500,0,0,1366.0,768.0,Intel
Asus,Notebook,15.6,1366x768,AMD A9-Series 9420 3GHz,4,1TB HDD,AMD Radeon R5 M420,Windows 10,2.03,75151.44,3.0,0,1000,0,0,1366.0,768.0,AMD
Acer,Notebook,17.3,IPS Panel Full HD 1920x1080,Intel Core i5 8250U 1.6GHz,4,256GB SSD,Nvidia GeForce MX150,Windows 10,3.0,150116.4,1.6,256,0,0,1,1920.0,1080.0,Nvidia
Dell,Notebook,15.6,Full HD 1920x1080,Intel Core i5 8250U 1.6GHz,8,256GB SSD,AMD Radeon 520,Windows 10,2.13,135757.44,1.6,256,0,0,0,1920.0,1080.0,AMD
Lenovo,Gaming,15.6,IPS Panel Full HD 1920x1080,Intel Core i7 7700HQ 2.8GHz,16,256GB SSD,Nvidia GeForce GTX 1050 Ti,Windows 10,2.5,201211.92,2.8,256,0,0,1,1920.0,1080.0,Nvidia
Acer,Notebook,15.6,1366x768,Intel Celeron Dual Core N3350 1.1GHz,4,1TB HDD,Intel HD Graphics 500,Windows 10,2.1,64895.03999999999,1.1,0,1000,0,0,1366.0,768.0,Intel
MSI,Gaming,15.6,IPS Panel Full HD 1920x1080,Intel Core i7 7700HQ 2.8GHz,16,256GB SSD +  1TB HDD,Nvidia GeForce GTX 1060,Windows 10,2.4,335477.52,2.8,256000,0,0,1,1920.0,1080.0,Nvidia
Acer,Notebook,15.6,1366x768,Intel Pentium Quad Core N4200 1.1GHz,4,1TB HDD,Intel HD Graphics 505,Windows 10,2.1,67787.34479999999,1.1,0,1000,0,0,1366.0,768.0,Intel
Dell,Gaming,15.6,Full HD 1920x1080,Intel Core i7 7700HQ 2.8GHz,8,128GB SSD +  1TB HDD,Nvidia GeForce GTX 1050,Windows 10,2.56,197760.1752,2.8,128000,0,0,0,1920.0,1080.0,Nvidia
Acer,Notebook,17.3,IPS Panel Full HD 1920x1080,Intel Core i5 8250U 1.6GHz,8,256GB SSD,Nvidia GeForce MX150,Windows 10,3.0,159253.92,1.6,256,0,0,1,1920.0,1080.0,Nvidia
HP,Notebook,13.3,IPS Panel Full HD 1920x1080,Intel Core i5 8250U 1.6GHz,4,500GB HDD,Intel UHD Graphics 620,Windows 10,1.49,140605.92,1.6,0,500,0,1,1920.0,1080.0,Intel
Huawei,Ultrabook,13.0,IPS Panel Full HD 2160x1440,Intel Core i5 7200U 2.5GHz,8,256GB SSD,Intel HD Graphics 620,Windows 10,1.05,251561.52000000002,2.5,256,0,0,1,2160.0,1440.0,Intel
HP,Notebook,17.3,IPS Panel Full HD 1920x1080,Intel Core i5 7200U 2.5GHz,6,2TB HDD,AMD Radeon 520,Windows 10,2.71,130349.52,2.5,0,2000,0,1,1920.0,1080.0,AMD
Lenovo,Notebook,15.6,1366x768,AMD A6-Series 9220 2.9GHz,4,500GB HDD,AMD Radeon R4 Graphics,No OS,2.2,57622.32,2.9,0,500,0,0,1366.0,768.0,AMD
Toshiba,Notebook,15.6,1366x768,Intel Core i3 7100U 2.4GHz,4,500GB HDD,Intel HD Graphics 620,Windows 10,2.0,91188.72,2.4,0,500,0,0,1366.0,768.0,Intel
HP,Notebook,17.3,Full HD 1920x1080,Intel Core i5 8250U 1.6GHz,8,256GB SSD,Nvidia GeForce 930MX,Windows 10,2.5,172121.04,1.6,256,0,0,0,1920.0,1080.0,Nvidia
Dell,Notebook,15.6,1366x768,Intel Core i3 7100U 2.4GHz,8,1TB HDD,Intel HD Graphics 620,Windows 10,2.3,85594.32,2.4,0,1000,0,0,1366.0,768.0,Intel
Acer,Notebook,15.6,1366x768,Intel Core i3 6006U 2GHz,4,128GB SSD,Intel HD Graphics 520,Windows 10,2.1,83729.52,2.0,128,0,0,0,1366.0,768.0,Intel
MSI,Gaming,18.4,Full HD 1920x1080,Intel Core i7 6920HQ 2.9GHz,32,512GB SSD +  1TB HDD,Nvidia GTX 980 SLI,Windows 10,4.4,521957.52,2.9,512000,0,0,0,1920.0,1080.0,Nvidia
Lenovo,Notebook,15.6,Full HD 1920x1080,Intel Core i5 7200U 2.5GHz,8,128GB SSD +  1TB HDD,AMD R17M-M1-70,Windows 10,1.9,151608.24,2.5,128000,0,0,0,1920.0,1080.0,AMD
HP,2 in 1 Convertible,13.3,IPS Panel 4K Ultra HD / Touchscreen 3840x2160,Intel Core i5 8250U 1.6GHz,8,256GB SSD,Intel UHD Graphics 620,Windows 10,1.29,279533.52,1.6,256,0,1,1,3840.0,2160.0,Intel
Dell,Notebook,15.6,Full HD 1920x1080,Intel Core i7 8550U 1.8GHz,16,256GB SSD +  2TB HDD,AMD Radeon 530,Linux,2.02,195617.52000000002,1.8,256000,0,0,0,1920.0,1080.0,AMD
Dell,Ultrabook,13.3,Full HD 1920x1080,Intel Core i5 8250U 1.6GHz,8,256GB SSD,Intel UHD Graphics 620,Windows 10,1.23,260885.52000000002,1.6,256,0,0,0,1920.0,1080.0,Intel
Lenovo,2 in 1 Convertible,13.9,IPS Panel 4K Ultra HD / Touchscreen 3840x2160,Intel Core i7 8550U 1.8GHz,16,512GB SSD,Intel UHD Graphics 620,Windows 10,1.4,344801.52,1.8,512,0,1,1,3840.0,2160.0,Intel
Toshiba,Notebook,15.6,1366x768,Intel Core i5 7200U 2.5GHz,8,128GB SSD,Intel HD Graphics 620,Windows 10,2.0,147878.64,2.5,128,0,0,0,1366.0,768.0,Intel
Xiaomi,Notebook,15.6,IPS Panel Full HD 1920x1080,Intel Core i5 8250U 1.6GHz,8,256GB SSD,Nvidia GeForce MX150,No OS,1.95,223589.52000000002,1.6,256,0,0,1,1920.0,1080.0,Nvidia
Dell,Notebook,17.3,Full HD / Touchscreen 1920x1080,Intel Core i7 8550U 1.8GHz,16,512GB SSD,Nvidia GeForce 150MX,Windows 10,2.77,288857.52,1.8,512,0,1,0,1920.0,1080.0,Nvidia
Dell,Notebook,15.6,4K Ultra HD / Touchscreen 3840x2160,Intel Core i7 7700HQ 2.8GHz,16,512GB SSD,Nvidia GeForce GTX 1050,Windows 10,2.06,446992.56,2.8,512,0,1,0,3840.0,2160.0,Nvidia
Lenovo,Gaming,15.6,IPS Panel Full HD 1920x1080,Intel Core i5 7300HQ 2.5GHz,8,256GB SSD,Nvidia GeForce GTX 1050,No OS,2.4,145267.92,2.5,256,0,0,1,1920.0,1080.0,Nvidia
Acer,Ultrabook,13.3,IPS Panel Full HD 1920x1080,Intel Core i5 7Y54 1.2GHz,8,256GB SSD,Intel HD Graphics 615,Windows 10,1.12,184428.72,1.2,256,0,0,1,1920.0,1080.0,Intel
Dell,Notebook,17.3,Full HD 1920x1080,Intel Core i7 8550U 1.8GHz,8,128GB SSD +  1TB HDD,AMD Radeon 530,Windows 10,2.8,202330.80000000002,1.8,128000,0,0,0,1920.0,1080.0,AMD
Lenovo,2 in 1 Convertible,14.0,Touchscreen 2560x1440,Intel Core i7 7500U 2.7GHz,16,1TB SSD,Intel HD Graphics 620,Windows 10,1.42,526619.52,2.7,1000,0,1,0,2560.0,1440.0,Intel
Vero,Notebook,14.0,IPS Panel Full HD 1920x1080,Intel Celeron Dual Core N3350 1.1GHz,4,32GB Flash Storage,Intel HD Graphics 500,Windows 10,1.3,48484.799999999996,1.1,32,0,0,1,1920.0,1080.0,Intel
Xiaomi,Ultrabook,13.3,IPS Panel Full HD 1920x1080,Intel Core i5 7200U 2.5GHz,8,256GB SSD,Nvidia GeForce MX150,No OS,1.3,186461.35199999996,2.5,256,0,0,1,1920.0,1080.0,Nvidia
Lenovo,Notebook,17.3,1600x900,Intel Core i5 8250U 1.6GHz,8,256GB SSD,Nvidia GeForce MX150,No OS,2.8,130163.04000000001,1.6,256,0,0,0,1600.0,900.0,Nvidia
Dell,2 in 1 Convertible,13.3,IPS Panel Full HD / Touchscreen 1920x1080,Intel Core i7 8550U 1.8GHz,8,1TB HDD,Intel UHD Graphics 620,Windows 10,1.62,156456.72,1.8,0,1000,1,1,1920.0,1080.0,Intel
HP,Notebook,17.3,IPS Panel Full HD 1920x1080,Intel Core i5 8250U 1.6GHz,8,1TB HDD,Nvidia GeForce 930MX,Windows 10,2.5,170442.72,1.6,0,1000,0,1,1920.0,1080.0,Nvidia
Razer,Gaming,17.3,4K Ultra HD / Touchscreen 3840x2160,Intel Core i7 7820HK 2.9GHz,32,1TB SSD,Nvidia GeForce GTX 1080,Windows 10,3.49,1137341.52,2.9,1000,0,1,0,3840.0,2160.0,Nvidia
HP,Notebook,13.3,Full HD 1920x1080,Intel Core i5 8250U 1.6GHz,8,512GB SSD,Intel UHD Graphics 620,Windows 10,1.49,178834.31999999998,1.6,512,0,0,0,1920.0,1080.0,Intel
HP,Gaming,17.3,IPS Panel Full HD 1920x1080,Intel Core i7 7700HQ 2.8GHz,16,256GB SSD +  1TB HDD,Nvidia GeForce GTX 1050,Windows 10,3.35,257155.91999999998,2.8,256000,0,0,1,1920.0,1080.0,Nvidia
HP,Notebook,17.3,Full HD 1920x1080,Intel Core i7 8550U 1.8GHz,8,256GB SSD,Nvidia GeForce 930MX ,Windows 10,2.5,194871.6,1.8,256,0,0,0,1920.0,1080.0,Nvidia
Dell,Gaming,15.6,IPS Panel 4K Ultra HD 3840x2160,Intel Core i7 7700HQ 2.8GHz,16,512GB SSD +  1TB HDD,Nvidia GeForce GTX 1060,Windows 10,2.65,344055.60000000003,2.8,512000,0,0,1,3840.0,2160.0,Nvidia
Lenovo,Notebook,15.6,1366x768,Intel Core i5 6200U 2.3GHz,4,128GB SSD,Intel HD Graphics 520,Windows 10,2.1,91934.64,2.3,128,0,0,0,1366.0,768.0,Intel
Acer,Notebook,15.6,Full HD 1920x1080,Intel Core i7 7500U 2.7GHz,8,1TB HDD,Nvidia GeForce 940MX,Windows 10,2.23,138368.16,2.7,0,1000,0,0,1920.0,1080.0,Nvidia
Lenovo,Gaming,15.6,IPS Panel Full HD 1920x1080,Intel Core i7 7700HQ 2.8GHz,16,512GB SSD +  1TB HDD,Nvidia GeForce GTX 1060,Windows 10,3.2,326153.52,2.8,512000,0,0,1,1920.0,1080.0,Nvidia
Dell,Workstation,15.6,4K Ultra HD 3840x2160,Intel Xeon E3-1505M V6 3GHz,16,256GB SSD +  1TB HDD,Nvidia Quadro M1200,Windows 10,2.8,569696.4,3.0,256000,0,0,0,3840.0,2160.0,Nvidia
Lenovo,Gaming,15.6,Full HD 1920x1080,Intel Core i7 7700HQ 2.8GHz,16,512GB SSD,Nvidia GeForce GTX 1060,No OS,2.4,260699.04,2.8,512,0,0,0,1920.0,1080.0,Nvidia
Dell,Notebook,15.6,Touchscreen 1366x768,Intel Core i3 7100U 2.4GHz,6,1TB HDD,Intel HD Graphics 620,Windows 10,2.3,81864.72,2.4,0,1000,1,0,1366.0,768.0,Intel
Dell,Ultrabook,13.3,IPS Panel 4K Ultra HD / Touchscreen 3840x2160,Intel Core i7 8550U 1.8GHz,8,256GB SSD,Intel UHD Graphics 620,Windows 10,1.21,363449.52,1.8,256,0,1,1,3840.0,2160.0,Intel
Dell,Ultrabook,13.3,Full HD 1920x1080,Intel Core i7 8550U 1.8GHz,8,256GB SSD,Intel UHD Graphics 620,Windows 10,1.2,270209.52,1.8,256,0,0,0,1920.0,1080.0,Intel
Lenovo,Notebook,15.6,1366x768,Intel Core i5 7200U 2.5GHz,8,256GB SSD,Intel HD Graphics 620,Windows 10,2.2,111328.56,2.5,256,0,0,0,1366.0,768.0,Intel
Acer,Notebook,15.6,Full HD 1920x1080,Intel Core i7 7700HQ 2.8GHz,8,1TB HDD,Nvidia GeForce GTX 1050,Linux,2.4,145267.92,2.8,0,1000,0,0,1920.0,1080.0,Nvidia
Asus,Gaming,17.3,Full HD 1920x1080,Intel Core i7 7700HQ 2.8GHz,16,256GB SSD +  1TB HDD,Nvidia GeForce GTX 1050,Windows 10,2.9,262377.36,2.8,256000,0,0,0,1920.0,1080.0,Nvidia
HP,Notebook,15.6,Full HD 1920x1080,Intel Core i3 6006U 2GHz,4,500GB HDD,Intel HD Graphics 520,No OS,2.1,65081.520000000004,2.0,0,500,0,0,1920.0,1080.0,Intel
Lenovo,Notebook,15.6,Full HD 1920x1080,Intel Core i5 7200U 2.5GHz,8,256GB SSD,Intel HD Graphics 620,No OS,2.2,102377.52,2.5,256,0,0,0,1920.0,1080.0,Intel
Huawei,Ultrabook,13.0,IPS Panel Full HD 2160x1440,Intel Core i7 7500U 2.7GHz,8,512GB SSD,Intel HD Graphics 620,Windows 10,1.05,279533.52,2.7,512,0,0,1,2160.0,1440.0,Intel
Dell,Ultrabook,13.3,IPS Panel Full HD 1920x1080,Intel Core i7 8550U 1.8GHz,8,256GB SSD,AMD Radeon 530,Windows 10,1.4,173776.9824,1.8,256,0,0,1,1920.0,1080.0,AMD
Lenovo,Notebook,17.3,1600x900,Intel Core i5 7200U 2.5GHz,8,1TB HDD,Nvidia GeForce GTX 940MX,No OS,2.8,109836.72,2.5,0,1000,0,0,1600.0,900.0,Nvidia
HP,Notebook,14.0,Full HD 1920x1080,Intel Core i7 8550U 1.8GHz,8,256GB SSD,Nvidia GeForce 930MX,Windows 10,1.63,192260.88,1.8,256,0,0,0,1920.0,1080.0,Nvidia
Dell,Ultrabook,14.0,Full HD 1920x1080,Intel Core i5 8250U 1.6GHz,8,256GB SSD,Intel UHD Graphics 620,Windows 10,1.6,214265.52000000002,1.6,256,0,0,0,1920.0,1080.0,Intel
Dell,2 in 1 Convertible,13.3,Full HD / Touchscreen 1920x1080,Intel Core i7 8550U 1.8GHz,16,512GB SSD,Intel UHD Graphics 620,Windows 10,1.62,238507.91999999998,1.8,512,0,1,0,1920.0,1080.0,Intel
Dell,Notebook,15.6,Full HD 1920x1080,Intel Core i5 8250U 1.6GHz,8,256GB SSD,AMD Radeon 520,Linux,2.2,126312.228,1.6,256,0,0,0,1920.0,1080.0,AMD
Lenovo,2 in 1 Convertible,14.0,IPS Panel Full HD 1920x1080,Intel Core i5 8250U 1.6GHz,8,256GB SSD,Intel UHD Graphics 620,Windows 10,1.74,167645.52000000002,1.6,256,0,0,1,1920.0,1080.0,Intel
Toshiba,Ultrabook,13.3,Full HD 1920x1080,Intel Core i7 6500U 2.5GHz,8,256GB SSD,Intel HD Graphics 520,Windows 10,1.2,254172.24,2.5,256,0,0,0,1920.0,1080.0,Intel
HP,Notebook,15.6,Full HD 1920x1080,Intel Core i5 8250U 1.6GHz,8,1TB HDD,Intel UHD Graphics 620,Windows 10,2.1,148065.12,1.6,0,1000,0,0,1920.0,1080.0,Intel
Dell,Gaming,17.3,IPS Panel Full HD 1920x1080,Intel Core i7 7700HQ 2.8GHz,16,256GB SSD +  1TB HDD,Nvidia GeForce GTX 1060,Windows 10,4.42,458058.28319999995,2.8,256000,0,0,1,1920.0,1080.0,Nvidia
Acer,Notebook,15.6,Full HD 1920x1080,Intel Core i7 7500U 2.7GHz,8,256GB SSD,Nvidia GeForce 940MX,Windows 10,2.2,155151.36,2.7,256,0,0,0,1920.0,1080.0,Nvidia
Dell,Notebook,15.6,Full HD / Touchscreen 1920x1080,Intel Core i7 7500U 2.7GHz,16,1TB HDD,AMD Radeon R7 M445,Windows 10,2.3,160188.1848,2.7,0,1000,1,0,1920.0,1080.0,AMD
Asus,Notebook,15.6,Full HD 1920x1080,Intel Core i5 7200U 2.5GHz,8,256GB SSD,Nvidia GeForce 920MX ,Windows 10,2.0,143403.12,2.5,256,0,0,0,1920.0,1080.0,Nvidia
Asus,Notebook,17.3,Full HD 1920x1080,Intel Core i5 7200U 2.5GHz,8,256GB SSD +  500GB HDD,Nvidia GeForce GTX 950M,Windows 10,2.69,166153.68000000002,2.5,256,0,0,0,1920.0,1080.0,Nvidia
HP,Notebook,15.6,Full HD 1920x1080,Intel Core i7 7500U 2.7GHz,8,1TB HDD,AMD FirePro W4190M ,Windows 10,1.9,236643.11999999997,2.7,0,1000,0,0,1920.0,1080.0,AMD
Asus,Notebook,15.6,1366x768,Intel Core i3 7100U 2.4GHz,4,1TB HDD,Intel HD Graphics 620,Windows 10,2.37,74403.65520000001,2.4,0,1000,0,0,1366.0,768.0,Intel
HP,Notebook,15.6,1366x768,AMD E-Series 9000e 1.5GHz,4,500GB HDD,AMD Radeon R2,Windows 10,2.1,61538.399999999994,1.5,0,500,0,0,1366.0,768.0,AMD
Lenovo,Gaming,15.6,IPS Panel Full HD 1920x1080,Intel Core i7 7700HQ 2.8GHz,16,256GB SSD +  1TB HDD,Nvidia GeForce GTX 1060,Windows 10,3.2,279533.52,2.8,256000,0,0,1,1920.0,1080.0,Nvidia
Dell,Notebook,14.0,Full HD 1920x1080,Intel Core i5 7200U 2.5GHz,8,256GB SSD,Intel HD Graphics 620,Windows 10,1.6,160186.31999999998,2.5,256,0,0,0,1920.0,1080.0,Intel
Acer,2 in 1 Convertible,13.3,IPS Panel Full HD / Touchscreen 1920x1080,Intel Core i5 6200U 2.3GHz,8,256GB SSD,Intel HD Graphics 520,Windows 10,1.6,128484.72,2.3,256,0,1,1,1920.0,1080.0,Intel
Dell,Notebook,15.6,Full HD 1920x1080,Intel Core i7 7500U 2.7GHz,16,256GB SSD,AMD Radeon R7 M445,Linux,2.36,167645.52000000002,2.7,256,0,0,0,1920.0,1080.0,AMD
Acer,Notebook,15.6,1366x768,Intel Core i3 6006U 2GHz,4,1TB HDD,Intel HD Graphics 520,Linux,2.1,72727.2,2.0,0,1000,0,0,1366.0,768.0,Intel
Asus,Notebook,15.6,Full HD 1920x1080,AMD A10-Series A10-9620P 2.5GHz,4,128GB SSD +  1TB HDD,AMD Radeon R5 M430,Windows 10,2.2,107226.0,2.5,128000,0,0,0,1920.0,1080.0,AMD
Asus,Gaming,17.3,Full HD 1920x1080,Intel Core i7 7820HK 2.9GHz,32,512GB SSD +  1TB HDD,Nvidia GeForce GTX 1080,Windows 10,4.7,725407.2000000001,2.9,512000,0,0,0,1920.0,1080.0,Nvidia
Acer,Gaming,15.6,IPS Panel Full HD 1920x1080,Intel Core i5 7300HQ 2.5GHz,8,256GB SSD,Nvidia GeForce GTX 1050,Windows 10,2.5,157762.08,2.5,256,0,0,1,1920.0,1080.0,Nvidia
Lenovo,Notebook,15.6,1366x768,Intel Core i3 6006U 2GHz,8,128GB SSD,Intel HD Graphics 520,Windows 10,2.2,109836.72,2.0,128,0,0,0,1366.0,768.0,Intel
Asus,Notebook,17.3,Full HD 1920x1080,Intel Core i7 8550U 1.8GHz,8,128GB SSD +  1TB HDD,Nvidia GeForce 150MX,Windows 10,2.1,213519.6,1.8,128000,0,0,0,1920.0,1080.0,Nvidia
Asus,Notebook,17.3,Full HD 1920x1080,Intel Core i7 7500U 2.7GHz,8,128GB SSD +  1TB HDD,Nvidia GeForce GTX 950M,No OS,2.69,165780.72,2.7,128000,0,0,0,1920.0,1080.0,Nvidia
Dell,Gaming,15.6,Full HD 1920x1080,Intel Core i5 7300HQ 2.5GHz,8,256GB SSD,Nvidia GeForce GTX 1050,Windows 10,2.56,163915.92,2.5,256,0,0,0,1920.0,1080.0,Nvidia
Lenovo,2 in 1 Convertible,13.9,IPS Panel Full HD / Touchscreen 1920x1080,Intel Core i7 7500U 2.7GHz,8,256GB SSD,Intel HD Graphics 620,Windows 10,1.38,201211.92,2.7,256,0,1,1,1920.0,1080.0,Intel
Dell,Notebook,15.6,Full HD 1920x1080,Intel Core i7 8550U 1.8GHz,8,128GB SSD +  2TB HDD,AMD Radeon 530,Windows 10,2.2,183682.80000000002,1.8,128000,0,0,0,1920.0,1080.0,AMD
HP,Notebook,15.6,Touchscreen 1366x768,Intel Core i5 7200U 2.5GHz,8,1TB HDD,Intel HD Graphics 620,Windows 10,2.04,104242.32,2.5,0,1000,1,0,1366.0,768.0,Intel
Asus,Gaming,17.3,Full HD 1920x1080,Intel Core i7 7820HK 2.9GHz,16,256GB SSD,Nvidia GeForce GTX 1080,Windows 10,3.6,559253.52,2.9,256,0,0,0,1920.0,1080.0,Nvidia
HP,Notebook,13.3,IPS Panel Full HD 1920x1080,Intel Core i5 8250U 1.6GHz,4,500GB HDD,Intel UHD Graphics 620,Windows 10,1.49,125874.0,1.6,0,500,0,1,1920.0,1080.0,Intel
Apple,Ultrabook,13.3,IPS Panel Retina Display 2560x1600,Intel Core i5 3.1GHz,8,512GB SSD,Intel Iris Plus Graphics 650,macOS,1.37,380419.2,3.1,512,0,0,1,2560.0,1600.0,Intel
Dell,2 in 1 Convertible,15.6,IPS Panel Full HD / Touchscreen 1920x1080,Intel Core i7 8550U 1.8GHz,8,1TB HDD,Intel UHD Graphics 620,Windows 10,2.08,152727.12,1.8,0,1000,1,1,1920.0,1080.0,Intel
Asus,Gaming,17.3,Full HD 1920x1080,Intel Core i7 7700HQ 2.8GHz,16,256GB SSD +  1TB HDD,Nvidia GeForce GTX 980M,Windows 10,4.3,335477.52,2.8,256000,0,0,0,1920.0,1080.0,Nvidia
Asus,Notebook,15.6,1366x768,AMD A9-Series 9420 3GHz,4,1TB HDD,AMD Radeon R5 M420,Windows 10,1.68,87459.12,3.0,0,1000,0,0,1366.0,768.0,AMD
Lenovo,2 in 1 Convertible,13.9,IPS Panel Full HD / Touchscreen 1920x1080,Intel Core i7 8550U 1.8GHz,8,512GB SSD,Intel UHD Graphics 620,Windows 10,1.37,344801.52,1.8,512,0,1,1,1920.0,1080.0,Intel
Acer,Notebook,17.3,IPS Panel Full HD 1920x1080,Intel Core i3 7130U 2.7GHz,4,256GB SSD,Nvidia GeForce MX130,Windows 10,3.0,130908.95999999999,2.7,256,0,0,1,1920.0,1080.0,Nvidia
Dell,Ultrabook,13.3,Full HD 1920x1080,Intel Core i5 8250U 1.6GHz,8,256GB SSD,Intel UHD Graphics 620,Windows 10,1.41,176969.52000000002,1.6,256,0,0,0,1920.0,1080.0,Intel
HP,Notebook,15.6,1366x768,AMD A6-Series A6-9220 2.5GHz,8,128GB SSD,AMD Radeon R4 Graphics,Windows 10,1.91,83151.432,2.5,128,0,0,0,1366.0,768.0,AMD
HP,Notebook,17.3,IPS Panel Full HD 1920x1080,Intel Core i7 8550U 1.8GHz,16,1TB HDD,Nvidia GeForce MX150,Windows 10,2.9,197482.31999999998,1.8,0,1000,0,1,1920.0,1080.0,Nvidia
MSI,Gaming,17.3,Full HD 1920x1080,Intel Core i7 7700HQ 2.8GHz,16,512GB SSD +  1TB HDD,Nvidia GeForce GTX 1070,Windows 10,4.14,466013.52,2.8,512000,0,0,0,1920.0,1080.0,Nvidia
Lenovo,2 in 1 Convertible,15.6,IPS Panel Full HD / Touchscreen 1920x1080,Intel Core i7 7700HQ 2.8GHz,8,512GB SSD,Nvidia GeForce GTX 1050M,Windows 10,2.0,316829.52,2.8,512,0,1,1,1920.0,1080.0,Nvidia
Dell,Notebook,17.3,Full HD 1920x1080,Intel Core i7 8550U 1.8GHz,8,128GB SSD +  1TB HDD,AMD Radeon 530,Windows 10,2.8,212960.16,1.8,128000,0,0,0,1920.0,1080.0,AMD
Lenovo,Notebook,15.6,Full HD 1920x1080,Intel Core i3 6006U 2GHz,4,256GB SSD,Intel HD Graphics 520,No OS,2.2,82797.12,2.0,256,0,0,0,1920.0,1080.0,Intel
HP,Notebook,15.6,IPS Panel Full HD 1920x1080,Intel Core i5 8250U 1.6GHz,4,500GB HDD,Intel HD Graphics 620,Windows 10,2.1,134638.56,1.6,0,500,0,1,1920.0,1080.0,Intel
Dell,Notebook,15.6,Full HD 1920x1080,Intel Core i5 7200U 2.5GHz,4,1TB HDD,Intel HD Graphics 620,Windows 10,2.18,122517.36,2.5,0,1000,0,0,1920.0,1080.0,Intel
Dell,Notebook,15.6,Full HD 1920x1080,Intel Core i5 7200U 2.5GHz,8,1TB HDD,AMD Radeon R5 M430,Windows 10,2.24,105361.2,2.5,0,1000,0,0,1920.0,1080.0,AMD
Dell,2 in 1 Convertible,15.6,Full HD / Touchscreen 1920x1080,Intel Core i5 8250U 1.6GHz,8,256GB SSD,Intel UHD Graphics 620,Windows 10,2.67,148997.52000000002,1.6,256,0,1,0,1920.0,1080.0,Intel
Asus,2 in 1 Convertible,13.3,Full HD / Touchscreen 1920x1080,Intel Core i7 8550U 1.8GHz,8,512GB SSD +  512GB SSD,Intel UHD Graphics 620,Windows 10,1.1,279533.52,1.8,512,0,1,0,1920.0,1080.0,Intel
Lenovo,Notebook,15.6,Full HD 1920x1080,Intel Core i5 7200U 2.5GHz,4,1TB HDD,Intel HD Graphics 620,No OS,2.2,87086.15999999999,2.5,0,1000,0,0,1920.0,1080.0,Intel
HP,Notebook,17.3,Full HD 1920x1080,Intel Core i7 8550U 1.8GHz,8,1TB HDD,Nvidia GeForce 930MX ,Windows 10,2.5,189836.64,1.8,0,1000,0,0,1920.0,1080.0,Nvidia
Lenovo,Notebook,15.6,Full HD 1920x1080,Intel Core i7 8550U 1.8GHz,8,256GB SSD,Intel UHD Graphics 620,Windows 10,2.05,164102.4,1.8,256,0,0,0,1920.0,1080.0,Intel
Apple,Ultrabook,13.3,IPS Panel Retina Display 2560x1600,Intel Core i5 2.9GHz,8,512GB SSD,Intel Iris Graphics 550,macOS,1.37,365295.67199999996,2.9,512,0,0,1,2560.0,1600.0,Intel
Asus,Gaming,17.3,Full HD 1920x1080,AMD Ryzen 1700 3GHz,16,256GB SSD +  1TB HDD,AMD Radeon RX 580,Windows 10,3.2,288857.52,3.0,256000,0,0,0,1920.0,1080.0,AMD
Dell,Notebook,15.6,Full HD 1920x1080,Intel Core i7 8550U 1.8GHz,8,256GB SSD,AMD Radeon 520,Linux,2.14,137075.8536,1.8,256,0,0,0,1920.0,1080.0,AMD
Lenovo,2 in 1 Convertible,14.0,Touchscreen 2560x1440,Intel Core i7 6600U 2.6GHz,16,512GB SSD,Intel HD Graphics 520,Windows 10,1.36,466013.52,2.6,512,0,1,0,2560.0,1440.0,Intel
Toshiba,Notebook,15.6,1366x768,Intel Core i7 6500U 2.5GHz,8,500GB HDD,Nvidia GeForce 930M,Windows 10,2.2,151421.76,2.5,0,500,0,0,1366.0,768.0,Nvidia
Dell,Notebook,15.6,1366x768,Intel Core i7 7500U 2.7GHz,12,1TB HDD,Intel HD Graphics 620,Windows 10,2.3,132973.2936,2.7,0,1000,0,0,1366.0,768.0,Intel
Dell,Notebook,17.3,Full HD 1920x1080,Intel Core i7 8550U 1.8GHz,8,128GB SSD +  1TB HDD,AMD Radeon 530,Linux,2.8,204941.52000000002,1.8,128000,0,0,0,1920.0,1080.0,AMD
Acer,Notebook,15.6,IPS Panel Full HD 1920x1080,Intel Core i7 8550U 1.8GHz,8,1TB HDD,Nvidia GeForce MX130,Windows 10,2.2,138927.6,1.8,0,1000,0,1,1920.0,1080.0,Nvidia
Lenovo,Notebook,17.3,1600x900,Intel Core i3 6006U 2GHz,4,1TB HDD,Intel HD Graphics 520,Windows 10,2.8,91188.72,2.0,0,1000,0,0,1600.0,900.0,Intel
Lenovo,Notebook,17.3,Full HD 1920x1080,Intel Core i7 8550U 1.8GHz,8,2TB HDD,Nvidia GeForce MX150,No OS,2.8,158321.52000000002,1.8,0,2000,0,0,1920.0,1080.0,Nvidia
Lenovo,Notebook,17.3,1600x900,Intel Core i7 7500U 2.7GHz,6,128GB SSD +  1TB HDD,Nvidia GeForce 940MX,Windows 10,2.8,160186.31999999998,2.7,128000,0,0,0,1600.0,900.0,Nvidia
Dell,Notebook,15.6,Full HD 1920x1080,Intel Core i3 6006U 2.0GHz,4,1TB HDD,AMD Radeon R5 M430,Linux,2.25,79813.44,2.0,0,1000,0,0,1920.0,1080.0,AMD
Lenovo,Gaming,15.6,IPS Panel Full HD 1920x1080,Intel Core i5 7300HQ 2.5GHz,8,256GB SSD,Nvidia GeForce GTX 1050,Windows 10,2.5,154591.92,2.5,256,0,0,1,1920.0,1080.0,Nvidia
Lenovo,Notebook,15.6,Full HD 1920x1080,Intel Core i5 7200U 2.5GHz,6,256GB SSD,Intel HD Graphics 620,Windows 10,2.2,107971.92,2.5,256,0,0,0,1920.0,1080.0,Intel
Acer,Notebook,15.6,IPS Panel Full HD 1920x1080,Intel Core i7 8550U 1.8GHz,8,256GB SSD,Nvidia GeForce MX150,Windows 10,3.0,177342.47999999998,1.8,256,0,0,1,1920.0,1080.0,Nvidia
Acer,Notebook,15.6,IPS Panel Full HD / Touchscreen 1920x1080,Intel Core i7 7500U 2.7GHz,12,1TB HDD,Intel HD Graphics 620,Windows 10,2.15,122890.31999999999,2.7,0,1000,1,1,1920.0,1080.0,Intel
Lenovo,Notebook,15.6,IPS Panel Full HD 1920x1080,Intel Core i7 7500U 2.7GHz,8,256GB SSD,Intel HD Graphics 630,Windows 10,1.95,204568.56,2.7,256,0,0,1,1920.0,1080.0,Intel
Asus,Ultrabook,15.6,Full HD 1920x1080,Intel Core i5 7200U 2.5GHz,8,256GB SSD,Nvidia GeForce 940MX,Windows 10,1.7,182190.96,2.5,256,0,0,0,1920.0,1080.0,Nvidia
Lenovo,Gaming,15.6,IPS Panel Full HD 1920x1080,Intel Core i7 7700HQ 2.8GHz,16,256GB SSD +  1TB HDD,Nvidia GeForce GTX 1050 Ti,Windows 10,2.5,219859.92,2.8,256000,0,0,1,1920.0,1080.0,Nvidia
Lenovo,Notebook,15.6,Full HD 1920x1080,Intel Core i7 7500U 2.7GHz,8,1TB HDD,Nvidia GeForce 940MX,No OS,2.2,122892.18479999999,2.7,0,1000,0,0,1920.0,1080.0,Nvidia
Acer,Notebook,15.6,1366x768,Intel Celeron Dual Core 3205U 1.5GHz,2,16GB SSD,Intel HD Graphics,Chrome OS,2.19,37109.52,1.5,16,0,0,0,1366.0,768.0,Intel
Asus,Gaming,17.3,Full HD 1920x1080,Intel Core i7 7700HQ 2.8GHz,8,1TB HDD,Nvidia GeForce GTX 1050,Windows 10,3.0,221351.76,2.8,0,1000,0,0,1920.0,1080.0,Nvidia
HP,Notebook,17.3,1600x900,Intel Core i3 6006U 2GHz,8,1TB HDD,Intel HD Graphics 520,Windows 10,2.54,91188.72,2.0,0,1000,0,0,1600.0,900.0,Intel
Dell,Notebook,15.6,Full HD 1920x1080,Intel Core i7 7700HQ 2.8GHz,8,256GB SSD,Nvidia GeForce GTX 1050,Windows 10,2.0,341071.92,2.8,256,0,0,0,1920.0,1080.0,Nvidia
Lenovo,Notebook,15.6,Full HD 1920x1080,Intel Core i5 8250U 1.6GHz,8,256GB SSD,Intel UHD Graphics 620,Windows 10,2.05,137808.72,1.6,256,0,0,0,1920.0,1080.0,Intel
Lenovo,Gaming,15.6,IPS Panel Full HD 1920x1080,Intel Core i7 7700HQ 2.8GHz,8,1TB HDD,Nvidia GeForce GTX 1060,Windows 10,3.2,242237.52000000002,2.8,0,1000,0,1,1920.0,1080.0,Nvidia
Acer,Notebook,15.6,Full HD 1920x1080,Intel Core i7 7700HQ 2.8GHz,8,256GB SSD,Nvidia GeForce GTX 1050 Ti,Linux,2.5,182563.92,2.8,256,0,0,0,1920.0,1080.0,Nvidia
Dell,Workstation,17.3,Full HD 1920x1080,Intel Core i7 7820HQ 2.9GHz,16,256GB SSD,Nvidia Quadro M1200,Windows 10,3.42,537968.6928000001,2.9,256,0,0,0,1920.0,1080.0,Nvidia
Lenovo,Notebook,15.6,Full HD 1920x1080,AMD A10-Series 9600P 2.4GHz,6,1TB HDD,AMD Radeon R5 430,Windows 10,2.4,93053.52,2.4,0,1000,0,0,1920.0,1080.0,AMD
Asus,Ultrabook,15.6,Full HD 1920x1080,Intel Core i7 7500U 2.7GHz,16,512GB SSD,Nvidia GeForce 940MX,Windows 10,1.63,273752.63999999996,2.7,512,0,0,0,1920.0,1080.0,Nvidia
Asus,Notebook,14.0,1366x768,Intel Core i3 7100U 2.4GHz,4,128GB SSD,Intel HD Graphics 620,Windows 10,1.3,94918.32,2.4,128,0,0,0,1366.0,768.0,Intel
Asus,Gaming,17.3,Full HD 1920x1080,Intel Core i7 7700HQ 2.8GHz,16,256GB SSD +  1TB HDD,Nvidia GeForce GTX 1070,Windows 10,2.9,395710.56,2.8,256000,0,0,0,1920.0,1080.0,Nvidia
Lenovo,Notebook,17.3,1600x900,Intel Core i5 7200U 2.5GHz,6,1TB HDD,Nvidia GeForce GTX 940M,Windows 10,2.8,121025.52,2.5,0,1000,0,0,1600.0,900.0,Nvidia
Lenovo,Notebook,15.6,1366x768,Intel Core i5 7200U 2.5GHz,8,2TB HDD,Nvidia GeForce 940MX,No OS,2.2,102377.52,2.5,0,2000,0,0,1366.0,768.0,Nvidia
Asus,Gaming,15.6,Full HD 1920x1080,Intel Core i7 7700HQ 2.8GHz,8,128GB SSD +  1TB HDD,Nvidia GeForce GTX 1050 Ti,Windows 10,2.5,235897.19999999998,2.8,128000,0,0,0,1920.0,1080.0,Nvidia
Lenovo,Notebook,15.6,1366x768,Intel Pentium Quad Core N4200 1.1GHz,4,1TB HDD,Intel HD Graphics 505,No OS,2.2,67130.93519999999,1.1,0,1000,0,0,1366.0,768.0,Intel
HP,2 in 1 Convertible,13.3,Full HD / Touchscreen 1920x1080,Intel Core i7 7600U 2.8GHz,16,256GB SSD,Intel HD Graphics 620,Windows 10,1.28,368298.0,2.8,256,0,1,0,1920.0,1080.0,Intel
Toshiba,Notebook,15.6,IPS Panel Full HD 1920x1080,Intel Core i7 6500U 2.5GHz,8,256GB SSD,Nvidia GeForce 930M,Windows 10,2.2,194498.64,2.5,256,0,0,1,1920.0,1080.0,Nvidia
Lenovo,Notebook,15.6,Full HD 1920x1080,Intel Core i5 7200U 2.5GHz,8,128GB SSD +  1TB HDD,Nvidia GeForce 940MX,Windows 10,2.3,152727.12,2.5,128000,0,0,0,1920.0,1080.0,Nvidia
HP,Notebook,15.6,Full HD 1920x1080,Intel Core i3 6006U 2GHz,4,1TB HDD,Intel HD Graphics 520,Windows 10,1.86,87459.12,2.0,0,1000,0,0,1920.0,1080.0,Intel
Lenovo,Notebook,13.3,IPS Panel Full HD 1920x1080,Intel Core i5 7200U 2.5GHz,8,256GB SSD,Intel HD Graphics 620,Windows 10,1.1,186293.52000000002,2.5,256,0,0,1,1920.0,1080.0,Intel
Dell,Ultrabook,13.3,IPS Panel 4K Ultra HD / Touchscreen 3840x2160,Intel Core i7 8550U 1.8GHz,16,1TB SSD,Intel UHD Graphics 620,Windows 10,1.21,466013.52,1.8,1000,0,1,1,3840.0,2160.0,Intel
MSI,Gaming,15.6,IPS Panel Full HD 1920x1080,Intel Core i7 7700HQ 2.8GHz,16,256GB SSD +  1TB HDD,Nvidia GeForce GTX 1070,Windows 10,2.8,391421.52,2.8,256000,0,0,1,1920.0,1080.0,Nvidia
Acer,Notebook,15.6,Full HD 1920x1080,AMD A8-Series 7410 2.2GHz,8,256GB SSD,AMD Radeon R5,Windows 10,2.23,87459.12,2.2,256,0,0,0,1920.0,1080.0,AMD
Asus,2 in 1 Convertible,11.6,Touchscreen 1366x768,Intel Celeron Dual Core N3350 1.1GHz,2,32GB Flash Storage,Intel HD Graphics 500,Windows 10,1.1,51282.0,1.1,32,0,1,0,1366.0,768.0,Intel
Dell,Notebook,15.6,Full HD 1920x1080,Intel Core i5 8250U 1.6GHz,8,128GB SSD +  1TB HDD,AMD Radeon 530,Windows 10,2.33,157389.12,1.6,128000,0,0,0,1920.0,1080.0,AMD
HP,2 in 1 Convertible,13.3,IPS Panel 4K Ultra HD / Touchscreen 3840x2160,Intel Core i7 8550U 1.8GHz,16,1TB SSD,Intel UHD Graphics 620,Windows 10,1.29,456689.52,1.8,1000,0,1,1,3840.0,2160.0,Intel
Lenovo,Notebook,13.3,1366x768,Intel Celeron Dual Core 3855U 1.6GHz,4,16GB Flash Storage,Intel HD Graphics 510,Chrome OS,1.45,85762.152,1.6,16,0,0,0,1366.0,768.0,Intel
HP,Notebook,14.0,Full HD 1920x1080,Intel Core i5 7200U 2.5GHz,8,256GB SSD,Intel HD Graphics 620,Windows 10,1.95,182750.4,2.5,256,0,0,0,1920.0,1080.0,Intel
Acer,Notebook,11.6,1366x768,Intel Pentium Quad Core N3710 1.6GHz,4,128GB Flash Storage,Intel HD Graphics 405,Windows 10,1.4,90442.8,1.6,128,0,0,0,1366.0,768.0,Intel
HP,Notebook,14.0,Full HD 1920x1080,Intel Core i7 7500U 2.7GHz,8,256GB SSD,Intel HD Graphics 620,Windows 10,1.48,240932.15999999997,2.7,256,0,0,0,1920.0,1080.0,Intel
Lenovo,Notebook,17.3,1600x900,Intel Core i5 7200U 2.5GHz,4,1TB HDD,Nvidia GeForce 920MX,Windows 10,2.79,109836.72,2.5,0,1000,0,0,1600.0,900.0,Nvidia
Asus,Notebook,14.0,Full HD 1920x1080,Intel Core i7 7500U 2.7GHz,8,256GB SSD,Intel HD Graphics 620,Windows 10,2.0,204009.12,2.7,256,0,0,0,1920.0,1080.0,Intel
HP,Notebook,15.6,IPS Panel Full HD 1366x768,Intel Core i7 8550U 1.8GHz,8,1TB HDD,Intel UHD Graphics 620,Windows 10,2.1,168204.96,1.8,0,1000,0,1,1366.0,768.0,Intel
Acer,Notebook,15.6,1366x768,AMD A12-Series 9720P 2.7GHz,8,256GB SSD,AMD Radeon RX 540,Windows 10,2.2,122890.31999999999,2.7,256,0,0,0,1366.0,768.0,AMD
Lenovo,Notebook,14.0,1366x768,Intel Celeron Dual Core N3350 1.1GHz,4,32GB Flash Storage,Intel HD Graphics 500,Windows 10,1.44,54452.16,1.1,32,0,0,0,1366.0,768.0,Intel
Acer,Notebook,15.6,1366x768,Intel Core i5 7200U 2.5GHz,6,1TB HDD,Intel HD Graphics 620,Windows 10,2.23,102377.52,2.5,0,1000,0,0,1366.0,768.0,Intel
Asus,Ultrabook,15.6,Full HD 1920x1080,Intel Core i7 7500U 2.7GHz,8,256GB SSD,Nvidia GeForce 940MX,Windows 10,1.7,195785.35199999998,2.7,256,0,0,0,1920.0,1080.0,Nvidia
HP,Ultrabook,12.5,Full HD 1920x1080,Intel Core i7 7500U 2.7GHz,8,256GB SSD,Intel HD Graphics 620,Windows 10,1.26,248950.80000000002,2.7,256,0,0,0,1920.0,1080.0,Intel
Dell,Notebook,15.6,4K Ultra HD / Touchscreen 3840x2160,Intel Core i7 7700HQ 2.8GHz,32,1TB SSD,Nvidia GeForce GTX 1050,Windows 10,2.06,492120.72,2.8,1000,0,1,0,3840.0,2160.0,Nvidia
MSI,Gaming,17.3,Full HD 1920x1080,Intel Core i7 7700HQ 2.8GHz,8,256GB SSD +  1TB HDD,Nvidia GeForce GTX 1050 Ti,Windows 10,2.7,223589.52000000002,2.8,256000,0,0,0,1920.0,1080.0,Nvidia
Toshiba,Notebook,15.6,IPS Panel Full HD 1920x1080,Intel Core i5 7200U 2.5GHz,8,256GB SSD,Intel HD Graphics 620,Windows 10,2.0,175850.64,2.5,256,0,0,1,1920.0,1080.0,Intel
Asus,Notebook,14.0,Full HD 1920x1080,Intel Core i7 7500U 2.7GHz,8,256GB SSD +  1TB HDD,Intel HD Graphics 620,Windows 10,2.0,248764.32,2.7,256000,0,0,0,1920.0,1080.0,Intel
Lenovo,Notebook,15.6,Full HD 1920x1080,Intel Core i3 6006U 2GHz,4,1TB HDD,Intel HD Graphics 520,Windows 10,1.85,83729.52,2.0,0,1000,0,0,1920.0,1080.0,Intel
Asus,Gaming,15.6,Full HD 1920x1080,Intel Core i7 7700HQ 2.8GHz,8,256GB SSD,Nvidia GeForce GTX 1050,Windows 10,2.5,186293.52000000002,2.8,256,0,0,0,1920.0,1080.0,Nvidia
HP,Notebook,14.0,Full HD 1920x1080,Intel Core i5 7300U 2.6GHz,8,256GB SSD,Intel HD Graphics 620,Windows 10,1.48,236456.63999999998,2.6,256,0,0,0,1920.0,1080.0,Intel
Dell,Ultrabook,15.6,IPS Panel Full HD 1920x1080,Intel Core i5 8250U 1.6GHz,8,128GB SSD +  1TB HDD,Nvidia GeForce 940MX,Windows 10,1.9,195617.52000000002,1.6,128000,0,0,1,1920.0,1080.0,Nvidia
HP,Notebook,15.6,Full HD 1920x1080,Intel Core i5 7200U 2.5GHz,8,256GB SSD,Intel HD Graphics 620,Windows 10,1.84,213333.12,2.5,256,0,0,0,1920.0,1080.0,Intel
Asus,Notebook,15.6,1366x768,Intel Celeron Dual Core N3350 1.1GHz,4,1TB HDD,Intel HD Graphics 500,Linux,2.0,51280.1352,1.1,0,1000,0,0,1366.0,768.0,Intel
Dell,Notebook,15.6,Full HD 1920x1080,Intel Core i5 8250U 1.6GHz,8,256GB SSD,Nvidia GeForce 940MX,Windows 10,2.0,213100.02000000002,1.6,256,0,0,0,1920.0,1080.0,Nvidia
Dell,Notebook,15.6,1366x768,Intel Celeron Dual Core N3060 1.6GHz,4,500GB HDD,Intel HD Graphics,Linux,2.2,51263.352,1.6,0,500,0,0,1366.0,768.0,Intel
Lenovo,Notebook,15.6,Full HD 1920x1080,AMD A12-Series 9720P 3.6GHz,12,2TB HDD,AMD Radeon 530,Windows 10,2.2,167645.52000000002,3.6,0,2000,0,0,1920.0,1080.0,AMD
HP,Notebook,15.6,IPS Panel Full HD 1920x1080,Intel Core i3 7100U 2.4GHz,8,1TB HDD,Nvidia GeForce 930MX ,Windows 10,2.1,133519.68000000002,2.4,0,1000,0,1,1920.0,1080.0,Nvidia
Lenovo,2 in 1 Convertible,13.9,IPS Panel 4K Ultra HD / Touchscreen 3840x2160,Intel Core i7 8550U 1.8GHz,16,512GB SSD,Intel UHD Graphics 620,Windows 10,1.4,391421.52,1.8,512,0,1,1,3840.0,2160.0,Intel
Dell,Ultrabook,13.3,Full HD 1920x1080,Intel Core i7 8550U 1.8GHz,8,256GB SSD,Intel UHD Graphics 620,Windows 10,1.2,294451.92,1.8,256,0,0,0,1920.0,1080.0,Intel
Lenovo,Gaming,15.6,IPS Panel Full HD 1920x1080,Intel Core i7 7700HQ 2.8GHz,16,256GB SSD +  2TB HDD,Nvidia GeForce GTX 1050 Ti,Windows 10,2.4,210535.92,2.8,256000,0,0,1,1920.0,1080.0,Nvidia
HP,Notebook,14.0,1366x768,Intel Celeron Dual Core N3060 1.6GHz,2,32GB Flash Storage,Intel HD Graphics 400,Windows 10,1.44,52027.920000000006,1.6,32,0,0,0,1366.0,768.0,Intel
Dell,Ultrabook,15.6,Full HD 1920x1080,Intel Core i7 8650U 1.9GHz,16,512GB SSD +  256GB SSD,Intel UHD Graphics 620,Windows 10,1.88,299852.3808,1.9,512,0,0,0,1920.0,1080.0,Intel
Asus,2 in 1 Convertible,11.6,Touchscreen 1366x768,Intel Celeron Dual Core N3350 1.1GHz,4,32GB Flash Storage,Intel HD Graphics 500,Windows 10,1.5,69930.0,1.1,32,0,1,0,1366.0,768.0,Intel
Dell,Ultrabook,15.6,Full HD 1920x1080,Intel Core i5 8250U 1.6GHz,8,1TB HDD,AMD Radeon 530,Windows 10,1.9,123636.23999999999,1.6,0,1000,0,0,1920.0,1080.0,AMD
Dell,Notebook,15.6,4K Ultra HD / Touchscreen 3840x2160,Intel Core i7 7700HQ 2.8GHz,16,512GB SSD,Nvidia GeForce GTX 1050,Windows 10,2.06,378073.2816,2.8,512,0,1,0,3840.0,2160.0,Nvidia
HP,Notebook,15.6,Full HD 1920x1080,Intel Core i7 7500U 2.7GHz,8,256GB SSD,Intel HD Graphics 620,Windows 10,1.84,243169.91999999998,2.7,256,0,0,0,1920.0,1080.0,Intel
MSI,Gaming,17.3,Full HD 1920x1080,Intel Core i7 7700HQ 2.8GHz,8,128GB SSD +  1TB HDD,Nvidia GeForce GTX 1060,Windows 10,2.7,262750.32,2.8,128000,0,0,0,1920.0,1080.0,Nvidia
HP,Workstation,15.6,Full HD 1920x1080,Intel Core i7 7700HQ 2.8GHz,8,256GB SSD,Nvidia Quadro M1200,Windows 10,2.6,324152.58959999995,2.8,256,0,0,0,1920.0,1080.0,Nvidia
Toshiba,Notebook,15.6,IPS Panel Full HD 1920x1080,Intel Core i7 6500U 2.5GHz,16,512GB SSD,Nvidia GeForce 930M,Windows 10,2.4,261631.44,2.5,512,0,0,1,1920.0,1080.0,Nvidia
Dell,Notebook,15.6,Full HD 1920x1080,Intel Core i7 8550U 1.8GHz,8,128GB SSD +  2TB HDD,AMD Radeon 530,Windows 10,2.02,181053.43199999997,1.8,128000,0,0,0,1920.0,1080.0,AMD
Lenovo,Notebook,15.6,1366x768,Intel Celeron Dual Core N3350 1.1GHz,4,1TB HDD,Intel HD Graphics 500,No OS,2.2,60044.69520000001,1.1,0,1000,0,0,1366.0,768.0,Intel
Dell,Gaming,15.6,Full HD 1920x1080,Intel Core i5 7300HQ 2.5GHz,8,1TB HDD,Nvidia GeForce GTX 1050,Windows 10,2.65,186293.52000000002,2.5,0,1000,0,0,1920.0,1080.0,Nvidia
Dell,Notebook,15.6,Touchscreen 1366x768,Intel Core i5 7200U 2.5GHz,8,2TB HDD,Intel HD Graphics 620,Windows 10,2.36,103938.35759999999,2.5,0,2000,1,0,1366.0,768.0,Intel
Dell,Notebook,14.0,Full HD 1920x1080,Intel Core i5 7300U 2.6GHz,8,256GB SSD,Intel HD Graphics 620,Windows 10,1.36,266106.95999999996,2.6,256,0,0,0,1920.0,1080.0,Intel
HP,Notebook,15.6,1366x768,Intel Core i3 6006U 2GHz,4,500GB HDD,Intel HD Graphics 520,Windows 10,1.86,81864.72,2.0,0,500,0,0,1366.0,768.0,Intel
Asus,Notebook,14.0,Full HD 1920x1080,Intel Core i5 7200U 2.5GHz,8,256GB SSD,Intel HD Graphics 620,Windows 10,2.0,176223.6,2.5,256,0,0,0,1920.0,1080.0,Intel
Lenovo,Notebook,17.3,1600x900,Intel Core i5 7200U 2.5GHz,6,128GB SSD +  1TB HDD,Nvidia GeForce GTX 940MX,Windows 10,2.8,134079.12,2.5,128000,0,0,0,1600.0,900.0,Nvidia
HP,Notebook,15.6,Full HD 1920x1080,Intel Core i5 7200U 2.5GHz,8,1TB HDD,Intel HD Graphics 620,Windows 10,1.86,119160.72,2.5,0,1000,0,0,1920.0,1080.0,Intel
Lenovo,Notebook,15.6,1366x768,Intel Core i3 6006U 2GHz,8,256GB SSD,Nvidia GeForce 920MX ,No OS,2.2,93053.52,2.0,256,0,0,0,1366.0,768.0,Nvidia
HP,Notebook,15.6,1366x768,Intel Pentium Quad Core N3710 1.6GHz,8,2TB HDD,Intel HD Graphics 405,Windows 10,2.04,72540.72,1.6,0,2000,0,0,1366.0,768.0,Intel
Dell,Notebook,17.3,Full HD 1920x1080,Intel Core i5 8250U 1.6GHz,8,128GB SSD +  1TB HDD,AMD Radeon 530,Windows 10,2.8,202330.80000000002,1.6,128000,0,0,0,1920.0,1080.0,AMD
Lenovo,Gaming,15.6,IPS Panel Full HD 1920x1080,Intel Core i5 7300HQ 2.5GHz,8,128GB SSD +  1TB HDD,Nvidia GeForce GTX 1050,No OS,2.4,150862.31999999998,2.5,128000,0,0,1,1920.0,1080.0,Nvidia
Dell,Notebook,15.6,Full HD 1920x1080,Intel Core i7 7500U 2.7GHz,8,256GB SSD,AMD Radeon R7 M445,Windows 10,2.33,167645.52000000002,2.7,256,0,0,0,1920.0,1080.0,AMD
HP,Ultrabook,14.0,IPS Panel Full HD 1920x1080,Intel Core i7 7500U 2.7GHz,8,256GB SSD,Intel HD Graphics 620,Windows 10,1.36,326340.0,2.7,256,0,0,1,1920.0,1080.0,Intel
Asus,2 in 1 Convertible,15.6,Full HD / Touchscreen 1920x1080,Intel Core i7 7500U 2.7GHz,12,512GB SSD +  2TB HDD,Nvidia GeForce GT 940MX,Windows 10,2.26,204941.52000000002,2.7,512000,0,1,0,1920.0,1080.0,Nvidia
Acer,Notebook,15.6,1366x768,AMD A9-Series 9420 3GHz,4,128GB SSD,AMD Radeon R5,Windows 10,2.1,79440.48,3.0,128,0,0,0,1366.0,768.0,AMD
Asus,Gaming,17.3,IPS Panel Full HD 1920x1080,AMD Ryzen 1700 3GHz,16,256GB SSD +  1TB HDD,AMD Radeon RX 580,Windows 10,3.25,410069.52,3.0,256000,0,0,1,1920.0,1080.0,AMD
Lenovo,Notebook,17.3,1600x900,AMD A8-Series 7410 2.2GHz,4,128GB SSD,AMD Radeon R5,Windows 10,2.6,91188.72,2.2,128,0,0,0,1600.0,900.0,AMD
Dell,2 in 1 Convertible,13.3,Full HD / Touchscreen 1920x1080,Intel Core i7 8550U 1.8GHz,8,256GB SSD,Intel UHD Graphics 620,Windows 10,1.62,162052.98479999998,1.8,256,0,1,0,1920.0,1080.0,Intel
HP,Notebook,15.6,Full HD 1920x1080,AMD A9-Series 9420 3GHz,4,256GB SSD,AMD Radeon R5,Windows 10,1.91,91186.8552,3.0,256,0,0,0,1920.0,1080.0,AMD
Lenovo,Netbook,11.6,IPS Panel 1366x768,Intel Celeron Quad Core N3450 1.1GHz,4,128GB SSD,Intel HD Graphics 500,Windows 10,1.59,103123.44,1.1,128,0,0,1,1366.0,768.0,Intel
Dell,Notebook,15.6,1366x768,Intel Celeron Dual Core N3060 1.60GHz,4,500GB HDD,Intel HD Graphics 400,Windows 10,1.8,57622.32,1.6,0,500,0,0,1366.0,768.0,Intel
Asus,Notebook,14.0,1366x768,Intel Celeron Dual Core N3350 1.1GHz,4,32GB Flash Storage,Intel HD Graphics 500,Windows 10,1.5,53333.28,1.1,32,0,0,0,1366.0,768.0,Intel
Acer,Notebook,15.6,Full HD 1920x1080,Intel Core i7 7700HQ 2.8GHz,8,1TB HDD,Nvidia GeForce GTX 1050,Linux,2.4,157762.08,2.8,0,1000,0,0,1920.0,1080.0,Nvidia
HP,Gaming,17.3,IPS Panel Full HD 1920x1080,Intel Core i7 7700HQ 2.8GHz,8,128GB SSD +  1TB HDD,Nvidia GeForce GTX 1050,Windows 10,3.35,222097.68000000002,2.8,128000,0,0,1,1920.0,1080.0,Nvidia
Lenovo,Notebook,15.6,Full HD 1920x1080,Intel Core i3 6006U 2GHz,4,128GB SSD,Intel HD Graphics 520,No OS,1.85,75244.68,2.0,128,0,0,0,1920.0,1080.0,Intel
Asus,Gaming,15.6,IPS Panel Full HD 1920x1080,Intel Core i7 7700HQ 2.8GHz,8,128GB SSD +  1TB HDD,Nvidia GeForce GTX 1060,Windows 10,2.3,308624.39999999997,2.8,128000,0,0,1,1920.0,1080.0,Nvidia
Lenovo,Notebook,14.0,IPS Panel Full HD 1920x1080,Intel Core i5 7200U 2.5GHz,8,256GB SSD,Nvidia GeForce 940MX,Windows 10,1.5,204941.52000000002,2.5,256,0,0,1,1920.0,1080.0,Nvidia
Asus,Ultrabook,13.3,Full HD / Touchscreen 1920x1080,Intel Core i7 7500U 2.7GHz,16,512GB SSD,Intel HD Graphics 620,Windows 10,1.1,326134.87200000003,2.7,512,0,1,0,1920.0,1080.0,Intel
Lenovo,Ultrabook,14.0,IPS Panel 2560x1440,Intel Core i7 7500U 2.7GHz,8,512GB SSD,Intel HD Graphics 620,Windows 10,1.13,425547.36000000004,2.7,512,0,0,1,2560.0,1440.0,Intel
Lenovo,Notebook,13.3,IPS Panel Full HD 1920x1080,Intel Core i3 7100U 2.4GHz,4,128GB SSD,Intel HD Graphics 620,Windows 10,1.5,102377.52,2.4,128,0,0,1,1920.0,1080.0,Intel
Dell,Workstation,15.6,Full HD 1920x1080,Intel Core i5 6440HQ 2.6GHz,8,500GB HDD,AMD FirePro W5130M,Windows 10,2.23,255291.11999999997,2.6,0,500,0,0,1920.0,1080.0,AMD
Dell,Workstation,15.6,IPS Panel Full HD 1920x1080,Intel Core i7 6820HQ 2.7GHz,8,256GB SSD,Nvidia Quadro M1200,Windows 10,2.0,398134.8,2.7,256,0,0,1,1920.0,1080.0,Nvidia
Lenovo,2 in 1 Convertible,14.0,Touchscreen 2560x1440,Intel Core i7 7500U 2.7GHz,16,512GB SSD,Intel HD Graphics 620,Windows 10,1.42,467878.31999999995,2.7,512,0,1,0,2560.0,1440.0,Intel
Asus,Gaming,17.3,Full HD 1920x1080,Intel Core i7 7700HQ 2.8GHz,8,1TB HDD,Nvidia GeForce GTX 1050,Windows 10,3.0,193752.72,2.8,0,1000,0,0,1920.0,1080.0,Nvidia
Asus,Gaming,17.3,Full HD 1920x1080,Intel Core i7 7700HQ 2.8GHz,16,256GB SSD +  1TB HDD,Nvidia GeForce GTX 1050 Ti,Windows 10,3.0,296689.68,2.8,256000,0,0,0,1920.0,1080.0,Nvidia
Acer,Notebook,15.6,IPS Panel 1366x768,Intel Core i5 8250U 1.6GHz,12,1TB HDD,Nvidia GeForce MX130,Windows 10,2.2,129415.2552,1.6,0,1000,0,1,1366.0,768.0,Nvidia
MSI,Gaming,17.3,Full HD 1920x1080,Intel Core i7 7700HQ 2.8GHz,8,256GB SSD,Nvidia GeForce GTX 1050 Ti,Windows 10,2.7,251561.52000000002,2.8,256,0,0,0,1920.0,1080.0,Nvidia
Dell,Notebook,15.6,Full HD 1920x1080,Intel Core i7 7500U 2.7GHz,8,256GB SSD,AMD Radeon R7 M445,Linux,2.33,145243.6776,2.7,256,0,0,0,1920.0,1080.0,AMD
HP,Ultrabook,15.6,Full HD 1920x1080,AMD A9-Series 9420 3GHz,4,256GB SSD,AMD Radeon 520,Windows 10,1.91,93053.52,3.0,256,0,0,0,1920.0,1080.0,AMD
Lenovo,Notebook,15.6,IPS Panel Full HD 1920x1080,Intel Core i7 8550U 1.8GHz,8,256GB SSD,AMD Radeon RX 550,Windows 10,2.1,229288.3488,1.8,256,0,0,1,1920.0,1080.0,AMD
Lenovo,Notebook,14.0,IPS Panel Full HD 1920x1080,Intel Core i5 7200U 2.5GHz,8,256GB SSD,Intel HD Graphics 620,Windows 10,1.9,174918.24,2.5,256,0,0,1,1920.0,1080.0,Intel
Dell,Workstation,15.6,4K Ultra HD / Touchscreen 3840x2160,Intel Core i7 7700HQ 2.8GHz,8,256GB SSD,Nvidia Quadro M1200,Windows 10,1.78,505733.75999999995,2.8,256,0,1,0,3840.0,2160.0,Nvidia
Lenovo,Ultrabook,14.0,IPS Panel 2560x1440,Intel Core i7 7500U 2.7GHz,16,1TB SSD,Intel HD Graphics 620,Windows 10,1.13,489510.0,2.7,1000,0,0,1,2560.0,1440.0,Intel
Lenovo,Notebook,15.6,1366x768,Intel Celeron Dual Core N3350 1.1GHz,4,1TB HDD,Intel HD Graphics 500,Windows 10,2.2,57062.880000000005,1.1,0,1000,0,0,1366.0,768.0,Intel
Asus,Gaming,17.3,Full HD 1920x1080,Intel Core i7 7700HQ 2.8GHz,16,256GB SSD +  1TB HDD,Nvidia GeForce GTX 1050,Windows 10,2.9,285127.92,2.8,256000,0,0,0,1920.0,1080.0,Nvidia
Lenovo,Notebook,15.6,IPS Panel Full HD 1920x1080,Intel Core i5 8250U 1.6GHz,8,256GB SSD +  1TB HDD,AMD Radeon RX 550,Windows 10,2.1,213426.36,1.6,256000,0,0,1,1920.0,1080.0,AMD
Acer,Notebook,15.6,Full HD 1920x1080,Intel Core i7 7700HQ 2.8GHz,8,256GB SSD,Nvidia GeForce GTX 1050,Linux,2.5,163915.92,2.8,256,0,0,0,1920.0,1080.0,Nvidia
MSI,Gaming,17.3,Full HD 1920x1080,Intel Core i7 7700HQ 2.8GHz,16,256GB SSD +  1TB HDD,Nvidia GeForce GTX 1070,Windows 10,2.8,419393.52,2.8,256000,0,0,0,1920.0,1080.0,Nvidia
Asus,Ultrabook,14.0,Full HD 1920x1080,Intel Core i7 7500U 2.7GHz,8,512GB SSD,Intel HD Graphics 620,Windows 10,1.1,349277.04000000004,2.7,512,0,0,0,1920.0,1080.0,Intel
Toshiba,Ultrabook,13.3,Full HD 1920x1080,Intel Core i7 6500U 2.5GHz,16,512GB SSD,Intel HD Graphics 520,Windows 10,1.2,325780.56,2.5,512,0,0,0,1920.0,1080.0,Intel
Dell,Ultrabook,14.0,Full HD 1920x1080,Intel Core i7 7600U 2.8GHz,8,512GB SSD,Intel HD Graphics,Windows 10,1.36,313286.39999999997,2.8,512,0,0,0,1920.0,1080.0,Intel
Lenovo,Notebook,15.6,Full HD 1920x1080,Intel Core i3 6006U 2GHz,4,500GB HDD,Intel HD Graphics 520,Windows 10,2.2,76270.32,2.0,0,500,0,0,1920.0,1080.0,Intel
Lenovo,Notebook,11.6,1366x768,Intel Celeron Dual Core N3350 1.1GHz,2,32GB Flash Storage,Intel HD Graphics 500,Windows 10,1.15,56773.835999999996,1.1,32,0,0,0,1366.0,768.0,Intel
Lenovo,Workstation,15.6,Full HD 1920x1080,Intel Core i7 7700HQ 2.8GHz,8,512GB SSD,Nvidia Quadro M1200,Windows 10,2.67,358974.0,2.8,512,0,0,0,1920.0,1080.0,Nvidia
Lenovo,Ultrabook,14.0,IPS Panel Full HD 2560x1440,Intel Core i7 7700HQ 2.8GHz,8,512GB SSD,Nvidia GeForce GT 940MX,Windows 10,1.7,362330.63999999996,2.8,512,0,0,1,2560.0,1440.0,Nvidia
HP,Notebook,15.6,Full HD 1920x1080,Intel Core i3 6006U 2GHz,4,1TB HDD,AMD Radeon 520,Windows 10,2.1,87459.12,2.0,0,1000,0,0,1920.0,1080.0,AMD
Acer,2 in 1 Convertible,13.3,IPS Panel Full HD / Touchscreen 1920x1080,Intel Core i7 6500U 2.5GHz,8,256GB SSD,Intel HD Graphics 520,Windows 10,1.6,147134.5848,2.5,256,0,1,1,1920.0,1080.0,Intel
Asus,2 in 1 Convertible,13.3,IPS Panel Full HD / Touchscreen 1920x1080,Intel Core i5 7200U 2.5GHz,8,256GB SSD,Intel HD Graphics 620,Windows 10,1.27,173053.44,2.5,256,0,1,1,1920.0,1080.0,Intel
Dell,Notebook,15.6,Full HD 1920x1080,Intel Core i5 7200U 2.5GHz,4,256GB SSD,AMD Radeon R5 M430,Linux,2.3,111682.872,2.5,256,0,0,0,1920.0,1080.0,AMD
Dell,Notebook,13.3,1366x768,Intel Core i3 6006U 2GHz,4,128GB SSD,Intel HD Graphics 520,Windows 10,1.65,128484.72,2.0,128,0,0,0,1366.0,768.0,Intel
HP,Ultrabook,14.0,Full HD 1920x1080,Intel Core i7 6500U 2.5GHz,8,256GB SSD,Intel HD Graphics 520,Windows 10,1.43,279720.0,2.5,256,0,0,0,1920.0,1080.0,Intel
Dell,Notebook,15.6,1366x768,Intel Core i5 7200U 2.5GHz,8,1TB HDD,Intel HD Graphics 620,Windows 10,2.14,100689.876,2.5,0,1000,0,0,1366.0,768.0,Intel
Lenovo,Ultrabook,14.0,IPS Panel Full HD 1920x1080,Intel Core i7 8550U 1.8GHz,8,256GB SSD,AMD Radeon RX 550,Windows 10,1.75,226644.06240000002,1.8,256,0,0,1,1920.0,1080.0,AMD
Lenovo,2 in 1 Convertible,15.6,IPS Panel 4K Ultra HD / Touchscreen 3840x2160,Intel Core i7 7700HQ 2.8GHz,16,512GB SSD,Nvidia GeForce GTX 1050,Windows 10,2.0,354125.52,2.8,512,0,1,1,3840.0,2160.0,Nvidia
Chuwi,Notebook,12.3,IPS Panel Retina Display 2736x1824,Intel Celeron Quad Core N3450 1.1GHz,6,64GB Flash Storage,Intel HD Graphics 500,Windows 10,1.4,83729.52,1.1,64,0,0,1,2736.0,1824.0,Intel
HP,Notebook,15.6,Full HD 1920x1080,Intel Core i7 7820HQ 2.9GHz,8,256GB SSD,Intel HD Graphics 630,Windows 10,2.31,266106.95999999996,2.9,256,0,0,0,1920.0,1080.0,Intel
Asus,Notebook,15.6,Full HD 1920x1080,Intel Core i3 7100U 2.4GHz,8,1TB HDD,Nvidia GeForce 940MX,Linux,2.3,111328.56,2.4,0,1000,0,0,1920.0,1080.0,Nvidia
Dell,Gaming,17.3,IPS Panel 2560x1440,Intel Core i7 7820HK 2.9GHz,16,256GB SSD +  1TB HDD,Nvidia GeForce GTX 1070,Windows 10,4.42,521957.52,2.9,256000,0,0,1,2560.0,1440.0,Nvidia
Dell,Gaming,15.6,IPS Panel Full HD 1920x1080,Intel Core i7 7700HQ 2.8GHz,8,128GB SSD +  1TB HDD,Nvidia GeForce GTX 1050 Ti,Windows 10,2.62,216130.31999999998,2.8,128000,0,0,1,1920.0,1080.0,Nvidia
Dell,Notebook,15.6,Full HD 1920x1080,Intel Core i7 8550U 1.8GHz,8,256GB SSD +  2TB HDD,AMD Radeon 530,Windows 10,2.02,213034.752,1.8,256000,0,0,0,1920.0,1080.0,AMD
Dell,Ultrabook,14.0,Full HD 1920x1080,Intel Core i7 7600U 2.8GHz,8,256GB SSD,Intel HD Graphics 620,Linux,1.6,204941.52000000002,2.8,256,0,0,0,1920.0,1080.0,Intel
HP,Gaming,17.3,Full HD 1920x1080,Intel Core i7 7700HQ 2.8GHz,12,256GB SSD +  1TB HDD,Nvidia GeForce GTX 1070,Windows 10,3.35,372773.52,2.8,256000,0,0,0,1920.0,1080.0,Nvidia
Mediacom,2 in 1 Convertible,11.6,IPS Panel Full HD / Touchscreen 1920x1080,Intel Celeron Dual Core N3350 1.1GHz,4,32GB SSD,Intel HD Graphics 500,Windows 10,1.16,55757.52,1.1,32,0,1,1,1920.0,1080.0,Intel
Samsung,Netbook,11.6,1366x768,Intel Celeron Dual Core N3060 1.6GHz,4,16GB Flash Storage,Intel HD Graphics 400,Chrome OS,1.15,50163.119999999995,1.6,16,0,0,0,1366.0,768.0,Intel
Lenovo,Notebook,13.3,IPS Panel Full HD 1920x1080,Intel Core i7 7500U 2.7GHz,8,256GB SSD,Intel HD Graphics 620,Windows 10,1.4,188344.80000000002,2.7,256,0,0,1,1920.0,1080.0,Intel
Lenovo,Notebook,14.0,IPS Panel Full HD 1920x1080,Intel Core i3 7130U 2.7GHz,4,128GB SSD,Intel HD Graphics 620,Windows 10,1.7,111701.52,2.7,128,0,0,1,1920.0,1080.0,Intel
Lenovo,Workstation,15.6,IPS Panel 4K Ultra HD 3840x2160,Intel Core i7 7600U 2.8GHz,16,512GB SSD,Nvidia GeForce 940MX,Windows 10,2.3,455943.60000000003,2.8,512,0,0,1,3840.0,2160.0,Nvidia
Lenovo,Notebook,15.6,Full HD 1920x1080,Intel Core i7 7820HQ 2.9GHz,16,512GB SSD,Nvidia Quadro M2200M,Windows 10,2.5,456689.52,2.9,512,0,0,0,1920.0,1080.0,Nvidia
Asus,Gaming,17.3,Full HD 1920x1080,AMD Ryzen 1600 3.2GHz,8,256GB SSD +  1TB HDD,AMD Radeon RX 580,Windows 10,3.2,316083.60000000003,3.2,256000,0,0,0,1920.0,1080.0,AMD
HP,Notebook,15.6,1366x768,Intel Celeron Dual Core N3060 1.6GHz,4,500GB HDD,Intel HD Graphics 400,Windows 10,2.1,64708.56,1.6,0,500,0,0,1366.0,768.0,Intel
Google,Ultrabook,12.3,Touchscreen 2400x1600,Intel Core i7 7Y75 1.3GHz,16,512GB SSD,Intel HD Graphics 615,Chrome OS,1.1,410069.52,1.3,512,0,1,0,2400.0,1600.0,Intel
Lenovo,Ultrabook,14.0,2560x1440,Intel Core i7 7500U 2.7GHz,24,512GB SSD,Intel HD Graphics 620,Windows 10,1.32,444195.36000000004,2.7,512,0,0,0,2560.0,1440.0,Intel
Asus,Notebook,15.6,Full HD 1920x1080,Intel Core i5 7200U 2.5GHz,4,256GB SSD,Intel HD Graphics 620,Linux,2.0,104242.32,2.5,256,0,0,0,1920.0,1080.0,Intel
Lenovo,Notebook,17.3,1600x900,AMD A6-Series 9220 2.5GHz,8,1TB HDD,AMD Radeon R4,Windows 10,2.8,96783.12,2.5,0,1000,0,0,1600.0,900.0,AMD
Dell,Notebook,15.6,Full HD 1920x1080,Intel Core i5 8250U 1.6GHz,4,256GB SSD,AMD Radeon 530,Windows 10,2.2,139673.52000000002,1.6,256,0,0,0,1920.0,1080.0,AMD
Lenovo,Ultrabook,12.5,IPS Panel Full HD 1920x1080,Intel Core i5 7200U 2.5GHz,8,256GB SSD,Intel HD Graphics 620,Windows 10,1.36,266479.92,2.5,256,0,0,1,1920.0,1080.0,Intel
Lenovo,Notebook,15.6,Full HD 1920x1080,Intel Pentium Quad Core N4200 1.1GHz,4,128GB SSD,Intel HD Graphics 505,Windows 10,2.2,65081.520000000004,1.1,128,0,0,0,1920.0,1080.0,Intel
HP,Gaming,15.6,IPS Panel Full HD 1920x1080,Intel Core i7 7700HQ 2.8GHz,8,128GB SSD +  1TB HDD,Nvidia GeForce GTX 1050,Windows 10,2.2,204941.52000000002,2.8,128000,0,0,1,1920.0,1080.0,Nvidia
Dell,Notebook,14.0,Full HD 1920x1080,Intel Core i5 7440HQ 2.8GHz,8,256GB SSD,Nvidia GeForce 930MX,Windows 10,1.64,219859.92,2.8,256,0,0,0,1920.0,1080.0,Nvidia
Acer,Notebook,15.6,1366x768,Intel Core i5 7200U 2.5GHz,4,500GB HDD,Intel HD Graphics 620,Linux,2.4,82386.864,2.5,0,500,0,0,1366.0,768.0,Intel
Dell,Workstation,15.6,Full HD 1920x1080,Intel Xeon E3-1505M V6 3GHz,8,64GB Flash Storage +  1TB HDD,Nvidia Quadro M620,Windows 10,2.23,371654.63999999996,3.0,64000,0,0,0,1920.0,1080.0,Nvidia
MSI,Gaming,15.6,Full HD 1920x1080,Intel Core i5 7300HQ 2.5GHz,8,256GB SSD,Nvidia GeForce GTX 1050,Windows 10,2.2,191652.95520000003,2.5,256,0,0,0,1920.0,1080.0,Nvidia
Microsoft,Ultrabook,13.5,Touchscreen 2256x1504,Intel Core i7 7660U 2.5GHz,16,512GB SSD,Intel Iris Plus Graphics 640,Windows 10 S,1.25,482796.72,2.5,512,0,1,0,2256.0,1504.0,Intel
HP,Notebook,15.6,1366x768,Intel Core i5 7200U 2.5GHz,8,128GB SSD,Intel HD Graphics 620,Windows 10,1.91,109836.72,2.5,128,0,0,0,1366.0,768.0,Intel
Dell,Workstation,15.6,IPS Panel Full HD 1920x1080,Intel Core i7 6820HQ 2.7GHz,16,256GB SSD,Nvidia Quadro M620,Windows 10,2.17,368298.0,2.7,256,0,0,1,1920.0,1080.0,Nvidia
HP,Workstation,15.6,IPS Panel Full HD 1920x1080,Intel Core i7 7820HQ 2.9GHz,8,512GB SSD,Intel HD Graphics 620,Windows 10,2.31,286060.32,2.9,512,0,0,1,1920.0,1080.0,Intel
Lenovo,Notebook,14.0,Full HD 1920x1080,Intel Core i5 7200U 2.5GHz,8,256GB SSD,Intel HD Graphics 620,Windows 10,1.65,250815.59999999998,2.5,256,0,0,0,1920.0,1080.0,Intel
Dell,Notebook,15.6,Full HD 1920x1080,Intel Core i7 8550U 1.8GHz,8,128GB SSD +  1TB HDD,AMD Radeon 530,Windows 10,2.36,182563.92,1.8,128000,0,0,0,1920.0,1080.0,AMD
Dell,2 in 1 Convertible,11.6,Touchscreen 1366x768,Intel Pentium Quad Core N3710 1.6GHz,4,500GB HDD,Intel HD Graphics 405,Windows 10,1.47,89323.92,1.6,0,500,1,0,1366.0,768.0,Intel
Dell,Notebook,17.3,IPS Panel Full HD 1920x1080,Intel Core i7 7700HQ 2.7GHz,8,1TB HDD,Nvidia GeForce GTX 1060,Windows 10,4.42,381538.08,2.7,0,1000,0,1,1920.0,1080.0,Nvidia
Microsoft,Ultrabook,13.5,Touchscreen 2256x1504,Intel Core M m3-7Y30 2.2GHz,4,128GB SSD,Intel HD Graphics 615,Windows 10 S,1.252,184428.72,2.2,128,0,1,0,2256.0,1504.0,Intel
Microsoft,Ultrabook,13.5,Touchscreen 2256x1504,Intel Core i7 7660U 2.5GHz,8,256GB SSD,Intel Iris Plus Graphics 640,Windows 10 S,1.25,335477.52,2.5,256,0,1,0,2256.0,1504.0,Intel
HP,Notebook,17.3,1600x900,Intel Core i3 6006U 2GHz,8,256GB SSD,Intel HD Graphics 520,Windows 10,2.5,119328.55200000001,2.0,256,0,0,0,1600.0,900.0,Intel
Acer,Notebook,15.6,Full HD 1920x1080,Intel Core i3 6006U 2GHz,4,1TB HDD,Nvidia GeForce 940MX,Windows 10,2.23,101445.12,2.0,0,1000,0,0,1920.0,1080.0,Nvidia
Acer,Netbook,11.6,1366x768,Intel Celeron Dual Core N3060 1.6GHz,4,128GB SSD,Intel HD Graphics 400,Windows 10,1.4,81118.8,1.6,128,0,0,0,1366.0,768.0,Intel
Asus,Notebook,15.6,Full HD 1920x1080,Intel Core i5 7200U 2.5GHz,8,1TB HDD,Intel HD Graphics 620,Windows 10,2.37,139673.52000000002,2.5,0,1000,0,0,1920.0,1080.0,Intel
Lenovo,Notebook,14.0,IPS Panel Full HD 1920x1080,Intel Core i7 7500U 2.7GHz,8,512GB SSD,AMD Radeon R7 M460,No OS,1.5,148997.52000000002,2.7,512,0,0,1,1920.0,1080.0,AMD
Lenovo,Notebook,15.6,Full HD 1920x1080,Intel Core i7 7820HQ 2.9GHz,8,256GB SSD,Nvidia Quadro M2200M,Windows 10,2.67,389743.2,2.9,256,0,0,0,1920.0,1080.0,Nvidia
Asus,Notebook,15.6,1366x768,Intel Pentium Quad Core N4200 1.1GHz,4,500GB HDD,Intel HD Graphics 500,Windows 10,2.0,56689.920000000006,1.1,0,500,0,0,1366.0,768.0,Intel
Acer,Notebook,15.6,1366x768,Intel Core i3 6006U 2GHz,4,500GB HDD,Nvidia GeForce GTX 940MX,Windows 10,2.2,87459.12,2.0,0,500,0,0,1366.0,768.0,Nvidia
Dell,Notebook,15.6,Full HD 1920x1080,Intel Core i5 8250U 1.6GHz,8,2TB HDD,AMD Radeon 530,Windows 10,2.02,141538.31999999998,1.6,0,2000,0,0,1920.0,1080.0,AMD
HP,Gaming,17.3,IPS Panel Full HD 1920x1080,Intel Core i7 7700HQ 2.8GHz,12,1TB HDD,Nvidia GeForce GTX 1060,Windows 10,3.78,316829.52,2.8,0,1000,0,1,1920.0,1080.0,Nvidia
Lenovo,Ultrabook,14.0,IPS Panel Quad HD+ 2560x1440,Intel Core i7 6600U 2.6GHz,12,256GB SSD,Intel HD Graphics 520,Windows 10,1.4,346479.84,2.6,256,0,0,1,2560.0,1440.0,Intel
HP,2 in 1 Convertible,13.3,IPS Panel 4K Ultra HD / Touchscreen 3840x2160,Intel Core i7 8550U 1.8GHz,8,512GB SSD,Intel UHD Graphics 620,Windows 10,1.29,372773.52,1.8,512,0,1,1,3840.0,2160.0,Intel
HP,Notebook,15.6,Full HD 1920x1080,Intel Core i5 7200U 2.5GHz,8,500GB HDD,AMD FirePro W4190M ,Windows 10,1.9,215197.92,2.5,0,500,0,0,1920.0,1080.0,AMD
Google,Ultrabook,12.3,Touchscreen 2400x1600,Intel Core i5 7Y57 1.2GHz,8,128GB SSD,Intel HD Graphics 615,Chrome OS,1.1,237762.0,1.2,128,0,1,0,2400.0,1600.0,Intel
Dell,Ultrabook,13.3,Full HD / Touchscreen 1920x1080,Intel Core i5 8250U 1.6GHz,8,256GB SSD,Intel UHD Graphics 620,Windows 10,1.42,343468.18799999997,1.6,256,0,1,0,1920.0,1080.0,Intel
Asus,Notebook,15.6,IPS Panel 4K Ultra HD 3840x2160,Intel Core i7 6700HQ 2.6GHz,12,128GB SSD +  1TB HDD,Intel HD Graphics 530,Windows 10,2.06,242237.52000000002,2.6,128000,0,0,1,3840.0,2160.0,Intel
Dell,Notebook,14.0,1366x768,Intel Core i3 6100U 2.3GHz,8,128GB SSD,Intel HD Graphics 520,Windows 10,1.79,137995.19999999998,2.3,128,0,0,0,1366.0,768.0,Intel
Dell,Workstation,15.6,Full HD 1920x1080,Intel Core i7 7700HQ 2.8GHz,8,256GB SSD,Nvidia Quadro M1200,Windows 10,1.78,449043.84,2.8,256,0,0,0,1920.0,1080.0,Nvidia
Lenovo,Notebook,14.0,Full HD 1920x1080,Intel Core i5 7200U 2.5GHz,8,180GB SSD,Intel HD Graphics 620,Windows 10,1.7,254358.72,2.5,180,0,0,0,1920.0,1080.0,Intel
Dell,Notebook,15.6,Full HD 1920x1080,Intel Core i5 8250U 1.6GHz,8,1TB HDD,AMD Radeon 520,Windows 10,2.2,125874.0,1.6,0,1000,0,0,1920.0,1080.0,AMD
Toshiba,Notebook,13.3,IPS Panel Full HD 1920x1080,Intel Core i5 7200U 2.5GHz,8,256GB SSD,Intel HD Graphics 620,Windows 10,1.05,311794.56,2.5,256,0,0,1,1920.0,1080.0,Intel
Dell,Notebook,15.6,IPS Panel Full HD 1920x1080,Intel Core i7 8550U 1.8GHz,8,512GB SSD,Nvidia GeForce 940MX,Windows 10,2.16,235337.76,1.8,512,0,0,1,1920.0,1080.0,Nvidia
Dell,Notebook,15.6,1366x768,Intel Core i3 7100U 2.4GHz,4,1TB HDD,Intel HD Graphics 620,Windows 10,2.18,109389.16799999999,2.4,0,1000,0,0,1366.0,768.0,Intel
HP,Notebook,13.3,IPS Panel Full HD 1920x1080,Intel Core i5 8250U 1.6GHz,4,128GB SSD,Intel UHD Graphics 620,Windows 10,1.49,135384.47999999998,1.6,128,0,0,1,1920.0,1080.0,Intel
Chuwi,Notebook,15.6,Full HD 1920x1080,Intel Atom x5-Z8350 1.44GHz,4,64GB Flash Storage,Intel HD Graphics,Windows 10,1.89,46414.872,1.44,64,0,0,0,1920.0,1080.0,Intel
Lenovo,Notebook,15.6,1366x768,Intel Core i3 6006U 2.0GHz,4,128GB SSD,Intel HD Graphics 520,Windows 10,2.3,105361.2,2.0,128,0,0,0,1366.0,768.0,Intel
Lenovo,Notebook,14.0,IPS Panel Full HD 1920x1080,Intel Core i5 8250U 1.6GHz,8,256GB SSD,Intel UHD Graphics 620,Windows 10,1.75,195617.52000000002,1.6,256,0,0,1,1920.0,1080.0,Intel
Dell,Workstation,15.6,IPS Panel Full HD 1920x1080,Intel Core i7 6820HQ 2.7GHz,16,512GB SSD,Nvidia Quadro M620,Windows 10,2.17,435990.24,2.7,512,0,0,1,1920.0,1080.0,Nvidia
Dell,Notebook,15.6,Full HD 1920x1080,Intel Core i7 7700HQ 2.8GHz,16,512GB SSD,Nvidia GeForce GTX 1050,Windows 10,2.06,354125.52,2.8,512,0,0,0,1920.0,1080.0,Nvidia
Lenovo,Ultrabook,12.5,IPS Panel Full HD 1920x1080,Intel Core i7 7500U 2.7GHz,16,512GB SSD,Intel HD Graphics 620,Windows 10,1.36,335291.04000000004,2.7,512,0,0,1,1920.0,1080.0,Intel
Asus,Ultrabook,12.5,Full HD 1920x1080,Intel Core i7 7500U 2.7GHz,16,512GB SSD,Intel HD Graphics 620,Windows 10,0.91,363636.0,2.7,512,0,0,0,1920.0,1080.0,Intel
Lenovo,Notebook,15.6,IPS Panel Full HD 1920x1080,Intel Core i5 7200U 2.5GHz,8,256GB SSD,Nvidia GeForce 940MX,Windows 10,2.3,188715.89519999997,2.5,256,0,0,1,1920.0,1080.0,Nvidia
Toshiba,Ultrabook,13.3,Full HD / Touchscreen 1920x1080,Intel Core i7 7500U 2.7GHz,32,512GB SSD,Intel HD Graphics 620,Windows 10,1.05,521957.52,2.7,512,0,1,0,1920.0,1080.0,Intel
Asus,Gaming,15.6,Full HD 1920x1080,Intel Core i7 7700HQ 2.8GHz,8,128GB SSD +  1TB HDD,Nvidia GeForce GTX 1050,Windows 10,1.99,251748.0,2.8,128000,0,0,0,1920.0,1080.0,Nvidia
Acer,Notebook,15.6,1366x768,AMD A10-Series 9620P 2.5GHz,8,1TB HDD,AMD Radeon RX 540,Windows 10,2.2,107971.92,2.5,0,1000,0,0,1366.0,768.0,AMD
Asus,Gaming,17.3,IPS Panel Full HD / Touchscreen 1920x1080,Intel Core i7 6700HQ 2.6GHz,24,256GB SSD +  1TB HDD,Nvidia GeForce GTX 965M,Windows 10,4.33,236643.11999999997,2.6,256000,0,1,1,1920.0,1080.0,Nvidia
Lenovo,Ultrabook,12.5,IPS Panel 1366x768,Intel Core i5 6200U 2.3GHz,8,180GB SSD,Intel HD Graphics 520,Windows 10,1.3,204941.52000000002,2.3,180,0,0,1,1366.0,768.0,Intel
Lenovo,Notebook,15.6,Full HD 1920x1080,Intel Core i7 8550U 1.8GHz,8,256GB SSD,Intel UHD Graphics 620,Windows 10,2.17,167626.87199999997,1.8,256,0,0,0,1920.0,1080.0,Intel
HP,Notebook,14.0,Full HD 1920x1080,Intel Core i7 7600U 2.8GHz,8,1TB SSD,Intel HD Graphics 620,Windows 10,1.48,326153.52,2.8,1000,0,0,0,1920.0,1080.0,Intel
Lenovo,Notebook,13.3,IPS Panel Full HD 1920x1080,Intel Core i3 7100U 2.4GHz,8,256GB SSD,Intel HD Graphics 620,Windows 10,1.4,176969.52000000002,2.4,256,0,0,1,1920.0,1080.0,Intel
Lenovo,Notebook,15.6,IPS Panel Full HD 1920x1080,Intel Core i5 7200U 2.5GHz,8,256GB SSD,Intel HD Graphics 620,Windows 10,2.3,169883.28,2.5,256,0,0,1,1920.0,1080.0,Intel
Asus,Netbook,11.6,1366x768,Intel Celeron Dual Core N3350 1.1GHz,4,64GB Flash Storage,Intel HD Graphics 500,Windows 10 S,1.2,63403.200000000004,1.1,64,0,0,0,1366.0,768.0,Intel
HP,Notebook,15.6,1366x768,Intel Core i5 7200U 2.5GHz,8,256GB SSD,AMD Radeon 520,Windows 10,1.91,115429.2552,2.5,256,0,0,0,1366.0,768.0,AMD
Lenovo,2 in 1 Convertible,13.9,IPS Panel Full HD / Touchscreen 1920x1080,Intel Core i5 8250U 1.6GHz,8,256GB SSD,Intel UHD Graphics 620,Windows 10,1.4,298181.52,1.6,256,0,1,1,1920.0,1080.0,Intel
Lenovo,Notebook,14.0,1366x768,Intel Celeron Dual Core N3350 1.1GHz,4,500GB HDD,Intel HD Graphics 500,Windows 10,2.1,55757.52,1.1,0,500,0,0,1366.0,768.0,Intel
Lenovo,Netbook,11.6,1366x768,Intel Celeron Dual Core N3060 1.6GHz,4,16GB SSD,Intel HD Graphics 400,Chrome OS,1.25,49417.200000000004,1.6,16,0,0,0,1366.0,768.0,Intel
Lenovo,Notebook,13.3,Full HD 1920x1080,Intel Core i5 7200U 2.5GHz,8,256GB SSD,Intel HD Graphics 620,Windows 10,1.44,176969.52000000002,2.5,256,0,0,0,1920.0,1080.0,Intel
Asus,Notebook,15.6,Full HD 1920x1080,Intel Core i7 7500U 2.7GHz,8,256GB SSD +  1TB HDD,Intel HD Graphics 620,Windows 10,2.0,228251.52000000002,2.7,256000,0,0,0,1920.0,1080.0,Intel
Acer,Notebook,15.6,IPS Panel Full HD 1920x1080,Intel Core i5 8250U 1.6GHz,4,1TB HDD,Nvidia GeForce MX150,Windows 10,2.2,114312.23999999999,1.6,0,1000,0,1,1920.0,1080.0,Nvidia
HP,Ultrabook,13.3,IPS Panel Full HD 1920x1080,Intel Core i7 7500U 2.7GHz,8,512GB SSD,Intel HD Graphics 620,Windows 10,1.34,246713.04,2.7,512,0,0,1,1920.0,1080.0,Intel
Lenovo,Gaming,15.6,IPS Panel Full HD 1920x1080,Intel Core i7 7700HQ 2.8GHz,8,256GB SSD +  1TB HDD,Nvidia GeForce GTX 1060,No OS,2.4,214265.52000000002,2.8,256000,0,0,1,1920.0,1080.0,Nvidia
Dell,Ultrabook,13.3,IPS Panel Full HD / Touchscreen 1920x1080,Intel Core i5 7200U 2.5GHz,8,128GB SSD,Intel HD Graphics 620,Windows 10,1.29,167645.52000000002,2.5,128,0,1,1,1920.0,1080.0,Intel
Acer,Notebook,15.6,Full HD 1920x1080,Intel Core i7 7500U 2.7GHz,4,500GB HDD,Nvidia GeForce 940MX,Windows 10,2.2,119160.72,2.7,0,500,0,0,1920.0,1080.0,Nvidia
Dell,Notebook,15.6,Full HD 1920x1080,Intel Core i5 7200U 2.5GHz,8,1TB HDD,Intel HD Graphics 620,Windows 10,2.18,155897.28,2.5,0,1000,0,0,1920.0,1080.0,Intel
Dell,Notebook,15.6,Full HD 1920x1080,Intel Core i7 8550U 1.8GHz,16,256GB SSD +  2TB HDD,AMD Radeon 530,Windows 10,2.2,227363.87519999998,1.8,256000,0,0,0,1920.0,1080.0,AMD
Xiaomi,Notebook,15.6,IPS Panel Full HD 1920x1080,Intel Core i7 8550U 1.8GHz,16,256GB SSD,Nvidia GeForce MX150,No OS,1.95,261062.67599999998,1.8,256,0,0,1,1920.0,1080.0,Nvidia
Asus,Netbook,11.6,1366x768,Intel Celeron Dual Core N3350 1.1GHz,2,32GB Flash Storage,Intel HD Graphics 500,Windows 10,1.1,45687.6,1.1,32,0,0,0,1366.0,768.0,Intel
HP,Notebook,15.6,Touchscreen 1366x768,Intel Core i5 8250U 1.6GHz,4,1TB HDD,Intel UHD Graphics 620,Windows 10,2.04,97243.7256,1.6,0,1000,1,0,1366.0,768.0,Intel
Asus,Gaming,15.6,Full HD 1920x1080,Intel Core i7 7700HQ 2.8GHz,24,512GB SSD,Nvidia GeForce GTX1080,Windows 10,2.24,553472.64,2.8,512,0,0,0,1920.0,1080.0,Nvidia
HP,Notebook,15.6,Full HD 1920x1080,Intel Core i5 7200U 2.5GHz,8,256GB SSD,Nvidia GeForce 930MX,Windows 10,2.04,165780.72,2.5,256,0,0,0,1920.0,1080.0,Nvidia
Asus,Gaming,17.3,Full HD 1920x1080,Intel Core i7 7700HQ 2.8GHz,16,256GB SSD +  1TB HDD,Nvidia GeForce GTX1050 Ti,Windows 10,3.0,280465.92,2.8,256000,0,0,0,1920.0,1080.0,Nvidia
Lenovo,Gaming,15.6,IPS Panel Full HD 1920x1080,Intel Core i7 7700HQ 2.8GHz,8,256GB SSD +  1TB HDD,Nvidia GeForce GTX 1060,Windows 10,3.2,260885.52000000002,2.8,256000,0,0,1,1920.0,1080.0,Nvidia
HP,Ultrabook,13.3,IPS Panel Full HD 1920x1080,Intel Core i7 7500U 2.7GHz,8,256GB SSD,Intel HD Graphics 620,Windows 10,1.32,260885.52000000002,2.7,256,0,0,1,1920.0,1080.0,Intel
Dell,Notebook,14.0,Full HD 1920x1080,Intel Core i5 7300U 2.6GHz,8,256GB SSD,Intel HD Graphics 620,Windows 10,1.64,238644.0504,2.6,256,0,0,0,1920.0,1080.0,Intel
HP,Notebook,15.6,1366x768,Intel Core i3 6006U 2GHz,4,128GB SSD,Intel HD Graphics 520,Windows 10,1.63,128484.72,2.0,128,0,0,0,1366.0,768.0,Intel
Dell,Notebook,17.3,IPS Panel Full HD 1920x1080,Intel Core i5 8250U 1.6GHz,8,128GB SSD +  1TB HDD,AMD Radeon 530,Linux,2.8,165780.72,1.6,128000,0,0,1,1920.0,1080.0,AMD
Lenovo,Notebook,14.0,Full HD 1920x1080,Intel Core i5 6200U 2.3GHz,8,256GB SSD,Intel HD Graphics 520,Windows 7,2.02,249883.19999999998,2.3,256,0,0,0,1920.0,1080.0,Intel
Lenovo,Notebook,15.6,Full HD 1920x1080,Intel Core i7 7500U 2.7GHz,4,1TB HDD,Nvidia GeForce 920MX,Windows 10,2.2,148997.52000000002,2.7,0,1000,0,0,1920.0,1080.0,Nvidia
Lenovo,Notebook,15.6,1366x768,Intel Core i3 6006U 2GHz,8,2TB HDD,Nvidia GeForce 920MX ,No OS,2.2,85594.32,2.0,0,2000,0,0,1366.0,768.0,Nvidia
Dell,Notebook,15.6,Full HD 1920x1080,Intel Core i5 7200U 2.5GHz,4,500GB HDD,AMD Radeon R5 M430,Windows 10,2.3,109090.8,2.5,0,500,0,0,1920.0,1080.0,AMD
Dell,Notebook,15.6,Full HD 1920x1080,Intel Core i5 7440HQ 2.8GHz,8,256GB SSD,Intel HD Graphics 620,Windows 10,1.9,256782.96,2.8,256,0,0,0,1920.0,1080.0,Intel
Dell,Gaming,17.3,IPS Panel Full HD 1920x1080,Intel Core i7 7700HQ 2.8GHz,16,128GB SSD +  1TB HDD,Nvidia GeForce GTX 1070,Windows 10,4.42,561821.3496000001,2.8,128000,0,0,1,1920.0,1080.0,Nvidia
Toshiba,Notebook,15.6,IPS Panel Full HD 1920x1080,Intel Core i5 7200U 2.5GHz,8,500GB HDD,Intel HD Graphics 620,Windows 10,2.0,160372.80000000002,2.5,0,500,0,1,1920.0,1080.0,Intel
Asus,Notebook,15.6,IPS Panel 4K Ultra HD 3840x2160,Intel Core i7 7500U 2.7GHz,8,256GB SSD +  1TB HDD,Nvidia GeForce GTX 960M,Windows 10,2.0,242237.52000000002,2.7,256000,0,0,1,3840.0,2160.0,Nvidia
Mediacom,Notebook,13.3,IPS Panel Full HD 1920x1080,Intel Celeron Quad Core N3450 1.1GHz,4,32GB SSD,Intel HD Graphics 500,Windows 10,1.2,68811.12,1.1,32,0,0,1,1920.0,1080.0,Intel
Asus,Gaming,15.6,IPS Panel Full HD 1920x1080,Intel Core i5 7300HQ 2.5GHz,8,128GB SSD +  1TB HDD,Nvidia GeForce GTX 1060,Windows 10,2.3,307505.52,2.5,128000,0,0,1,1920.0,1080.0,Nvidia
Dell,Notebook,15.6,Full HD 1920x1080,Intel Core i7 7600U 2.8GHz,8,256GB SSD,Nvidia GeForce 930MX,Windows 10,1.93,255291.11999999997,2.8,256,0,0,0,1920.0,1080.0,Nvidia
Dell,Notebook,15.6,Full HD 1920x1080,Intel Core i5 8250U 1.6GHz,8,256GB SSD,AMD Radeon 530,Windows 10,2.2,148701.0168,1.6,256,0,0,0,1920.0,1080.0,AMD
HP,Notebook,15.6,Full HD 1920x1080,Intel Pentium Quad Core N3710 1.6GHz,4,256GB SSD,Intel HD Graphics 405,Windows 10,1.86,74403.65520000001,1.6,256,0,0,0,1920.0,1080.0,Intel
HP,Gaming,17.3,Full HD 1920x1080,Intel Core i7 7700HQ 2.8GHz,12,1TB HDD,Nvidia GeForce GTX 1060,Windows 10,2.62,335477.52,2.8,0,1000,0,0,1920.0,1080.0,Nvidia
Lenovo,Notebook,14.0,IPS Panel Full HD 1920x1080,Intel Core i7 7500U 2.7GHz,8,256GB SSD,Nvidia GeForce 940MX,Windows 10,1.87,160186.31999999998,2.7,256,0,0,1,1920.0,1080.0,Nvidia
Dell,Ultrabook,13.3,Quad HD+ / Touchscreen 3200x1800,Intel Core i7 8550U 1.8GHz,8,256GB SSD,Intel UHD Graphics 620,Windows 10,1.2,260885.52000000002,1.8,256,0,1,0,3200.0,1800.0,Intel
Dell,Notebook,14.0,Full HD 1920x1080,Intel Core i3 6006U 2GHz,4,128GB SSD,Intel HD Graphics 520,Windows 10,1.6,137225.03759999998,2.0,128,0,0,0,1920.0,1080.0,Intel
HP,Ultrabook,13.3,IPS Panel Quad HD+ 3200x1800,Intel Core i7 7500U 2.7GHz,8,256GB SSD,Intel HD Graphics 620,Windows 10,1.34,213519.6,2.7,256,0,0,1,3200.0,1800.0,Intel
Acer,Gaming,15.6,Full HD 1920x1080,Intel Core i5 7300HQ 2.5GHz,8,1TB HDD,Nvidia GeForce GTX 1050,Linux,2.4,148811.04,2.5,0,1000,0,0,1920.0,1080.0,Nvidia
Asus,Notebook,15.6,1366x768,AMD E-Series 7110 1.8GHz,4,500GB HDD,AMD Radeon R2 Graphics,Windows 10,2.0,65081.520000000004,1.8,0,500,0,0,1366.0,768.0,AMD
HP,Notebook,15.6,Full HD 1920x1080,Intel Core i3 7100U 2.4GHz,4,128GB SSD,Intel HD Graphics 620,Windows 10,2.1,131561.64,2.4,128,0,0,0,1920.0,1080.0,Intel
Lenovo,Notebook,14.0,Full HD 1920x1080,Intel Core i5 7200U 2.5GHz,4,500GB HDD,Intel HD Graphics 620,Windows 10,1.87,146386.80000000002,2.5,0,500,0,0,1920.0,1080.0,Intel
Lenovo,Notebook,15.6,Full HD 1920x1080,Intel Core i5 6200U 2.3GHz,4,1TB HDD,Intel HD Graphics 520,No OS,2.15,86219.028,2.3,0,1000,0,0,1920.0,1080.0,Intel
HP,Notebook,15.6,Full HD 1920x1080,Intel Core i3 6006U 2GHz,4,500GB HDD,Intel HD Graphics 520,Windows 10,1.86,74032.56,2.0,0,500,0,0,1920.0,1080.0,Intel
Lenovo,Notebook,15.6,IPS Panel Full HD 1920x1080,Intel Core i7 7500U 2.7GHz,8,512GB SSD,Intel HD Graphics 620,Windows 10,1.99,322423.92,2.7,512,0,0,1,1920.0,1080.0,Intel
Lenovo,Notebook,15.6,Full HD 1920x1080,Intel Core i3 6006U 2GHz,4,128GB SSD,Intel HD Graphics 520,Windows 10,2.2,93053.52,2.0,128,0,0,0,1920.0,1080.0,Intel
Dell,Notebook,15.6,Full HD 1920x1080,Intel Core i5 7200U 2.5GHz,8,256GB SSD,Intel HD Graphics 620,Windows 10,1.9,208296.2952,2.5,256,0,0,0,1920.0,1080.0,Intel
Dell,Gaming,17.3,IPS Panel Full HD 1920x1080,Intel Core i7 7700HQ 2.8GHz,16,256GB SSD +  1TB HDD,Nvidia GeForce GTX 1070,Windows 10,4.42,503309.52,2.8,256000,0,0,1,1920.0,1080.0,Nvidia
HP,Notebook,17.3,1600x900,Intel Core i3 6006U 2GHz,8,1TB HDD,Intel HD Graphics 520,Windows 10,2.65,101473.092,2.0,0,1000,0,0,1600.0,900.0,Intel
HP,Notebook,17.3,Full HD 1920x1080,Intel Core i7 7500U 2.7GHz,8,1TB HDD,Nvidia GeForce 930MX,Windows 10,2.63,238694.39999999997,2.7,0,1000,0,0,1920.0,1080.0,Nvidia
Asus,Notebook,15.6,1366x768,Intel Celeron Dual Core N3350 1.1GHz,4,500GB HDD,Intel HD Graphics 500,Linux,2.0,41771.52,1.1,0,500,0,0,1366.0,768.0,Intel
Mediacom,Notebook,13.3,IPS Panel Full HD 1920x1080,Intel Atom x5-Z8350 1.44GHz,4,32GB Flash Storage,Intel HD Graphics,Windows 10,1.35,47552.4,1.44,32,0,0,1,1920.0,1080.0,Intel
Lenovo,Notebook,17.3,1600x900,Intel Core i7 7500U 2.7GHz,6,128GB SSD +  1TB HDD,Nvidia GeForce 940MX,Windows 10,2.8,176969.52000000002,2.7,128000,0,0,0,1600.0,900.0,Nvidia
HP,Notebook,15.6,IPS Panel Full HD 1920x1080,AMD A10-Series A10-9620P 2.5GHz,6,128GB SSD,AMD Radeon 530,Windows 10,1.91,106088.472,2.5,128,0,0,1,1920.0,1080.0,AMD
Dell,Notebook,15.6,1366x768,Intel Core i3 6006U 2GHz,4,1TB HDD,AMD Radeon R5 M420,Windows 10,2.18,115225.992,2.0,0,1000,0,0,1366.0,768.0,AMD
Acer,2 in 1 Convertible,11.6,IPS Panel Full HD / Touchscreen 1920x1080,Intel Celeron Dual Core N3350 2.0GHz,4,32GB Flash Storage,Intel HD Graphics 500,Windows 10,1.25,65081.520000000004,2.0,32,0,1,1,1920.0,1080.0,Intel
Lenovo,Notebook,15.6,Full HD 1920x1080,Intel Core i3 7130U 2.7GHz,4,128GB SSD,Intel HD Graphics 620,Windows 10,2.05,117482.40000000001,2.7,128,0,0,0,1920.0,1080.0,Intel
HP,Ultrabook,13.3,IPS Panel Quad HD+ / Touchscreen 3200x1800,Intel Core M 6Y75 1.2GHz,16,512GB SSD,Intel HD Graphics 515,Windows 10,1.16,366433.2,1.2,512,0,1,1,3200.0,1800.0,Intel
Lenovo,Notebook,17.3,IPS Panel Full HD 1920x1080,Intel Core i7 7700HQ 2.8GHz,8,256GB SSD,Nvidia Quadro M620M,Windows 10,3.4,559253.52,2.8,256,0,0,1,1920.0,1080.0,Nvidia
Asus,Notebook,15.6,Full HD 1920x1080,Intel Core i5 7300HQ 2.5GHz,8,128GB SSD +  1TB HDD,Nvidia GeForce GTX 1050,Windows 10,2.5,156456.72,2.5,128000,0,0,0,1920.0,1080.0,Nvidia
Dell,Ultrabook,13.3,IPS Panel 4K Ultra HD / Touchscreen 3840x2160,Intel Core i5 8250U 1.6GHz,8,128GB SSD,Intel UHD Graphics 620,Windows 10,1.21,298181.52,1.6,128,0,1,1,3840.0,2160.0,Intel
Dell,Notebook,15.6,1366x768,Intel Core i5 7300U 2.6GHz,4,500GB HDD,Intel HD Graphics 620,Windows 10,1.93,178834.31999999998,2.6,0,500,0,0,1366.0,768.0,Intel
Fujitsu,Notebook,15.6,1366x768,Intel Core i5 7200U 2.5GHz,8,1TB HDD,Intel HD Graphics 620,Windows 10,2.2,137808.72,2.5,0,1000,0,0,1366.0,768.0,Intel
Lenovo,Notebook,15.6,Full HD 1920x1080,Intel Pentium Quad Core N4200 1.1GHz,4,500GB HDD,Intel HD Graphics 505,Windows 10,2.2,64149.119999999995,1.1,0,500,0,0,1920.0,1080.0,Intel
Lenovo,Notebook,14.0,1366x768,Intel Core i5 7200U 2.5GHz,4,500GB HDD,Intel HD Graphics 620,Windows 10,2.02,184615.19999999998,2.5,0,500,0,0,1366.0,768.0,Intel
HP,Workstation,17.3,1600x900,Intel Core i5 7440HQ 2.8GHz,8,500GB HDD,Nvidia Quadro M1200,Windows 10,3.14,347037.4152,2.8,0,500,0,0,1600.0,900.0,Nvidia
HP,Notebook,14.0,1366x768,Intel Pentium Quad Core N3710 1.6GHz,8,2TB HDD,Intel HD Graphics 405,Windows 10,1.94,72540.72,1.6,0,2000,0,0,1366.0,768.0,Intel
HP,Notebook,15.6,IPS Panel Full HD 1920x1080,AMD A9-Series A9-9420 3GHz,6,256GB SSD,AMD Radeon 530,Windows 10,1.95,121025.52,3.0,256,0,0,1,1920.0,1080.0,AMD
Lenovo,Notebook,15.6,Full HD 1920x1080,Intel Core i5 7200U 2.5GHz,8,256GB SSD,Intel HD Graphics 620,Windows 10,2.3,154778.4,2.5,256,0,0,0,1920.0,1080.0,Intel
Lenovo,Notebook,15.6,Full HD 1920x1080,Intel Core i5 8250U 1.6GHz,4,500GB HDD,Intel HD Graphics 620,Windows 10,2.05,127738.80000000002,1.6,0,500,0,0,1920.0,1080.0,Intel
Mediacom,Notebook,14.0,Full HD 1920x1080,Intel Atom x5-Z8350 1.44GHz,4,32GB SSD,Intel HD Graphics,Windows 10,1.4,46433.52,1.44,32,0,0,0,1920.0,1080.0,Intel
Toshiba,Ultrabook,14.0,Full HD / Touchscreen 1920x1080,Intel Core i7 7500U 2.7GHz,16,512GB SSD,Intel HD Graphics 620,Windows 10,1.24,347785.2,2.7,512,0,1,0,1920.0,1080.0,Intel
Lenovo,Gaming,17.3,IPS Panel Full HD 1920x1080,Intel Core i7 6820HK 2.7GHz,32,256GB SSD +  1TB HDD,Nvidia GeForce GTX 1070,Windows 10,4.6,496596.23999999993,2.7,256000,0,0,1,1920.0,1080.0,Nvidia
MSI,Gaming,17.3,Full HD 1920x1080,Intel Core i7 7820HK 2.9GHz,16,512GB SSD +  1TB HDD,Nvidia GeForce GTX 1070,Windows 10,4.14,508903.92,2.9,512000,0,0,0,1920.0,1080.0,Nvidia
Dell,Notebook,15.6,Full HD 1920x1080,Intel Core i7 7500U 2.7GHz,8,256GB SSD,AMD Radeon R5 M430,Linux,2.2,139675.3848,2.7,256,0,0,0,1920.0,1080.0,AMD
Mediacom,Notebook,14.0,IPS Panel Full HD 1920x1080,Intel Celeron Quad Core N3450 1.1GHz,4,32GB SSD,Intel HD Graphics 500,Windows 10,1.45,72540.72,1.1,32,0,0,1,1920.0,1080.0,Intel
Dell,Notebook,15.6,1366x768,Intel Core i5 7300U 2.6GHz,8,500GB HDD,Intel HD Graphics 620,Windows 10,1.9,188068.80959999998,2.6,0,500,0,0,1366.0,768.0,Intel
HP,Notebook,13.3,Full HD 1920x1080,Intel Core i3 7100U 2.4GHz,4,128GB SSD,Intel HD Graphics 620,Windows 10,1.49,134079.12,2.4,128,0,0,0,1920.0,1080.0,Intel
Dell,Notebook,15.6,Full HD 1920x1080,Intel Core i7 7600U 2.8GHz,16,256GB SSD,Nvidia GeForce 930MX,Windows 10,1.93,286692.4872,2.8,256,0,0,0,1920.0,1080.0,Nvidia
Dell,Netbook,11.6,1366x768,Intel Celeron Dual Core N3060 1.6GHz,4,16GB Flash Storage,Intel HD Graphics 400,Chrome OS,1.26,55011.6,1.6,16,0,0,0,1366.0,768.0,Intel
MSI,Gaming,17.3,Full HD 1920x1080,Intel Core i7 6820HK 2.7GHz,16,128GB SSD +  1TB HDD,Nvidia GeForce GTX 980M,Windows 10,4.5,438041.52,2.7,128000,0,0,0,1920.0,1080.0,Nvidia
HP,Gaming,17.3,IPS Panel Full HD 1920x1080,Intel Core i7 7700HQ 2.8GHz,16,256GB SSD +  1TB HDD,Nvidia GeForce GTX 1050,Windows 10,3.78,279347.04000000004,2.8,256000,0,0,1,1920.0,1080.0,Nvidia
Lenovo,Ultrabook,14.0,IPS Panel Full HD 1920x1080,Intel Core i7 6600U 2.6GHz,12,256GB SSD,Intel HD Graphics 520,Windows 10,1.4,311981.04000000004,2.6,256,0,0,1,1920.0,1080.0,Intel
Lenovo,Notebook,15.6,Touchscreen 1366x768,Intel Core i7 8550U 1.8GHz,12,1TB HDD,Intel HD Graphics 620,Windows 10,2.2,113566.32,1.8,0,1000,1,0,1366.0,768.0,Intel
Asus,Gaming,17.3,IPS Panel Full HD 1920x1080,Intel Core i5 7300HQ 2.5GHz,8,128GB SSD +  1TB HDD,Nvidia GeForce GTX 1060,Windows 10,2.73,330069.60000000003,2.5,128000,0,0,1,1920.0,1080.0,Nvidia
Asus,2 in 1 Convertible,15.6,Touchscreen 1366x768,Intel Core i5 7200U 2.5GHz,8,1TB HDD,Intel HD Graphics 520,Windows 10,2.2,137808.72,2.5,0,1000,1,0,1366.0,768.0,Intel
Lenovo,Notebook,15.6,Full HD 1920x1080,AMD A12-Series 9720P 3.6GHz,12,512GB SSD,AMD Radeon 530,Windows 10,2.2,176969.52000000002,3.6,512,0,0,0,1920.0,1080.0,AMD
Dell,2 in 1 Convertible,11.6,Touchscreen 1366x768,Intel Core M 7Y30 1.0GHz,4,128GB SSD,Intel HD Graphics 615,Windows 10,1.39,112447.44,1.0,128,0,1,0,1366.0,768.0,Intel
Samsung,Notebook,15.6,Full HD 1920x1080,Intel Core i7 7700HQ 2.8GHz,16,128GB SSD +  1TB HDD,Nvidia GeForce GTX 1050,Windows 10,2.5,316829.52,2.8,128000,0,0,0,1920.0,1080.0,Nvidia
Lenovo,Notebook,17.3,Full HD 1920x1080,Intel Core i3 6006U 2GHz,4,500GB HDD,Intel HD Graphics 520,No OS,2.8,98647.92,2.0,0,500,0,0,1920.0,1080.0,Intel
Lenovo,Notebook,15.6,1366x768,Intel Core i3 6100U 2.3GHz,8,1TB HDD,Intel HD Graphics 520,Windows 10,2.29,85594.32,2.3,0,1000,0,0,1366.0,768.0,Intel
Lenovo,2 in 1 Convertible,13.3,IPS Panel Full HD / Touchscreen 1920x1080,Intel Core i7 7500U 2.7GHz,8,512GB SSD,Intel HD Graphics 620,Windows 10,1.37,377622.0,2.7,512,0,1,1,1920.0,1080.0,Intel
Lenovo,Notebook,14.0,IPS Panel Full HD 1920x1080,Intel Core i5 7300HQ 2.5GHz,8,256GB SSD,Intel HD Graphics 630,Windows 10,1.7,274871.52,2.5,256,0,0,1,1920.0,1080.0,Intel
Dell,2 in 1 Convertible,12.5,Full HD / Touchscreen 1920x1080,Intel Core i5 7200U 2.5GHz,8,256GB SSD,Intel HD Graphics 620,Windows 10,1.34,311421.6,2.5,256,0,1,0,1920.0,1080.0,Intel
Dell,Workstation,15.6,Full HD / Touchscreen 1920x1080,Intel Core i7 7700HQ 2.8GHz,8,256GB SSD,Nvidia Quadro M620,Windows 10,2.06,328764.24,2.8,256,0,1,0,1920.0,1080.0,Nvidia
HP,Notebook,15.6,Full HD 1920x1080,Intel Core i7 7500U 2.7GHz,8,256GB SSD,Intel HD Graphics 620,Windows 10,1.84,227319.12,2.7,256,0,0,0,1920.0,1080.0,Intel
HP,Notebook,15.6,1366x768,Intel Core i3 7100U 2.4GHz,4,500GB HDD,Intel HD Graphics 620,Windows 10,2.1,124658.1504,2.4,0,500,0,0,1366.0,768.0,Intel
Acer,Notebook,14.0,Full HD 1920x1080,Intel Celeron Quad Core N3450 1.1GHz,4,32GB Flash Storage,Intel HD Graphics 500,Windows 10,1.6,61351.92,1.1,32,0,0,0,1920.0,1080.0,Intel
MSI,Gaming,17.3,Full HD 1920x1080,Intel Core i7 6820HK 2.7GHz,16,128GB SSD +  1TB HDD,Nvidia GeForce GTX 970M,Windows 10,4.14,410069.52,2.7,128000,0,0,0,1920.0,1080.0,Nvidia
Dell,Notebook,15.6,1366x768,Intel Core i3 6006U 2GHz,4,1TB HDD,AMD Radeon R5 M420,Linux,2.18,86713.2,2.0,0,1000,0,0,1366.0,768.0,AMD
MSI,Gaming,15.6,4K Ultra HD 3840x2160,Intel Core i7 7700HQ 2.8GHz,16,256GB SSD +  2TB HDD,Nvidia GeForce GTX 1060,Windows 10,1.8,428717.52,2.8,256000,0,0,0,3840.0,2160.0,Nvidia
Toshiba,Notebook,15.6,IPS Panel Full HD 1920x1080,Intel Core i7 6500U 2.5GHz,8,256GB SSD,Intel HD Graphics 520,Windows 10,2.2,260885.52000000002,2.5,256,0,0,1,1920.0,1080.0,Intel
Lenovo,Notebook,15.6,Full HD 1920x1080,Intel Core i5 7200U 2.5GHz,6,1TB HDD,Intel HD Graphics 620,Windows 10,2.4,105174.72,2.5,0,1000,0,0,1920.0,1080.0,Intel
Lenovo,2 in 1 Convertible,15.6,IPS Panel Full HD / Touchscreen 1920x1080,Intel Core i7 7700HQ 2.8GHz,8,256GB SSD,Intel HD Graphics 630,Windows 10,2.0,242237.52000000002,2.8,256,0,1,1,1920.0,1080.0,Intel
Acer,Notebook,14.0,1366x768,Intel Pentium Quad Core N3710 1.6GHz,4,128GB Flash Storage,Intel HD Graphics 405,Windows 10,1.6,65081.520000000004,1.6,128,0,0,0,1366.0,768.0,Intel
Lenovo,Notebook,15.6,IPS Panel 4K Ultra HD 3840x2160,Intel Xeon E3-1535M v6 3.1GHz,32,1TB SSD,Nvidia Quadro M2200M,Windows 10,2.5,913565.52,3.1,1000,0,0,1,3840.0,2160.0,Nvidia
Dell,Gaming,15.6,Full HD 1920x1080,Intel Core i7 6700HQ 2.6GHz,16,1TB HDD,Nvidia GeForce GTX 960<U+039C>,Windows 10,2.59,163917.78480000002,2.6,0,1000,0,0,1920.0,1080.0,Nvidia
Dell,Notebook,15.6,1366x768,Intel Core i3 6006U 2.0GHz,4,1TB HDD,Intel HD Graphics 520,Linux,2.18,82778.472,2.0,0,1000,0,0,1366.0,768.0,Intel
Dell,Notebook,15.6,1366x768,Intel Core i3 6006U 2.0GHz,4,1TB HDD,Intel HD Graphics 520,Linux,2.25,66946.32,2.0,0,1000,0,0,1366.0,768.0,Intel
Dell,Notebook,15.6,1366x768,Intel Core i5 7300U 2.6GHz,4,500GB HDD,Intel HD Graphics 620,Linux,1.93,162051.12,2.6,0,500,0,0,1366.0,768.0,Intel
Asus,Gaming,17.3,Full HD 1920x1080,Intel Core i7 7700HQ 2.8GHz,8,128GB SSD +  1TB HDD,Nvidia GeForce GTX 1050,Windows 10,3.0,217808.64,2.8,128000,0,0,0,1920.0,1080.0,Nvidia
Dell,Notebook,15.6,Full HD 1920x1080,Intel Core i5 7200U 2.5GHz,4,128GB SSD,AMD Radeon R5 M420,Linux,2.18,106107.12,2.5,128,0,0,0,1920.0,1080.0,AMD
HP,Ultrabook,15.6,Full HD 1920x1080,Intel Core i7 7500U 2.7GHz,8,512GB SSD,Intel HD Graphics 620,Windows 10,1.84,259020.72,2.7,512,0,0,0,1920.0,1080.0,Intel
MSI,Gaming,15.6,Full HD 1920x1080,Intel Core i7 7700HQ 2.8GHz,16,256GB SSD +  1TB HDD,Nvidia GeForce GTX 1070,Windows 10,2.94,422910.5328,2.8,256000,0,0,0,1920.0,1080.0,Nvidia
Acer,2 in 1 Convertible,11.6,IPS Panel Touchscreen 1366x768,Intel Celeron Quad Core N3160 1.6GHz,4,32GB Flash Storage,Intel HD Graphics 400,Chrome OS,1.25,70675.92,1.6,32,0,1,1,1366.0,768.0,Intel
HP,Notebook,14.0,1366x768,Intel Core i5 7300U 2.6GHz,8,256GB SSD,Intel HD Graphics 620,Windows 10,2.31,209603.52000000002,2.6,256,0,0,0,1366.0,768.0,Intel
Lenovo,Notebook,14.0,Full HD 1920x1080,Intel Core i5 6200U 2.3GHz,8,256GB SSD,Intel HD Graphics 520,Windows 7,1.65,273193.2,2.3,256,0,0,0,1920.0,1080.0,Intel
Dell,Notebook,15.6,Full HD 1920x1080,Intel Core i5 8250U 1.6GHz,4,1TB HDD,AMD Radeon 530,Windows 10,2.2,144708.47999999998,1.6,0,1000,0,0,1920.0,1080.0,AMD
Fujitsu,Notebook,15.6,1366x768,Intel Core i5 7200U 2.5GHz,8,256GB SSD,Intel HD Graphics 620,Windows 10,2.2,148997.52000000002,2.5,256,0,0,0,1366.0,768.0,Intel
HP,Notebook,15.6,1366x768,Intel Core i5 6200U 2.3GHz,4,500GB HDD,Intel HD Graphics 520,Windows 7,1.88,173799.36,2.3,0,500,0,0,1366.0,768.0,Intel
Lenovo,Notebook,15.6,Full HD 1920x1080,Intel Core i7 7500U 2.7GHz,8,1TB HDD,Nvidia GeForce 920MX,Windows 10,2.2,167645.52000000002,2.7,0,1000,0,0,1920.0,1080.0,Nvidia
Mediacom,Notebook,14.0,Full HD 1920x1080,Intel Atom x5-Z8350 1.44GHz,2,32GB Flash Storage,Intel HD Graphics,Windows 10,1.4,44568.72,1.44,32,0,0,0,1920.0,1080.0,Intel
Lenovo,Notebook,15.6,Full HD 1920x1080,Intel Core i5 7200U 2.5GHz,4,128GB SSD,Intel HD Graphics 620,No OS,2.2,87272.64,2.5,128,0,0,0,1920.0,1080.0,Intel
Asus,2 in 1 Convertible,13.3,Full HD / Touchscreen 1920x1080,Intel Core i5 7200U 2.5GHz,6,1TB HDD,Intel HD Graphics 620,Windows 10,1.5,119162.5848,2.5,0,1000,1,0,1920.0,1080.0,Intel
Dell,Notebook,15.6,Full HD 1920x1080,Intel Core i7 7700HQ 2.8GHz,8,256GB SSD,Nvidia GeForce GTX 1050,Windows 10,2.0,339393.60000000003,2.8,256,0,0,0,1920.0,1080.0,Nvidia
Asus,Ultrabook,14.0,Full HD 1920x1080,Intel Core i7 7500U 2.7GHz,16,512GB SSD,Intel HD Graphics 620,Windows 10,1.1,354312.0,2.7,512,0,0,0,1920.0,1080.0,Intel
Dell,Gaming,15.6,Full HD 1920x1080,Intel Core i7 7700HQ 2.8GHz,16,256GB SSD +  1TB HDD,Nvidia GeForce GTX 1050 Ti,Windows 10,2.62,275803.92,2.8,256000,0,0,0,1920.0,1080.0,Nvidia
Lenovo,Notebook,15.6,Full HD 1920x1080,Intel Core i5 8250U 1.6GHz,4,256GB SSD,Intel UHD Graphics 620,Windows 10,1.8,154591.92,1.6,256,0,0,0,1920.0,1080.0,Intel
Lenovo,Notebook,15.6,Full HD 1920x1080,Intel Core i3 6006U 2GHz,4,1TB HDD,Nvidia GeForce 920MX ,Windows 10,2.2,107971.92,2.0,0,1000,0,0,1920.0,1080.0,Nvidia
Asus,Notebook,15.6,1366x768,Intel Celeron Dual Core N3350 1.1GHz,8,1TB HDD,Intel HD Graphics 500,Windows 10,2.0,74405.52,1.1,0,1000,0,0,1366.0,768.0,Intel
Asus,Notebook,15.6,Full HD 1920x1080,Intel Core i5 7300HQ 2.5GHz,8,1TB HDD,Nvidia GeForce GTX 1050,Windows 10,1.99,169066.4976,2.5,0,1000,0,0,1920.0,1080.0,Nvidia
Dell,Ultrabook,13.3,Quad HD+ / Touchscreen 3200x1800,Intel Core i5 8250U 1.6GHz,8,256GB SSD,Intel UHD Graphics 620,Windows 10,1.23,348531.12,1.6,256,0,1,0,3200.0,1800.0,Intel
Lenovo,Notebook,14.0,1366x768,Intel Celeron Dual Core N3060 1.6GHz,2,32GB Flash Storage,Intel HD Graphics 400,Windows 10,1.42,46433.52,1.6,32,0,0,0,1366.0,768.0,Intel
Lenovo,2 in 1 Convertible,13.3,IPS Panel Full HD / Touchscreen 1920x1080,Intel Core i7 7500U 2.7GHz,8,256GB SSD,Intel HD Graphics 620,Windows 10,1.37,327723.6816,2.7,256,0,1,1,1920.0,1080.0,Intel
Dell,Notebook,15.6,4K Ultra HD / Touchscreen 3840x2160,Intel Core i7 7700HQ 2.8GHz,16,1TB SSD,Nvidia GeForce GTX 1050,Windows 10,2.06,447365.52,2.8,1000,0,1,0,3840.0,2160.0,Nvidia
Lenovo,Gaming,15.6,IPS Panel Full HD 1920x1080,Intel Core i7 7700HQ 2.8GHz,8,128GB SSD +  1TB HDD,Nvidia GeForce GTX 1050M,Windows 10,2.5,206806.31999999998,2.8,128000,0,0,1,1920.0,1080.0,Nvidia
HP,Notebook,17.0,1600x900,AMD A9-Series 9420 3GHz,8,1TB HDD,AMD Radeon R5,Windows 10,2.6,97137.432,3.0,0,1000,0,0,1600.0,900.0,AMD
Lenovo,Ultrabook,14.0,IPS Panel Full HD 1920x1080,Intel Core i7 7500U 2.7GHz,16,512GB SSD,Intel HD Graphics 620,Windows 10,1.14,456876.0,2.7,512,0,0,1,1920.0,1080.0,Intel
Asus,Gaming,15.6,IPS Panel Full HD 1920x1080,Intel Core i7 7700HQ 2.8GHz,8,1TB HDD,Nvidia GeForce GTX 1050 Ti,No OS,2.5,217995.12,2.8,0,1000,0,1,1920.0,1080.0,Nvidia
Acer,Notebook,15.6,1366x768,Intel Core i3 6006U 2GHz,4,500GB HDD,Intel HD Graphics 520,Windows 10,2.4,83916.0,2.0,0,500,0,0,1366.0,768.0,Intel
Lenovo,Notebook,14.0,1366x768,Intel Celeron Dual Core N3060 1.6GHz,4,32GB Flash Storage,Intel HD Graphics,Windows 10,1.43,51095.52,1.6,32,0,0,0,1366.0,768.0,Intel
Acer,Ultrabook,14.0,IPS Panel Full HD 1920x1080,Intel Core i5 7200U 2.5GHz,8,256GB SSD,Intel Graphics 620,Windows 10,1.8,171375.12,2.5,256,0,0,1,1920.0,1080.0,Intel
Razer,Gaming,14.0,Full HD 1920x1080,Intel Core i7 7700HQ 2.8GHz,16,256GB SSD,Nvidia GeForce GTX 1060,Windows 10,1.95,484661.52,2.8,256,0,0,0,1920.0,1080.0,Nvidia
Toshiba,Notebook,13.3,Full HD 1920x1080,Intel Core i5 6200U 2.3GHz,8,256GB SSD,Intel HD Graphics 520,Windows 10,1.2,226200.24,2.3,256,0,0,0,1920.0,1080.0,Intel
Lenovo,Ultrabook,12.5,IPS Panel Full HD 1920x1080,Intel Core i7 7500U 2.7GHz,8,256GB SSD,Intel HD Graphics 620,Windows 10,1.36,295384.32,2.7,256,0,0,1,1920.0,1080.0,Intel
Asus,Gaming,17.3,IPS Panel Full HD 1920x1080,Intel Core i7 6820HK 2.7GHz,32,512GB SSD,Nvidia GeForce GTX 1080,Windows 10,3.8,521957.52,2.7,512,0,0,1,1920.0,1080.0,Nvidia
Acer,Gaming,15.6,Full HD 1920x1080,Intel Core i5 7300HQ 2.5GHz,8,1TB HDD,Nvidia GeForce GTX 1050,Linux,2.4,132214.31999999998,2.5,0,1000,0,0,1920.0,1080.0,Nvidia
Dell,Ultrabook,13.3,Full HD 1920x1080,Intel Core i5 8250U 1.6GHz,8,256GB SSD,Intel UHD Graphics 620,Windows 10,1.2,270377.352,1.6,256,0,0,0,1920.0,1080.0,Intel
MSI,Gaming,15.6,Full HD 1920x1080,Intel Core i7 7700HQ 2.8GHz,8,128GB SSD +  1TB HDD,Nvidia GeForce GTX 1050 Ti,Windows 10,2.2,222246.86399999997,2.8,128000,0,0,0,1920.0,1080.0,Nvidia
HP,Notebook,15.6,1366x768,Intel Core i3 6006U 2GHz,4,500GB HDD,Intel HD Graphics 520,No OS,1.86,68046.552,2.0,0,500,0,0,1366.0,768.0,Intel
Toshiba,Notebook,15.6,IPS Panel Full HD 1920x1080,Intel Core i5 7200U 2.5GHz,8,500GB HDD,Intel HD Graphics 620,Windows 10,2.0,198414.72,2.5,0,500,0,1,1920.0,1080.0,Intel
Dell,Notebook,15.6,Full HD 1920x1080,Intel Core i7 8550U 1.8GHz,8,256GB SSD,AMD Radeon 530,Windows 10,2.2,171375.12,1.8,256,0,0,0,1920.0,1080.0,AMD
Dell,Notebook,15.6,Full HD 1920x1080,Intel Core i7 8550U 1.8GHz,16,256GB SSD +  2TB HDD,AMD Radeon 530,Windows 10,2.2,211654.80000000002,1.8,256000,0,0,0,1920.0,1080.0,AMD
Lenovo,Gaming,15.6,IPS Panel Full HD 1920x1080,Intel Core i7 6700HQ 2.6GHz,8,128GB SSD +  1TB HDD,Nvidia GeForce GTX 960,Windows 10,3.31,223030.08,2.6,128000,0,0,1,1920.0,1080.0,Nvidia
Dell,Gaming,17.3,IPS Panel 4K Ultra HD 3840x2160,Intel Core i7 7700HQ 2.8GHz,32,512GB SSD +  1TB HDD,Nvidia GeForce GTX 1070,Windows 10,4.42,586921.5576,2.8,512000,0,0,1,3840.0,2160.0,Nvidia
Dell,Notebook,14.0,Full HD 1920x1080,Intel Core i5 6300U 2.4GHz,8,256GB SSD,Intel HD Graphics 520,Windows 10,1.56,229183.92,2.4,256,0,0,0,1920.0,1080.0,Intel
Lenovo,Notebook,15.6,1366x768,Intel Celeron Dual Core N3350 1.1GHz,4,500GB HDD,Intel HD Graphics 500,Windows 10,2.2,78135.12,1.1,0,500,0,0,1366.0,768.0,Intel
Lenovo,Notebook,15.6,Full HD 1920x1080,Intel Core i5 6200U 2.3GHz,4,500GB HDD,Intel HD Graphics 520,Windows 10,2.2,99766.8,2.3,0,500,0,0,1920.0,1080.0,Intel
HP,Notebook,15.6,1920x1080,Intel Core i3 6006U 2GHz,6,1TB HDD,AMD Radeon R5 M430,Windows 10,2.04,100512.72,2.0,0,1000,0,0,1920.0,1080.0,AMD
MSI,Gaming,17.3,Full HD 1920x1080,Intel Core i7 7700HQ 2.8GHz,8,128GB SSD +  1TB HDD,Nvidia GeForce GTX 1060,Windows 10,2.7,277252.8696,2.8,128000,0,0,0,1920.0,1080.0,Nvidia
Toshiba,Notebook,15.6,1366x768,Intel Core i3 6100U 2.1GHz,4,128GB SSD,Intel HD Graphics 520,Windows 10,2.1,92867.04,2.1,128,0,0,0,1366.0,768.0,Intel
Dell,Notebook,15.6,Full HD 1920x1080,Intel Core i5 7200U 2.5GHz,8,1TB HDD,Intel HD Graphics 620,Windows 10,2.06,178088.4,2.5,0,1000,0,0,1920.0,1080.0,Intel
HP,Notebook,15.6,Full HD 1920x1080,Intel Core i7 7500U 2.7GHz,8,1TB HDD,AMD Radeon 530,Windows 10,2.1,138927.6,2.7,0,1000,0,0,1920.0,1080.0,AMD
Toshiba,Notebook,15.6,IPS Panel Full HD 1920x1080,Intel Core i5 7200U 2.5GHz,8,256GB SSD,Intel HD Graphics 620,Windows 10,2.0,234591.83999999997,2.5,256,0,0,1,1920.0,1080.0,Intel
Acer,Notebook,15.6,1366x768,Intel Core i3 6006U 2GHz,4,128GB SSD,Intel HD Graphics 520,Linux,2.1,76829.76000000001,2.0,128,0,0,0,1366.0,768.0,Intel
Microsoft,Ultrabook,13.5,Touchscreen 2256x1504,Intel Core i7 7600U 2.8GHz,8,256GB SSD,Intel Iris Plus Graphics 640,Windows 10 S,1.252,348316.668,2.8,256,0,1,0,2256.0,1504.0,Intel
Lenovo,Notebook,15.6,Full HD 1920x1080,Intel Core i5 7200U 2.5GHz,8,128GB SSD +  1TB HDD,AMD Radeon R5 M430,Windows 10,1.9,152531.316,2.5,128000,0,0,0,1920.0,1080.0,AMD
Lenovo,2 in 1 Convertible,13.3,IPS Panel Full HD / Touchscreen 1920x1080,Intel Core i5 7200U 2.5GHz,8,256GB SSD,Intel HD Graphics 620,Windows 10,1.3,192820.31999999998,2.5,256,0,1,1,1920.0,1080.0,Intel
Lenovo,Notebook,15.6,1366x768,AMD E-Series E2-9000 2.2GHz,4,128GB SSD,AMD Radeon R2 Graphics,Windows 10,2.2,65081.520000000004,2.2,128,0,0,0,1366.0,768.0,AMD
HP,2 in 1 Convertible,14.0,IPS Panel Full HD / Touchscreen 1920x1080,Intel Core i3 7100U 2.4GHz,4,128GB SSD,Nvidia GeForce 940MX,Windows 10,1.63,130349.52,2.4,128,0,1,1,1920.0,1080.0,Nvidia
MSI,Gaming,15.6,Full HD 1920x1080,Intel Core i7 7700HQ 2.8GHz,16,256GB SSD +  1TB HDD,Nvidia GeForce GTX 1050,Windows 10,2.4,241305.11999999997,2.8,256000,0,0,0,1920.0,1080.0,Nvidia
Asus,Ultrabook,14.0,Full HD 1920x1080,Intel Core i5 7200U 2.5GHz,8,256GB SSD,Intel HD Graphics 620,Windows 10,1.1,211654.80000000002,2.5,256,0,0,0,1920.0,1080.0,Intel
HP,2 in 1 Convertible,11.6,Touchscreen 1366x768,Intel Celeron Dual Core N3350 1.1GHz,8,64GB Flash Storage,Intel HD Graphics 500,Chrome OS,1.4,92307.59999999999,1.1,64,0,1,0,1366.0,768.0,Intel
LG,Ultrabook,15.6,IPS Panel Full HD 1920x1080,Intel Core i7 8550U 1.8GHz,8,512GB SSD,Intel HD Graphics 620,Windows 10,1.09,428717.52,1.8,512,0,0,1,1920.0,1080.0,Intel
Acer,Gaming,15.6,Full HD 1920x1080,Intel Core i5 7300HQ 2.5GHz,16,256GB SSD,Nvidia GeForce GTX 1050 Ti,Windows 10,2.5,242237.52000000002,2.5,256,0,0,0,1920.0,1080.0,Nvidia
MSI,Gaming,15.6,Full HD 1920x1080,Intel Core i5 7300HQ 2.5GHz,8,256GB SSD,Nvidia GeForce GTX 1050,Windows 10,2.2,186088.392,2.5,256,0,0,0,1920.0,1080.0,Nvidia
Asus,Notebook,15.6,1366x768,Intel Celeron Dual Core N3350 1.1GHz,4,128GB SSD,Intel HD Graphics 500,Windows 10,1.86,78135.12,1.1,128,0,0,0,1366.0,768.0,Intel
Dell,Gaming,15.6,Full HD 1920x1080,Intel Core i5 7300HQ 2.5GHz,16,128GB SSD +  1TB HDD,Nvidia GeForce GTX 1060,Windows 10,3.21,382470.48,2.5,128000,0,0,0,1920.0,1080.0,Nvidia
HP,Notebook,17.3,IPS Panel Full HD 1920x1080,Intel Core i3 6006U 2GHz,4,256GB SSD,AMD Radeon R5 520,Windows 10,2.5,130349.52,2.0,256,0,0,1,1920.0,1080.0,AMD
Lenovo,2 in 1 Convertible,13.3,IPS Panel Full HD / Touchscreen 1920x1080,Intel Core i7 8550U 1.8GHz,8,512GB SSD,Intel UHD Graphics 620,Windows 10,1.19,279533.52,1.8,512,0,1,1,1920.0,1080.0,Intel
Dell,Gaming,15.6,Full HD 1920x1080,Intel Core i7 7820HK 2.9GHz,16,256GB SSD +  1TB HDD,Nvidia GeForce GTX 1070,Windows 10,3.49,524708.1,2.9,256000,0,0,0,1920.0,1080.0,Nvidia
HP,Notebook,15.6,1366x768,Intel Core i5 7200U 2.5GHz,4,500GB HDD,AMD Radeon 520,Windows 10,1.86,114239.5128,2.5,0,500,0,0,1366.0,768.0,AMD
Dell,Notebook,15.6,1366x768,Intel Core i3 6006U 2GHz,4,1TB HDD,AMD Radeon R5 M430,Windows 10,2.2,101756.54159999998,2.0,0,1000,0,0,1366.0,768.0,AMD
HP,Notebook,17.3,IPS Panel Full HD 1920x1080,AMD A10-Series 9600P 2.4GHz,6,2TB HDD,AMD Radeon R7 M440,Windows 10,2.65,106107.12,2.4,0,2000,0,1,1920.0,1080.0,AMD
Lenovo,Notebook,15.6,1366x768,Intel Celeron Dual Core 3855U 1.6GHz,4,500GB HDD,Intel HD Graphics 510,Windows 10,2.1,59300.64,1.6,0,500,0,0,1366.0,768.0,Intel
Acer,Notebook,14.0,1366x768,Intel Celeron Dual Core 3855U 1.6GHz,4,32GB Flash Storage,Intel HD Graphics 510,Chrome OS,1.45,69930.0,1.6,32,0,0,0,1366.0,768.0,Intel
Lenovo,Notebook,14.0,Full HD 1920x1080,Intel Core i5 7200U 2.5GHz,4,256GB SSD,Intel HD Graphics 620,Windows 10,1.7,130349.52,2.5,256,0,0,0,1920.0,1080.0,Intel
HP,Workstation,17.3,Full HD 1920x1080,Intel Core i7 7700HQ 2.8GHz,8,500GB HDD,Nvidia Quadro M1200,Windows 10,3.14,355801.9752,2.8,0,500,0,0,1920.0,1080.0,Nvidia
Lenovo,2 in 1 Convertible,14.0,Touchscreen 2560x1440,Intel Core i7 7500U 2.7GHz,8,256GB SSD,Intel HD Graphics 620,Windows 10,1.42,482983.19999999995,2.7,256,0,1,0,2560.0,1440.0,Intel
Toshiba,Notebook,13.3,IPS Panel Full HD 1920x1080,Intel Core i5 7200U 2.5GHz,8,256GB SSD,Intel HD Graphics 620,Windows 10,1.5,181445.04,2.5,256,0,0,1,1920.0,1080.0,Intel
Acer,Netbook,11.6,1366x768,Intel Celeron Dual Core N3050 1.6GHz,4,32GB Flash Storage,Intel HD Graphics,Windows 10,1.4,50163.119999999995,1.6,32,0,0,0,1366.0,768.0,Intel
Lenovo,2 in 1 Convertible,14.0,Full HD / Touchscreen 1920x1080,Intel Core i7 7500U 2.7GHz,16,512GB SSD,Intel HD Graphics 620,Windows 10,1.38,326153.52,2.7,512,0,1,0,1920.0,1080.0,Intel
Asus,2 in 1 Convertible,12.5,Full HD / Touchscreen 1920x1080,Intel Core M M3-6Y30 0.9GHz,4,64GB Flash Storage,Intel HD Graphics 515,Chrome OS,1.2,124755.12,0.9,64,0,1,0,1920.0,1080.0,Intel
Toshiba,Ultrabook,13.3,Full HD / Touchscreen 1920x1080,Intel Core i7 6500U 2.5GHz,16,512GB SSD,Intel HD Graphics 520,Windows 10,1.36,350022.95999999996,2.5,512,0,1,0,1920.0,1080.0,Intel
HP,Notebook,15.6,IPS Panel Full HD 1920x1080,Intel Core i7 7500U 2.7GHz,4,500GB HDD,AMD Radeon 530,Windows 10,2.1,128484.72,2.7,0,500,0,1,1920.0,1080.0,AMD
Dell,Gaming,15.6,Full HD 1920x1080,Intel Core i5 7300HQ 2.5GHz,8,1TB HDD,Nvidia GeForce GTX 1050,Windows 10,2.56,152727.12,2.5,0,1000,0,0,1920.0,1080.0,Nvidia
Lenovo,Notebook,15.6,Full HD 1920x1080,AMD A9-Series 9420 2.9GHz,4,256GB SSD,AMD Radeon 530,Windows 10,2.2,74405.52,2.9,256,0,0,0,1920.0,1080.0,AMD
Lenovo,Notebook,15.6,1366x768,AMD A12-Series 9720P 3.6GHz,8,1TB HDD,AMD Radeon R7,Windows 10,2.2,79999.92,3.6,0,1000,0,0,1366.0,768.0,AMD
Lenovo,Notebook,15.6,Full HD 1920x1080,Intel Core i5 7200U 2.5GHz,4,1TB HDD +  1TB HDD,Intel HD Graphics 620,Windows 10,2.1,115887.996,2.5,0,11000,0,0,1920.0,1080.0,Intel
Lenovo,Notebook,15.6,1366x768,Intel Core i3 6006U 2GHz,4,500GB HDD,Intel HD Graphics 520,No OS,1.9,83916.0,2.0,0,500,0,0,1366.0,768.0,Intel
Dell,Notebook,15.6,Full HD 1920x1080,Intel Core i5 7200U 2.5GHz,8,256GB SSD,Intel HD Graphics 620,Windows 10,2.18,148251.6,2.5,256,0,0,0,1920.0,1080.0,Intel
Acer,2 in 1 Convertible,13.3,IPS Panel Full HD / Touchscreen 1920x1080,Intel Core i5 8250U 1.6GHz,8,256GB SSD,Intel UHD Graphics 620,Windows 10,1.6,186293.52000000002,1.6,256,0,1,1,1920.0,1080.0,Intel
Lenovo,Workstation,15.6,Full HD 1920x1080,Intel Core i7 6500U 2.5GHz,16,512GB SSD,Nvidia Quadro M520M,Windows 7,2.18,345920.39999999997,2.5,512,0,0,0,1920.0,1080.0,Nvidia
Lenovo,Notebook,14.0,Full HD 1920x1080,Intel Core i5 6300HQ 2.3GHz,8,256GB SSD,Intel HD Graphics 520,Windows 10,1.8,222097.68000000002,2.3,256,0,0,0,1920.0,1080.0,Intel
HP,Notebook,17.3,IPS Panel Full HD 1920x1080,AMD A10-Series 9620P 2.5GHz,6,2TB HDD,AMD Radeon 530,Windows 10,2.71,122146.26479999998,2.5,0,2000,0,1,1920.0,1080.0,AMD
Lenovo,Gaming,15.6,IPS Panel Full HD 1920x1080,Intel Core i7 7700HQ 2.8GHz,8,128GB SSD +  1TB HDD,Nvidia GeForce GTX 1050 Ti,Windows 10,2.5,232913.52000000002,2.8,128000,0,0,1,1920.0,1080.0,Nvidia
Dell,Notebook,14.0,Full HD 1920x1080,Intel Core i5 7440HQ 2.8GHz,8,256GB SSD,Nvidia GeForce 930MX,Linux,1.64,203076.72,2.8,256,0,0,0,1920.0,1080.0,Nvidia
Dell,Notebook,15.6,Full HD 1920x1080,Intel Core i5 7200U 2.5GHz,8,1TB HDD,Intel HD Graphics 620,Linux,1.98,135384.47999999998,2.5,0,1000,0,0,1920.0,1080.0,Intel
Asus,Notebook,14.0,Full HD 1920x1080,Intel Celeron Dual Core N3350 1.1GHz,4,32GB Flash Storage,Intel HD Graphics 500,Windows 10,1.5,55571.04,1.1,32,0,0,0,1920.0,1080.0,Intel
Dell,Notebook,15.6,Full HD 1920x1080,Intel Core i5 7300U 2.6GHz,16,512GB SSD,Intel HD Graphics 620,Windows 10,1.93,266043.5568,2.6,512,0,0,0,1920.0,1080.0,Intel
Lenovo,Notebook,14.0,IPS Panel Full HD 1920x1080,Intel Core i5 7200U 2.5GHz,8,256GB SSD,Nvidia GeForce 920MX,Windows 10,1.87,159826.4136,2.5,256,0,0,1,1920.0,1080.0,Nvidia
Dell,Notebook,15.6,Full HD 1920x1080,Intel Core i5 7300U 2.6GHz,8,256GB SSD,Intel HD Graphics 620,Windows 10,1.9,219859.92,2.6,256,0,0,0,1920.0,1080.0,Intel
Lenovo,Notebook,15.6,1366x768,AMD A6-Series 7310 2GHz,4,500GB HDD,AMD Radeon R4,Windows 10,2.19,55571.04,2.0,0,500,0,0,1366.0,768.0,AMD
Mediacom,Notebook,14.0,IPS Panel Full HD 1920x1200,Intel Atom Z8350 1.92GHz,4,32GB HDD,Intel HD Graphics 400,Windows 10,1.4,49417.200000000004,1.92,0,32,0,1,1920.0,1200.0,Intel
HP,Notebook,17.3,Full HD 1920x1080,Intel Core i7 7500U 2.7GHz,8,256GB SSD,Nvidia GeForce 930MX,Windows 10,2.63,223776.0,2.7,256,0,0,0,1920.0,1080.0,Nvidia
Lenovo,Ultrabook,14.0,IPS Panel Quad HD+ 2560x1440,Intel Core i7 6500U 2.5GHz,8,512GB SSD,Intel HD Graphics 520,Windows 10,1.17,314524.6272,2.5,512,0,0,1,2560.0,1440.0,Intel
HP,2 in 1 Convertible,13.3,IPS Panel Touchscreen 1366x768,Intel Core i5 7200U 2.5GHz,8,256GB SSD,Intel HD Graphics 620,Windows 10,1.58,156009.168,2.5,256,0,1,1,1366.0,768.0,Intel
Lenovo,Ultrabook,14.0,IPS Panel Full HD 1920x1080,Intel Core i5 7200U 2.5GHz,8,256GB SSD,Intel HD Graphics 620,Windows 10,1.32,279533.52,2.5,256,0,0,1,1920.0,1080.0,Intel
Dell,Gaming,17.3,4K Ultra HD 3840x2160,Intel Core i7 7700HQ 2.8GHz,32,1TB SSD +  1TB HDD,Nvidia GeForce GTX 1070,Windows 10,4.36,682404.912,2.8,11000,0,0,0,3840.0,2160.0,Nvidia
MSI,Gaming,17.3,Full HD 1920x1080,Intel Core i7 7700HQ 2.8GHz,8,128GB SSD +  1TB HDD,Nvidia GeForce GTX 1050 Ti,Windows 10,2.7,251464.5504,2.8,128000,0,0,0,1920.0,1080.0,Nvidia
Lenovo,Notebook,15.6,1366x768,Intel Core i5 7200U 2.5GHz,4,1TB HDD,Intel HD Graphics 620,No OS,1.9,91356.552,2.5,0,1000,0,0,1366.0,768.0,Intel
Dell,Notebook,15.6,Full HD 1920x1080,Intel Core i5 8250U 1.6GHz,8,128GB SSD +  1TB HDD,AMD Radeon 530,Windows 10,2.2,134079.12,1.6,128000,0,0,0,1920.0,1080.0,AMD
Dell,2 in 1 Convertible,13.3,Full HD / Touchscreen 1920x1080,Intel Core i3 7100U 2.4GHz,4,1TB HDD,Intel HD Graphics 620,Windows 10,1.71,121025.52,2.4,0,1000,1,0,1920.0,1080.0,Intel
Dell,Notebook,15.6,1366x768,Intel Core i5 7200U 2.5GHz,8,1TB HDD,AMD Radeon R7 M445,Linux,2.32,109933.6896,2.5,0,1000,0,0,1366.0,768.0,AMD
HP,Notebook,15.6,Full HD 1920x1080,AMD A9-Series 9420 3GHz,4,1TB HDD,AMD Radeon 520,Windows 10,2.1,91188.72,3.0,0,1000,0,0,1920.0,1080.0,AMD
Acer,Gaming,17.3,IPS Panel Full HD 1920x1080,Intel Core i7 6700HQ 2.6GHz,16,128GB SSD +  1TB HDD,Nvidia GeForce GTX 1060,Windows 10,4.2,360838.8,2.6,128000,0,0,1,1920.0,1080.0,Nvidia
Dell,Notebook,15.6,1366x768,Intel Core i5 7200U 2.5GHz,12,1TB HDD,Intel HD Graphics 620,Windows 10,2.25,121025.52,2.5,0,1000,0,0,1366.0,768.0,Intel
HP,Notebook,15.6,Full HD 1920x1080,AMD A9-Series A9-9420 3GHz,6,128GB SSD +  1TB HDD,AMD Radeon 520,Windows 10,2.1,121212.0,3.0,128000,0,0,0,1920.0,1080.0,AMD
Acer,Notebook,15.6,1366x768,Intel Core i5 7200U 2.5GHz,4,500GB HDD,Intel HD Graphics 620,Windows 10,2.4,104242.32,2.5,0,500,0,0,1366.0,768.0,Intel
Lenovo,Notebook,13.3,IPS Panel Full HD 1920x1080,Intel Core i5 7200U 2.5GHz,8,256GB SSD,Intel HD Graphics 620,Windows 10,1.44,179020.80000000002,2.5,256,0,0,1,1920.0,1080.0,Intel
Lenovo,Notebook,15.6,Full HD 1920x1080,Intel Core i7 7500U 2.7GHz,4,1TB HDD,Intel HD Graphics 620,Windows 10,1.85,145267.92,2.7,0,1000,0,0,1920.0,1080.0,Intel
HP,Workstation,15.6,Full HD 1920x1080,Intel Core i7 7700HQ 2.8GHz,16,256GB SSD,Nvidia Quadro M2200,Windows 10,2.6,451095.12,2.8,256,0,0,0,1920.0,1080.0,Nvidia
Dell,2 in 1 Convertible,13.3,Full HD / Touchscreen 1920x1080,Intel Core i5 8250U 1.6GHz,8,1TB HDD,Intel UHD Graphics 620,Windows 10,1.55,122890.31999999999,1.6,0,1000,1,0,1920.0,1080.0,Intel
MSI,Gaming,15.6,Full HD 1920x1080,Intel Core i7 7700HQ 2.8GHz,16,256GB SSD +  1TB HDD,Nvidia GeForce GTX 1060,Windows 10,1.8,390578.6304,2.8,256000,0,0,0,1920.0,1080.0,Nvidia
Acer,Notebook,15.6,1366x768,Intel Core i3 6006U 2GHz,4,500GB HDD,Intel HD Graphics 520,Windows 10,2.4,76605.984,2.0,0,500,0,0,1366.0,768.0,Intel
Dell,Notebook,15.6,Full HD 1920x1080,Intel Core i7 7500U 2.7GHz,8,128GB SSD +  1TB HDD,Nvidia GeForce 940MX,Windows 10,2.0,225081.36,2.7,128000,0,0,0,1920.0,1080.0,Nvidia
Dell,Notebook,15.6,1366x768,Intel Core i3 6006U 2GHz,8,256GB SSD,Intel HD Graphics 520,Windows 10,2.0,124009.19999999998,2.0,256,0,0,0,1366.0,768.0,Intel
Toshiba,Notebook,14.0,IPS Panel Full HD / Touchscreen 1920x1080,Intel Core i5 7200U 2.5GHz,8,256GB SSD,Intel HD Graphics 620,Windows 10,1.25,286246.8,2.5,256,0,1,1,1920.0,1080.0,Intel
Lenovo,2 in 1 Convertible,14.0,Full HD / Touchscreen 1920x1080,Intel Core i5 7200U 2.5GHz,8,256GB SSD,Intel HD Graphics 620,Windows 10,1.7,186293.52000000002,2.5,256,0,1,0,1920.0,1080.0,Intel
Lenovo,Workstation,15.6,IPS Panel 4K Ultra HD 3840x2160,Intel Core i7 7600U 2.8GHz,16,1TB SSD,Nvidia Quadro M520M,Windows 10,2.5,615197.52,2.8,1000,0,0,1,3840.0,2160.0,Nvidia
Acer,Notebook,14.0,1366x768,Intel Celeron Dual Core N3060 1.6GHz,2,32GB Flash Storage,Intel HD Graphics 400,Chrome OS,1.68,61538.399999999994,1.6,32,0,0,0,1366.0,768.0,Intel
Samsung,Ultrabook,13.3,Full HD 1920x1080,Intel Core i7 7500U 2.7GHz,16,256GB SSD,Intel HD Graphics 620,Windows 10,0.81,307505.52,2.7,256,0,0,0,1920.0,1080.0,Intel
HP,Notebook,15.6,Full HD 1920x1080,Intel Core i3 6006U 2GHz,8,256GB SSD,Intel HD Graphics 520,Windows 10,1.86,100512.72,2.0,256,0,0,0,1920.0,1080.0,Intel
Dell,Notebook,14.0,1366x768,Intel Core i5 7200U 2.5GHz,8,256GB SSD,Intel HD Graphics 620,Windows 10,1.6,210108.8808,2.5,256,0,0,0,1366.0,768.0,Intel
HP,Workstation,17.3,IPS Panel Full HD 1920x1080,Intel Xeon E3-1535M v5 2.9GHz,16,256GB SSD,Nvidia Quadro M2000M,Windows 7,3.0,818460.7200000001,2.9,256,0,0,1,1920.0,1080.0,Nvidia
Lenovo,Netbook,11.6,Touchscreen 1366x768,Intel Celeron Dual Core N3060 1.6GHz,4,128GB SSD,Intel HD Graphics 400,Windows 10,1.4,88578.0,1.6,128,0,1,0,1366.0,768.0,Intel
HP,Notebook,15.6,Full HD 1920x1080,Intel Core i5 6300U 2.4GHz,8,256GB SSD,Intel HD Graphics 520,Windows 10,1.84,354312.0,2.4,256,0,0,0,1920.0,1080.0,Intel
Asus,Notebook,15.6,1366x768,Intel Core i5 6300HQ 2.3GHz,4,1TB HDD,Nvidia GeForce GTX 950M,No OS,2.45,107971.92,2.3,0,1000,0,0,1366.0,768.0,Nvidia
Lenovo,Ultrabook,14.0,Full HD 1920x1080,Intel Core i5 6200U 2.3GHz,4,180GB SSD,Intel HD Graphics 520,Windows 10,1.7,204382.08,2.3,180,0,0,0,1920.0,1080.0,Intel
Asus,Notebook,15.6,1366x768,Intel Core i7 7500U 2.7GHz,4,256GB SSD,Intel HD Graphics 620,Windows 10,2.37,158489.35199999998,2.7,256,0,0,0,1366.0,768.0,Intel
Lenovo,2 in 1 Convertible,13.3,IPS Panel Quad HD+ / Touchscreen 3200x1800,Intel Core i5 6260U 1.8GHz,8,256GB SSD,Intel HD Graphics 540,Windows 10,1.3,223589.52000000002,1.8,256,0,1,1,3200.0,1800.0,Intel
HP,Notebook,15.6,IPS Panel Full HD 1920x1080,Intel Core i5 7300HQ 2.5GHz,8,128GB SSD +  1TB HDD,Nvidia GeForce GTX 1050,Windows 10,2.2,204941.52000000002,2.5,128000,0,0,1,1920.0,1080.0,Nvidia
HP,Workstation,15.6,Full HD 1920x1080,Intel Core i7 6700HQ 2.6GHz,8,256GB SSD,Nvidia Quadro M1000M,Windows 7,2.59,291095.28,2.6,256,0,0,0,1920.0,1080.0,Nvidia
Dell,Gaming,15.6,IPS Panel 4K Ultra HD 3840x2160,Intel Core i7 7700HQ 2.8GHz,16,256GB SSD +  1TB HDD,Nvidia GeForce GTX 1070,Windows 10,4.42,535009.2552,2.8,256000,0,0,1,3840.0,2160.0,Nvidia
Acer,Notebook,15.6,1366x768,Intel Core i5 7200U 2.5GHz,4,256GB SSD,Intel HD Graphics 620,Windows 10,2.1,111701.52,2.5,256,0,0,0,1366.0,768.0,Intel
Lenovo,Gaming,15.6,IPS Panel Full HD 1920x1080,Intel Core i7 7700HQ 2.8GHz,8,128GB SSD +  1TB HDD,Nvidia GeForce GTX 1050,Windows 10,2.5,195431.04,2.8,128000,0,0,1,1920.0,1080.0,Nvidia
Dell,Ultrabook,12.5,Full HD 1920x1080,Intel Core i7 7600U 2.8GHz,16,256GB SSD,Intel HD Graphics 620,Windows 10,1.18,346666.32,2.8,256,0,0,0,1920.0,1080.0,Intel
Google,Ultrabook,12.3,Touchscreen 2400x1600,Intel Core i5 7Y57 1.2GHz,8,256GB SSD,Intel HD Graphics 615,Chrome OS,1.1,290722.32,1.2,256,0,1,0,2400.0,1600.0,Intel
Asus,Ultrabook,13.3,IPS Panel Quad HD+ 3200x1800,Intel Core i5 7200U 2.5GHz,8,256GB SSD,Intel HD Graphics 620,Windows 10,1.2,210535.92,2.5,256,0,0,1,3200.0,1800.0,Intel
Dell,Notebook,13.3,1366x768,Intel Core i3 6006U 2GHz,4,500GB HDD,Intel HD Graphics 520,Windows 10,1.65,158321.52000000002,2.0,0,500,0,0,1366.0,768.0,Intel
Acer,Notebook,13.3,1366x768,Intel Core i5 6200U 2.3GHz,4,128GB SSD,Intel HD Graphics 520,Windows 10,1.6,122144.40000000001,2.3,128,0,0,0,1366.0,768.0,Intel
Asus,Notebook,17.3,1366x768,Intel Pentium Quad Core N4200 1.1GHz,4,1TB HDD,Nvidia GeForce 920MX,Windows 10,2.8,87709.00319999998,1.1,0,1000,0,0,1366.0,768.0,Nvidia
Dell,Gaming,15.6,IPS Panel Touchscreen / 4K Ultra HD 3840x2160,Intel Core i7 6700HQ 2.6GHz,16,128GB SSD +  1TB HDD,Nvidia GeForce GTX 960M,Windows 10,2.72,204941.52000000002,2.6,128000,0,1,1,3840.0,2160.0,Nvidia
Samsung,Ultrabook,13.3,Full HD / Touchscreen 1920x1080,Intel Core i7 7500U 2.7GHz,8,256GB SSD,Intel HD Graphics 620,Windows 10,1.31,298181.52,2.7,256,0,1,0,1920.0,1080.0,Intel
Acer,Notebook,15.6,1366x768,Intel Pentium Quad Core N4200 1.1GHz,4,1TB HDD,Intel HD Graphics 505,Linux,2.1,55571.04,1.1,0,1000,0,0,1366.0,768.0,Intel
Dell,Notebook,15.6,Full HD 1920x1080,Intel Core i7 7500U 2.7GHz,16,256GB SSD,AMD Radeon R7 M445,Windows 10,2.3,220283.22960000002,2.7,256,0,0,0,1920.0,1080.0,AMD
Samsung,2 in 1 Convertible,15.0,Full HD / Touchscreen 1920x1080,Intel Core i7 7500U 2.7GHz,16,256GB SSD,AMD Radeon 540,Windows 10,1.71,335477.52,2.7,256,0,1,0,1920.0,1080.0,AMD
Toshiba,Notebook,14.0,IPS Panel 1366x768,Intel Core i5 6200U 2.3GHz,4,128GB SSD,Intel HD Graphics 520,Windows 10,1.75,190209.6,2.3,128,0,0,1,1366.0,768.0,Intel
Dell,Gaming,15.6,Full HD 1920x1080,Intel Core i7 7700HQ 2.8GHz,8,1TB HDD,Nvidia GeForce GTX 1050,Windows 10,2.62,204941.52000000002,2.8,0,1000,0,0,1920.0,1080.0,Nvidia
HP,Ultrabook,12.5,1366x768,Intel Core i5 6200U 2.3GHz,4,256GB SSD,Intel HD Graphics 520,Windows 10,1.26,231981.11999999997,2.3,256,0,0,0,1366.0,768.0,Intel
Asus,2 in 1 Convertible,15.6,Full HD / Touchscreen 1920x1080,Intel Core i7 7500U 2.7GHz,12,2TB HDD,Nvidia GeForce 940MX,Windows 10,2.3,156456.72,2.7,0,2000,1,0,1920.0,1080.0,Nvidia
Lenovo,Notebook,15.6,4K Ultra HD 3840x2160,Intel Core i7 6820HQ 2.7GHz,16,512GB SSD,Nvidia Quadro M2000M,Windows 7,2.5,441957.60000000003,2.7,512,0,0,0,3840.0,2160.0,Nvidia
Acer,Notebook,14.0,IPS Panel Full HD 1920x1080,Intel Core i3 7100U 2.4GHz,4,128GB SSD,Intel HD Graphics 620,Windows 10,1.8,118601.28,2.4,128,0,0,1,1920.0,1080.0,Intel
Razer,Gaming,14.0,Full HD 1920x1080,Intel Core i7 7700HQ 2.8GHz,16,512GB SSD,Nvidia GeForce GTX 1060,Windows 10,1.95,540605.52,2.8,512,0,0,0,1920.0,1080.0,Nvidia
Asus,Notebook,15.6,1920x1080,Intel Pentium Dual Core N4200 1.1GHz,8,128GB SSD,Intel HD Graphics 505,Windows 10,2.0,108512.712,1.1,128,0,0,0,1920.0,1080.0,Intel
Dell,Gaming,17.3,IPS Panel Full HD 1920x1080,Intel Core i7 7700HQ 2.8GHz,32,1TB SSD +  1TB HDD,Nvidia GeForce GTX 1070M,Windows 10,4.42,669239.424,2.8,11000,0,0,1,1920.0,1080.0,Nvidia
Asus,Gaming,17.3,IPS Panel Full HD 1920x1080,Intel Core i7 6700HQ 2.6GHz,16,256GB SSD +  1TB HDD,Nvidia GeForce GTX 1070,Windows 10,4.3,438228.0,2.6,256000,0,0,1,1920.0,1080.0,Nvidia
Toshiba,Ultrabook,14.0,IPS Panel Full HD 1920x1080,Intel Core i7 6600U 2.6GHz,16,512GB SSD,Nvidia GeForce 930M,Windows 10,1.47,328950.72,2.6,512,0,0,1,1920.0,1080.0,Nvidia
Lenovo,Notebook,15.6,1366x768,Intel Celeron Quad Core N3710 1.6GHz,8,1TB HDD,Intel HD Graphics 405,No OS,2.2,61351.92,1.6,0,1000,0,0,1366.0,768.0,Intel
Lenovo,Ultrabook,14.0,Full HD 1920x1080,Intel Core i7 7500U 2.7GHz,16,512GB SSD,Intel HD Graphics 620,Windows 10,1.7,428717.52,2.7,512,0,0,0,1920.0,1080.0,Intel
MSI,Gaming,14.0,IPS Panel Full HD 1920x1080,Intel Core i7 7700HQ 2.8GHz,16,256GB SSD +  1TB HDD,Nvidia GeForce GTX 1060,Windows 10,1.6,352633.68,2.8,256000,0,0,1,1920.0,1080.0,Nvidia
MSI,Gaming,15.6,Full HD 1920x1080,Intel Core i5 7300HQ 2.5GHz,8,128GB SSD +  1TB HDD,Nvidia GeForce GTX 1050,Windows 10,2.2,203076.72,2.5,128000,0,0,0,1920.0,1080.0,Nvidia
Lenovo,Gaming,15.6,IPS Panel Full HD 1920x1080,Intel Core i7 7700HQ 2.8GHz,4,1TB HDD,Nvidia GeForce GTX 1050,Windows 10,2.4,186293.52000000002,2.8,0,1000,0,1,1920.0,1080.0,Nvidia
Acer,Gaming,17.3,IPS Panel Full HD 1920x1080,Intel Core i7 7700HQ 2.8GHz,16,256GB SSD +  1TB HDD,Nvidia GeForce GTX 1060,Windows 10,4.2,428717.52,2.8,256000,0,0,1,1920.0,1080.0,Nvidia
Dell,Gaming,15.6,Full HD 1920x1080,Intel Core i5 7300HQ 2.5GHz,8,256GB SSD,Nvidia GeForce GTX 1050,Windows 10,2.62,183682.80000000002,2.5,256,0,0,0,1920.0,1080.0,Nvidia
Asus,Gaming,15.6,Full HD 1920x1080,Intel Core i7 7700HQ 2.8GHz,8,128GB SSD +  1TB HDD,Nvidia GeForce GTX1060,Windows 10,2.24,249696.72,2.8,128000,0,0,0,1920.0,1080.0,Nvidia
Vero,Notebook,14.0,1920x1080,Intel Celeron Dual Core N3350 1.1GHz,4,32GB Flash Storage,Intel HD Graphics 500,Windows 10,1.22,37836.792,1.1,32,0,0,0,1920.0,1080.0,Intel
Lenovo,2 in 1 Convertible,13.3,IPS Panel Full HD / Touchscreen 1920x1080,Intel Core i7 7500U 2.7GHz,8,512GB SSD,Intel HD Graphics 620,Windows 10,1.37,367365.60000000003,2.7,512,0,1,1,1920.0,1080.0,Intel
Lenovo,2 in 1 Convertible,15.6,Full HD / Touchscreen 1920x1080,Intel Core i5 7200U 2.5GHz,8,256GB SSD,AMD Radeon R7 M460,Windows 10,2.08,178834.31999999998,2.5,256,0,1,0,1920.0,1080.0,AMD
Apple,Ultrabook,12.0,IPS Panel Retina Display 2304x1440,Intel Core M 1.2GHz,8,512GB Flash Storage,Intel HD Graphics 5300,Mac OS X,0.92,217249.19999999998,1.2,512,0,0,1,2304.0,1440.0,Intel
Lenovo,2 in 1 Convertible,14.0,IPS Panel Touchscreen 2560x1440,Intel Core i5 7200U 2.5GHz,8,256GB SSD,Intel HD Graphics 620,Windows 10,1.42,434498.39999999997,2.5,256,0,1,1,2560.0,1440.0,Intel
Asus,Notebook,14.0,1366x768,Intel Celeron Dual Core N3350 1.1GHz,4,32GB Flash Storage,Intel HD Graphics 500,Windows 10,1.63,55757.52,1.1,32,0,0,0,1366.0,768.0,Intel
Dell,Notebook,15.6,1366x768,Intel Core i5 7200U 2.5GHz,8,128GB SSD,Intel HD Graphics 620,Windows 10,1.95,151048.80000000002,2.5,128,0,0,0,1366.0,768.0,Intel
Lenovo,2 in 1 Convertible,13.9,IPS Panel Full HD / Touchscreen 1920x1080,Intel Core i7 7500U 2.7GHz,8,256GB SSD,Intel HD Graphics 620,Windows 10,1.38,251561.52000000002,2.7,256,0,1,1,1920.0,1080.0,Intel
Dell,Notebook,15.6,Full HD 1920x1080,Intel Core i3 6006U 2GHz,8,256GB SSD,AMD Radeon R5 M420X,Windows 10,2.0,137808.72,2.0,256,0,0,0,1920.0,1080.0,AMD
HP,Workstation,15.6,Full HD 1920x1080,Intel Core i7 7700HQ 2.8GHz,8,256GB SSD,Nvidia Quadro M2200,Windows 10,3.14,385062.552,2.8,256,0,0,0,1920.0,1080.0,Nvidia
Asus,Notebook,15.6,Full HD 1920x1080,Intel Core i5 7200U 2.5GHz,8,256GB SSD,Intel HD Graphics 620,Windows 10,2.37,204941.52000000002,2.5,256,0,0,0,1920.0,1080.0,Intel
Dell,Ultrabook,13.3,Full HD 1920x1080,Intel Core i5 7200U 2.5GHz,8,256GB SSD,Intel HD Graphics 620,Windows 10,1.29,279533.52,2.5,256,0,0,0,1920.0,1080.0,Intel
Dell,Notebook,15.6,4K Ultra HD / Touchscreen 3840x2160,Intel Core i5 7300HQ 2.5GHz,8,256GB SSD,Nvidia GeForce GTX 1050,Windows 10,2.06,326153.52,2.5,256,0,1,0,3840.0,2160.0,Nvidia
Dell,Netbook,11.6,1366x768,Intel Pentium Quad Core N4200 1.1GHz,4,128GB SSD,Intel HD Graphics 505,Windows 10,1.63,138741.12,1.1,128,0,0,0,1366.0,768.0,Intel
HP,Netbook,12.5,1366x768,Intel Core i5 7300U 2.6GHz,8,256GB SSD,Intel HD Graphics 620,Windows 10,1.26,259020.72,2.6,256,0,0,0,1366.0,768.0,Intel
Toshiba,Notebook,15.6,1366x768,Intel Core i5 6200U 2.3GHz,4,500GB HDD,Intel HD Graphics 520,Windows 10,2.1,145454.4,2.3,0,500,0,0,1366.0,768.0,Intel
HP,Notebook,15.6,1366x768,AMD A12-Series 9700P 2.5GHz,8,2TB HDD,AMD Radeon R7 Graphics,Windows 10,2.04,117295.91999999998,2.5,0,2000,0,0,1366.0,768.0,AMD
Dell,Gaming,15.6,4K Ultra HD 3840x2160,Intel Core i7 7700HQ 2.8GHz,16,512GB SSD,Nvidia GeForce GTX 1050 Ti,Windows 10,2.62,313099.92,2.8,512,0,0,0,3840.0,2160.0,Nvidia
Lenovo,Notebook,15.6,Full HD 1920x1080,Intel Core i5 7200U 2.5GHz,4,1TB HDD,Nvidia GeForce 920M,Windows 10,2.4,113566.32,2.5,0,1000,0,0,1920.0,1080.0,Nvidia
HP,Gaming,17.3,IPS Panel Full HD 1920x1080,Intel Core i7 7700HQ 2.8GHz,12,1TB HDD,AMD Radeon RX 580,Windows 10,3.74,326153.52,2.8,0,1000,0,1,1920.0,1080.0,AMD
MSI,Gaming,17.3,Full HD 1920x1080,Intel Core i7 7700HQ 2.8GHz,16,512GB SSD +  1TB HDD,Nvidia GeForce GTX 1070,Windows 10,2.9,450349.2,2.8,512000,0,0,0,1920.0,1080.0,Nvidia
Samsung,Ultrabook,13.3,Full HD 1920x1080,Intel Core i5 7200U 2.5GHz,8,256GB SSD,Intel HD Graphics 620,Windows 10,0.81,279533.52,2.5,256,0,0,0,1920.0,1080.0,Intel
Dell,Notebook,15.6,Full HD 1920x1080,Intel Core i7 7500U 2.7GHz,8,1TB HDD,Nvidia GeForce GT 940MX,Windows 10,1.98,179207.28,2.7,0,1000,0,0,1920.0,1080.0,Nvidia
Dell,Notebook,15.6,Full HD 1920x1080,Intel Core i5 7200U 2.5GHz,8,256GB SSD,AMD Radeon R5 M420,Windows 10,2.18,147283.76880000002,2.5,256,0,0,0,1920.0,1080.0,AMD
Lenovo,Ultrabook,14.0,Full HD 1920x1080,Intel Core i7 7500U 2.7GHz,8,256GB SSD,Intel HD Graphics 620,Windows 10,1.32,346666.32,2.7,256,0,0,0,1920.0,1080.0,Intel
Razer,Ultrabook,12.5,IPS Panel 4K Ultra HD / Touchscreen 3840x2160,Intel Core i7 7500U 2.5GHz,16,512GB SSD,Intel HD Graphics 620,Windows 10,1.29,335477.52,2.5,512,0,1,1,3840.0,2160.0,Intel
HP,Netbook,11.6,1366x768,Intel Celeron Dual Core N3060 1.6GHz,4,16GB Flash Storage,Intel HD Graphics 400,Chrome OS,1.23,71794.8,1.6,16,0,0,0,1366.0,768.0,Intel
Dell,Gaming,17.3,IPS Panel Full HD 1920x1080,Intel Core i7 7700HQ 2.8GHz,16,128GB SSD +  1TB HDD,Nvidia GeForce GTX 1060,Windows 10,4.36,467136.1296,2.8,128000,0,0,1,1920.0,1080.0,Nvidia
Dell,Notebook,14.0,1366x768,Intel Core i5 6200U 2.3GHz,4,500GB HDD,Intel HD Graphics 520,Windows 10,1.76,140792.4,2.3,0,500,0,0,1366.0,768.0,Intel
Lenovo,Notebook,15.6,1366x768,Intel Core i3 6006U 2GHz,4,500GB HDD,Intel HD Graphics 520,Windows 10,2.1,91356.552,2.0,0,500,0,0,1366.0,768.0,Intel
Toshiba,Ultrabook,14.0,1366x768,Intel Core i5 7200U 2.5GHz,4,128GB SSD,Intel HD Graphics 620,Windows 10,1.25,203263.19999999998,2.5,128,0,0,0,1366.0,768.0,Intel
Lenovo,Ultrabook,14.0,IPS Panel Full HD 1920x1080,Intel Core i7 7500U 2.7GHz,8,512GB SSD,Intel HD Graphics 620,Windows 10,1.13,466013.52,2.7,512,0,0,1,1920.0,1080.0,Intel
MSI,Gaming,15.6,Full HD 1920x1080,Intel Core i5 7300HQ 2.5GHz,8,256GB SSD,Nvidia GeForce GTX 1050,Windows 10,2.4,223589.52000000002,2.5,256,0,0,0,1920.0,1080.0,Nvidia
Lenovo,Ultrabook,14.0,IPS Panel Full HD 1920x1080,Intel Core i5 7200U 2.5GHz,8,256GB Flash Storage,Intel HD Graphics 620,Windows 10,1.13,349650.0,2.5,256,0,0,1,1920.0,1080.0,Intel
Toshiba,Notebook,14.0,1366x768,Intel Pentium Dual Core 4405U 2.1GHz,4,128GB SSD,Intel HD Graphics 510,Windows 10,1.75,93053.52,2.1,128,0,0,0,1366.0,768.0,Intel
Asus,2 in 1 Convertible,13.3,Touchscreen / Full HD 1920x1080,Intel Core i5 7200U 2.5GHz,8,256GB SSD,Intel HD Graphics 620,Windows 10,1.1,253239.83999999997,2.5,256,0,1,0,1920.0,1080.0,Intel
Dell,Notebook,14.0,1366x768,Intel Core i3 6006U 2GHz,4,500GB HDD,Intel HD Graphics 520,Windows 10,1.76,109090.8,2.0,0,500,0,0,1366.0,768.0,Intel
Acer,Netbook,11.6,IPS Panel 1366x768,Intel Celeron Dual Core N3060 1.6GHz,4,32GB Flash Storage,Intel HD Graphics 400,Chrome OS,1.35,66200.40000000001,1.6,32,0,0,1,1366.0,768.0,Intel
Acer,Notebook,14.0,IPS Panel Full HD 1920x1080,Intel Core i3 7100U 2.4GHz,8,128GB SSD,Intel HD Graphics 620,Windows 10,1.5,115431.12,2.4,128,0,0,1,1920.0,1080.0,Intel
Razer,Gaming,17.3,4K Ultra HD / Touchscreen 3840x2160,Intel Core i7 7820HK 2.9GHz,32,512GB SSD,Nvidia GeForce GTX 1080,Windows 10,3.49,1025453.5199999999,2.9,512,0,1,0,3840.0,2160.0,Nvidia
Lenovo,Ultrabook,14.0,IPS Panel Quad HD+ 2560x1440,Intel Core i7 6600U 2.6GHz,16,512GB SSD,Intel HD Graphics 520,Windows 10,1.1,391421.52,2.6,512,0,0,1,2560.0,1440.0,Intel
Asus,Notebook,15.6,Full HD 1920x1080,Intel Core i5 7200U 2.5GHz,4,1TB HDD,Nvidia GeForce 920,Linux,2.1,96783.12,2.5,0,1000,0,0,1920.0,1080.0,Nvidia
Lenovo,Notebook,14.0,Full HD 1920x1080,Intel Core i5 6200U 2.3GHz,8,256GB SSD,Intel HD Graphics 520,Windows 10,1.7,221165.28,2.3,256,0,0,0,1920.0,1080.0,Intel
Lenovo,Notebook,14.0,IPS Panel Full HD 1920x1080,Intel Core i5 7300U 2.6GHz,8,256GB SSD,Intel HD Graphics 620,Windows 10,1.32,307692.0,2.6,256,0,0,1,1920.0,1080.0,Intel
Dell,Gaming,15.6,Full HD 1920x1080,Intel Core i7 7700HQ 2.8GHz,16,256GB SSD +  1TB HDD,Nvidia GeForce GTX 1070,Windows 10,3.21,517413.00239999994,2.8,256000,0,0,0,1920.0,1080.0,Nvidia
Asus,Gaming,17.3,Full HD 1920x1080,Intel Core i7 7700HQ 2.8GHz,16,256GB SSD +  1TB HDD,Nvidia GeForce GTX 1070,Windows 10,2.9,451095.12,2.8,256000,0,0,0,1920.0,1080.0,Nvidia
Toshiba,Notebook,15.6,1366x768,Intel Core i3 7100U 2.4GHz,4,500GB HDD,Intel HD Graphics 620,Windows 10,2.0,124755.12,2.4,0,500,0,0,1366.0,768.0,Intel
Lenovo,Notebook,14.0,1366x768,Intel Celeron Quad Core N3160 1.6GHz,4,16GB Flash Storage,Intel HD Graphics 400,Chrome OS,1.5,60606.0,1.6,16,0,0,0,1366.0,768.0,Intel
Asus,Notebook,15.6,Full HD 1920x1080,Intel Core i5 7200U 2.5GHz,8,128GB HDD,Intel HD Graphics 620,Windows 10,2.3,110023.2,2.5,0,128,0,0,1920.0,1080.0,Intel
Asus,Gaming,17.3,Full HD 1920x1080,Intel Core i7 6700HQ 2.6GHz,16,512GB SSD +  1TB HDD,Nvidia GeForce GTX 1060,Windows 10,2.73,335477.52,2.6,512000,0,0,0,1920.0,1080.0,Nvidia
Dell,Gaming,17.3,IPS Panel Full HD 1920x1080,Intel Core i7 7700HQ 2.8GHz,32,512GB SSD +  1TB HDD,Nvidia GeForce GTX 1070,Windows 10,4.42,573032.5271999999,2.8,512000,0,0,1,1920.0,1080.0,Nvidia
HP,Notebook,17.3,1600x900,Intel Core i5 7200U 2.5GHz,8,1TB HDD,Nvidia GeForce 930MX,Windows 10,2.63,169696.80000000002,2.5,0,1000,0,0,1600.0,900.0,Nvidia
Dell,Notebook,15.6,1366x768,Intel Core i5 7200U 2.5GHz,8,128GB SSD,Intel HD Graphics 620,Windows 10,2.18,133144.8552,2.5,128,0,0,0,1366.0,768.0,Intel
HP,Ultrabook,14.0,Full HD 1920x1080,Intel Core i7 6500U 2.5GHz,8,512GB SSD,Intel HD Graphics 520,Windows 7,1.54,348717.60000000003,2.5,512,0,0,0,1920.0,1080.0,Intel
Dell,Notebook,15.6,Full HD 1920x1080,Intel Core i7 7500U 2.7GHz,4,256GB SSD,AMD Radeon R5 M420,Windows 10,2.18,137808.72,2.7,256,0,0,0,1920.0,1080.0,AMD
HP,2 in 1 Convertible,11.6,Touchscreen 1366x768,Intel Celeron Dual Core N3350 1.1GHz,4,32GB Flash Storage,Intel HD Graphics 500,Chrome OS,1.4,114685.2,1.1,32,0,1,0,1366.0,768.0,Intel
Asus,Ultrabook,13.3,IPS Panel Full HD 1920x1080,Intel Core i5 6200U 2.3GHz,8,512GB SSD,Nvidia GeForce 940M,Windows 10,1.45,191328.47999999998,2.3,512,0,0,1,1920.0,1080.0,Nvidia
HP,2 in 1 Convertible,13.3,Full HD / Touchscreen 1920x1080,Intel Core i5 7200U 2.5GHz,8,256GB SSD,Intel HD Graphics 620,Windows 10,1.28,424614.95999999996,2.5,256,0,1,0,1920.0,1080.0,Intel
HP,Ultrabook,14.0,Full HD 1920x1080,Intel Core i7 6500U 2.5GHz,8,512GB SSD,Intel HD Graphics 520,Windows 10,1.54,273752.63999999996,2.5,512,0,0,0,1920.0,1080.0,Intel
HP,Notebook,15.6,1366x768,Intel Celeron Dual Core N3060 1.6GHz,4,128GB SSD,Intel HD Graphics 400,No OS,1.86,55757.52,1.6,128,0,0,0,1366.0,768.0,Intel
Asus,Gaming,15.6,Full HD 1920x1080,Intel Core i7 7700HQ 2.8GHz,16,128GB SSD +  1TB HDD,Nvidia GeForce GTX 1060,Windows 10,2.1,354125.52,2.8,128000,0,0,0,1920.0,1080.0,Nvidia
Dell,Notebook,17.3,Full HD 1920x1080,Intel Core i7 7500U 2.7GHz,8,1TB HDD,AMD Radeon R7 M445,Linux,2.83,161305.19999999998,2.7,0,1000,0,0,1920.0,1080.0,AMD
Lenovo,Ultrabook,14.0,IPS Panel Full HD 1920x1080,Intel Core i7 7700HQ 2.8GHz,8,256GB SSD,Nvidia GeForce GT 940MX,Windows 10,1.96,354871.44,2.8,256,0,0,1,1920.0,1080.0,Nvidia
Asus,Notebook,15.6,IPS Panel Full HD 1920x1080,Intel Core i7 7500U 2.7GHz,8,256GB SSD,Nvidia GeForce GTX 930MX,Windows 10,2.3,146759.76,2.7,256,0,0,1,1920.0,1080.0,Nvidia
Dell,Notebook,15.6,Full HD 1920x1080,Intel Core i5 7200U 2.5GHz,8,128GB SSD,Intel HD Graphics 620,Windows 10,1.9,176223.6,2.5,128,0,0,0,1920.0,1080.0,Intel
Asus,Notebook,15.6,1366x768,Intel Pentium Quad Core N4200 1.1GHz,4,1TB HDD,Intel HD Graphics 505,Windows 10,2.0,83729.52,1.1,0,1000,0,0,1366.0,768.0,Intel
HP,2 in 1 Convertible,13.3,Full HD / Touchscreen 1920x1080,Intel Core i7 7600U 2.8GHz,8,256GB SSD,Intel HD Graphics 620,Windows 10,1.28,477202.31999999995,2.8,256,0,1,0,1920.0,1080.0,Intel
Dell,Notebook,13.3,Full HD / Touchscreen 1920x1080,Intel Core i5 6200U 2.3GHz,8,1TB HDD,Intel HD Graphics 520,Windows 10,1.62,121025.52,2.3,0,1000,1,0,1920.0,1080.0,Intel
Lenovo,Notebook,15.6,Full HD 1920x1080,Intel Core i3 6006U 2.0GHz,4,1TB HDD,Intel HD Graphics 520,No OS,2.2,87459.12,2.0,0,1000,0,0,1920.0,1080.0,Intel
Lenovo,Notebook,15.6,IPS Panel Full HD 1920x1080,Intel Core i5 7200U 2.5GHz,8,1TB HDD,Intel HD Graphics 620,Windows 10,2.3,158631.07679999998,2.5,0,1000,0,1,1920.0,1080.0,Intel
HP,Notebook,15.6,Full HD 1920x1080,Intel Core i5 7300U 2.6GHz,8,256GB SSD,AMD Radeon R7 M465,Windows 10,1.84,251561.52000000002,2.6,256,0,0,0,1920.0,1080.0,AMD
Toshiba,Notebook,13.3,Full HD 1920x1080,Intel Core i5 7200U 2.5GHz,4,128GB SSD,Intel HD Graphics 620,Windows 10,1.05,239626.80000000002,2.5,128,0,0,0,1920.0,1080.0,Intel
Lenovo,Gaming,15.6,IPS Panel Full HD 1920x1080,Intel Core i5 7300HQ 2.5GHz,8,1TB HDD,Nvidia GeForce GTX 1050,No OS,2.5,189650.16,2.5,0,1000,0,1,1920.0,1080.0,Nvidia
Dell,Ultrabook,13.3,Quad HD+ / Touchscreen 3200x1800,Intel Core i7 7660U 2.5GHz,16,512GB SSD,Intel Iris Plus Graphics 640,Windows 10,1.29,417715.2,2.5,512,0,1,0,3200.0,1800.0,Intel
HP,Notebook,15.6,Full HD 1920x1080,Intel Core i5 6200U 2.3GHz,4,500GB HDD,Intel HD Graphics 520,Windows 10,2.07,169696.80000000002,2.3,0,500,0,0,1920.0,1080.0,Intel
Toshiba,Ultrabook,13.3,1366x768,Intel Core i5 6200U 2.3GHz,8,256GB SSD,Intel HD Graphics 520,Windows 10,1.2,204195.6,2.3,256,0,0,0,1366.0,768.0,Intel
Lenovo,2 in 1 Convertible,13.3,IPS Panel Full HD / Touchscreen 1920x1080,Intel Core i7 7500U 2.7GHz,8,256GB SSD,Intel HD Graphics 620,Windows 10,1.37,363636.0,2.7,256,0,1,1,1920.0,1080.0,Intel
Acer,Notebook,14.0,IPS Panel Full HD 1920x1080,Intel Core i5 7200U 2.5GHz,8,256GB SSD,Intel HD Graphics 620,Windows 10,1.56,168204.96,2.5,256,0,0,1,1920.0,1080.0,Intel
Dell,Workstation,15.6,Full HD 1920x1080,Intel Core i7 7700HQ 2.8GHz,8,1TB HDD,Nvidia Quadro M620,Windows 10,2.23,331561.44,2.8,0,1000,0,0,1920.0,1080.0,Nvidia
Lenovo,Notebook,15.6,1366x768,Intel Core i5 7200U 2.5GHz,4,500GB HDD,Intel HD Graphics 620,Windows 10,2.38,196736.4,2.5,0,500,0,0,1366.0,768.0,Intel
Lenovo,Notebook,15.6,Full HD 1920x1080,Intel Core i3 6006U 2GHz,4,1TB HDD,AMD Radeon R5 M430,No OS,2.2,89323.92,2.0,0,1000,0,0,1920.0,1080.0,AMD
Toshiba,Notebook,15.6,IPS Panel Full HD 1920x1080,Intel Core i7 7500U 2.7GHz,8,256GB SSD,Intel HD Graphics 620,Windows 10,2.0,258834.24,2.7,256,0,0,1,1920.0,1080.0,Intel
Lenovo,Notebook,13.3,IPS Panel Full HD 1920x1080,Intel Core i3 7100U 2.4GHz,4,180GB SSD,Intel HD Graphics 620,Windows 10,1.44,137062.80000000002,2.4,180,0,0,1,1920.0,1080.0,Intel
Samsung,Ultrabook,15.0,Full HD 1920x1080,Intel Core i7 7500U 2.7GHz,16,256GB SSD,Nvidia GeForce 940MX,Windows 10,1.23,344801.52,2.7,256,0,0,0,1920.0,1080.0,Nvidia
Dell,Ultrabook,12.5,Full HD 1920x1080,Intel Core i7 7600U 2.8GHz,8,256GB SSD,Intel HD Graphics 620,Windows 10,1.6,315151.2,2.8,256,0,0,0,1920.0,1080.0,Intel
Asus,Notebook,15.6,1366x768,Intel Pentium Quad Core N4200 1.1GHz,4,1TB HDD,Intel HD Graphics 505,Linux,2.0,74403.65520000001,1.1,0,1000,0,0,1366.0,768.0,Intel
Xiaomi,Ultrabook,13.3,IPS Panel Full HD 1920x1080,Intel Core i5 6200U 2.3GHz,8,256GB SSD,Nvidia GeForce 940MX,Windows 10,1.28,174358.80000000002,2.3,256,0,0,1,1920.0,1080.0,Nvidia
Dell,Notebook,15.6,Full HD 1920x1080,Intel Core i5 7200U 2.5GHz,4,128GB SSD +  1TB HDD,Nvidia GeForce 940MX,Windows 10,2.18,170163.0,2.5,128000,0,0,0,1920.0,1080.0,Nvidia
HP,Notebook,15.6,Full HD 1920x1080,Intel Core i5 7200U 2.5GHz,4,256GB SSD,Intel HD Graphics 620,Windows 10,2.04,156456.72,2.5,256,0,0,0,1920.0,1080.0,Intel
HP,2 in 1 Convertible,13.3,Full HD / Touchscreen 1920x1080,Intel Core i5 7200U 2.5GHz,4,256GB SSD,Intel HD Graphics 620,Windows 10,1.28,317016.0,2.5,256,0,1,0,1920.0,1080.0,Intel
HP,2 in 1 Convertible,15.6,Touchscreen 1366x768,Intel Core i5 7200U 2.5GHz,4,500GB HDD,Intel HD Graphics 620,Windows 10,2.3,127701.50399999997,2.5,0,500,1,0,1366.0,768.0,Intel
Asus,Notebook,14.1,1366x768,Intel Celeron Dual Core N3350 1.1GHz,4,32GB Flash Storage,Intel HD Graphics 500,Windows 10,1.65,64895.03999999999,1.1,32,0,0,0,1366.0,768.0,Intel
Lenovo,Notebook,15.6,IPS Panel Full HD 1920x1080,Intel Core i7 6500U 2.5GHz,8,1TB HDD,Nvidia GeForce 940MX,Windows 10,2.2,124755.12,2.5,0,1000,0,1,1920.0,1080.0,Nvidia
Dell,Notebook,15.6,1366x768,Intel Pentium Quad Core N3710 1.6GHz,4,500GB HDD,Intel HD Graphics,Windows 10,2.2,68811.12,1.6,0,500,0,0,1366.0,768.0,Intel
HP,2 in 1 Convertible,13.3,Full HD / Touchscreen 1920x1080,Intel Core i5 7200U 2.5GHz,4,256GB SSD,Intel HD Graphics 620,Windows 10,1.28,335477.52,2.5,256,0,1,0,1920.0,1080.0,Intel
Dell,Notebook,15.6,1366x768,Intel Core i3 6006U 2.0GHz,4,1TB HDD,AMD Radeon R5 M420X,Linux,2.18,84978.936,2.0,0,1000,0,0,1366.0,768.0,AMD
Asus,Gaming,17.3,Full HD 1920x1080,Intel Core i5 7300HQ 2.5GHz,12,128GB SSD +  1TB HDD,Nvidia GeForce GTX 1050,Windows 10,2.2,255458.952,2.5,128000,0,0,0,1920.0,1080.0,Nvidia
Acer,Netbook,11.6,IPS Panel 1366x768,Intel Celeron Dual Core N3060 1.6GHz,4,32GB Flash Storage,Intel HD Graphics 400,Chrome OS,1.25,55384.56,1.6,32,0,0,1,1366.0,768.0,Intel
Lenovo,Notebook,17.3,1600x900,AMD A4-Series 7210 2.2GHz,4,500GB HDD,AMD Radeon R3,Windows 10,2.8,70675.92,2.2,0,500,0,0,1600.0,900.0,AMD
HP,Notebook,14.0,Full HD 1920x1080,Intel Core i5 7200U 2.5GHz,4,128GB SSD,Intel HD Graphics 620,Windows 10,1.95,235897.19999999998,2.5,128,0,0,0,1920.0,1080.0,Intel
HP,2 in 1 Convertible,13.3,Quad HD+ / Touchscreen 3200x1800,Intel Core i7 7500U 2.7GHz,16,256GB SSD,Intel HD Graphics 620,Windows 10,1.42,260885.52000000002,2.7,256,0,1,0,3200.0,1800.0,Intel
Samsung,Ultrabook,15.0,Full HD 1920x1080,Intel Core i7 7500U 2.7GHz,8,256GB SSD,Intel HD Graphics 620,Windows 10,1.17,316829.52,2.7,256,0,0,0,1920.0,1080.0,Intel
Lenovo,Ultrabook,14.0,IPS Panel Full HD 1920x1080,Intel Core i5 7200U 2.5GHz,8,256GB SSD,Intel HD Graphics 620,Windows 10,1.32,335477.52,2.5,256,0,0,1,1920.0,1080.0,Intel
MSI,Gaming,17.3,IPS Panel 4K Ultra HD 3840x2160,Intel Core i7 6700HQ 2.6GHz,16,512GB SSD +  2TB HDD,Nvidia GeForce GTX 1060,Windows 10,2.43,493985.52,2.6,512000,0,0,1,3840.0,2160.0,Nvidia
Toshiba,Notebook,13.3,Full HD 1920x1080,Intel Core i5 7200U 2.5GHz,8,256GB SSD,Intel HD Graphics 620,Windows 10,1.05,275058.0,2.5,256,0,0,0,1920.0,1080.0,Intel
Dell,Gaming,15.6,Full HD 1920x1080,Intel Core i7 7700HQ 2.8GHz,8,1TB HDD,Nvidia GeForce GTX 1050Ti,Linux,2.62,173239.92,2.8,0,1000,0,0,1920.0,1080.0,Nvidia
HP,Notebook,15.6,Full HD 1920x1080,Intel Core i7 7500U 2.7GHz,8,1TB HDD,Nvidia GeForce 930MX,Windows 10,2.04,167832.0,2.7,0,1000,0,0,1920.0,1080.0,Nvidia
Dell,Notebook,15.6,1366x768,Intel Core i3 6006U 2.0GHz,4,1TB HDD,AMD Radeon R5 M420X,Windows 10,2.18,114498.72,2.0,0,1000,0,0,1366.0,768.0,AMD
Dell,Notebook,15.6,Full HD 1920x1080,Intel Core i5 7300U 2.6GHz,8,500GB HDD,Intel HD Graphics 620,Windows 10,1.9,174358.80000000002,2.6,0,500,0,0,1920.0,1080.0,Intel
Dell,2 in 1 Convertible,13.3,Quad HD+ / Touchscreen 3200x1800,Intel Core i7 7Y75 1.3GHz,8,512GB SSD,Intel HD Graphics 615,Windows 10,1.24,375402.888,1.3,512,0,1,0,3200.0,1800.0,Intel
Asus,Gaming,17.3,IPS Panel Full HD 1920x1080,Intel Core i7 6820HK 2.7GHz,32,256GB SSD +  256GB SSD,Nvidia GeForce GTX 980M,Windows 10,3.58,238507.91999999998,2.7,256,0,0,1,1920.0,1080.0,Nvidia
Dell,2 in 1 Convertible,13.3,Full HD / Touchscreen 1920x1080,Intel Core i7 7Y75 1.3GHz,16,256GB SSD,Intel HD Graphics 615,Windows 10,1.22,307505.52,1.3,256,0,1,0,1920.0,1080.0,Intel
Lenovo,Ultrabook,14.0,IPS Panel Full HD 1920x1080,Intel Core i7 7500U 2.7GHz,8,256GB Flash Storage,Intel HD Graphics 620,Windows 10,1.13,382097.52,2.7,256,0,0,1,1920.0,1080.0,Intel
Lenovo,Notebook,15.6,IPS Panel Full HD 1920x1080,Intel Core i5 7200U 2.5GHz,8,512GB SSD,Intel HD Graphics 620,Windows 10,1.95,366058.3752,2.5,512,0,0,1,1920.0,1080.0,Intel
LG,Ultrabook,15.6,IPS Panel Full HD / Touchscreen 1920x1080,Intel Core i7 7500U 2.7GHz,16,512GB SSD,Intel HD Graphics 620,Windows 10,1.08,391421.52,2.7,512,0,1,1,1920.0,1080.0,Intel
HP,Netbook,12.5,Full HD 1920x1080,Intel Core i7 7500U 2.7GHz,8,512GB SSD,Intel HD Graphics 620,Windows 10,1.26,276549.83999999997,2.7,512,0,0,0,1920.0,1080.0,Intel
Acer,Notebook,15.6,IPS Panel Full HD 1920x1080,Intel Celeron Dual Core 3205U 1.5GHz,4,16GB Flash Storage,Intel HD Graphics,Chrome OS,2.2,66946.32,1.5,16,0,0,1,1920.0,1080.0,Intel
Lenovo,Notebook,15.6,IPS Panel Full HD 1920x1080,Intel Core i5 6300HQ 2.3GHz,8,128GB SSD +  1TB HDD,Nvidia GeForce GTX 960M,Windows 10,2.6,147132.72,2.3,128000,0,0,1,1920.0,1080.0,Nvidia
LG,Ultrabook,14.0,IPS Panel Full HD / Touchscreen 1920x1080,Intel Core i7 7500U 2.7GHz,8,512GB SSD,Intel HD Graphics 620,Windows 10,0.98,354125.52,2.7,512,0,1,1,1920.0,1080.0,Intel
Dell,Notebook,14.0,Full HD 1920x1080,Intel Core i5 7440HQ 2.8GHz,8,256GB SSD,Intel HD Graphics 620,Windows 10,1.6,224708.4,2.8,256,0,0,0,1920.0,1080.0,Intel
HP,Ultrabook,12.5,4K Ultra HD / Touchscreen 3840x2160,Intel Core M 6Y75 1.2GHz,8,240GB SSD,Intel HD Graphics 515,Windows 10,1.09,578088.0,1.2,240,0,1,0,3840.0,2160.0,Intel
Lenovo,Notebook,15.6,Full HD 1920x1080,Intel Core i7 7500U 2.7GHz,6,256GB SSD,Nvidia GeForce 940MX,Windows 10,2.2,147132.72,2.7,256,0,0,0,1920.0,1080.0,Nvidia
HP,Notebook,15.6,Full HD 1920x1080,Intel Core i7 7500U 2.7GHz,8,256GB SSD,Nvidia GeForce 930MX,Windows 10,2.04,190021.25519999996,2.7,256,0,0,0,1920.0,1080.0,Nvidia
Acer,Notebook,15.6,Full HD 1920x1080,Intel Core i3 7100U 2.4GHz,4,1TB HDD,Intel HD Graphics 620,Windows 10,2.4,93053.52,2.4,0,1000,0,0,1920.0,1080.0,Intel
Lenovo,Notebook,13.3,Full HD 1920x1080,Intel Core i5 7200U 2.5GHz,4,128GB SSD,Intel HD Graphics 620,Windows 10,1.44,164288.88,2.5,128,0,0,0,1920.0,1080.0,Intel
HP,Notebook,13.3,Full HD 1920x1080,Intel Core i5 7200U 2.5GHz,8,256GB SSD,Intel HD Graphics 620,Windows 10,1.49,179020.80000000002,2.5,256,0,0,0,1920.0,1080.0,Intel
MSI,Gaming,17.3,Full HD 1920x1080,Intel Core i7 7700HQ 2.8GHz,16,256GB SSD +  1TB HDD,Nvidia GeForce GTX 1050 Ti,Windows 10,2.7,298181.52,2.8,256000,0,0,0,1920.0,1080.0,Nvidia
Dell,Gaming,15.6,Full HD 1920x1080,Intel Core i7 7700HQ 2.8GHz,16,128GB SSD +  1TB HDD,Nvidia GeForce GTX 1050 Ti,Windows 10,2.6,251561.52000000002,2.8,128000,0,0,0,1920.0,1080.0,Nvidia
MSI,Gaming,15.6,Full HD 1920x1080,Intel Core i5 7300HQ 2.5GHz,8,128GB SSD +  1TB HDD,Nvidia GeForce GTX 1050,Windows 10,2.2,208840.81680000003,2.5,128000,0,0,0,1920.0,1080.0,Nvidia
Dell,Notebook,15.6,1366x768,Intel Core i5 7200U 2.5GHz,4,1TB HDD,AMD Radeon R5 M420,Windows 10,2.18,127736.9352,2.5,0,1000,0,0,1366.0,768.0,AMD
HP,Ultrabook,15.6,Full HD 1920x1080,Intel Core i7 6500U 2.5GHz,8,256GB SSD,AMD Radeon R7 M365X,Windows 10,1.84,241862.69519999996,2.5,256,0,0,0,1920.0,1080.0,AMD
HP,Ultrabook,13.3,Quad HD+ / Touchscreen 3200x1800,Intel Core i7 7500U 2.7GHz,8,256GB SSD,Intel HD Graphics 620,Windows 10,1.39,214265.52000000002,2.7,256,0,1,0,3200.0,1800.0,Intel
Toshiba,Notebook,15.6,IPS Panel Full HD 1920x1080,Intel Core i7 6600U 2.6GHz,16,256GB SSD,Nvidia GeForce 930M,Windows 10,2.4,368298.0,2.6,256,0,0,1,1920.0,1080.0,Nvidia
Lenovo,2 in 1 Convertible,13.3,IPS Panel Full HD / Touchscreen 1920x1080,Intel Core i5 7200U 2.5GHz,8,512GB SSD,Intel HD Graphics 620,Windows 10,1.37,340326.0,2.5,512,0,1,1,1920.0,1080.0,Intel
Dell,Notebook,15.6,1366x768,Intel Core i5 6200U 2.3GHz,4,500GB HDD,Intel HD Graphics 520,Windows 10,1.95,136111.752,2.3,0,500,0,0,1366.0,768.0,Intel
Lenovo,Ultrabook,12.5,IPS Panel Full HD 1920x1080,Intel Core i7 7500U 2.7GHz,8,256GB SSD,Intel HD Graphics 620,Windows 10,1.36,307692.0,2.7,256,0,0,1,1920.0,1080.0,Intel
HP,Notebook,15.6,Full HD 1920x1080,Intel Core i5 6200U 2.3GHz,8,256GB SSD,Intel HD Graphics 520,Windows 10,2.31,217249.19999999998,2.3,256,0,0,0,1920.0,1080.0,Intel
Dell,Notebook,15.6,1366x768,Intel Core i5 7200U 2.5GHz,4,1TB HDD,Intel HD Graphics 620,Windows 10,2.18,132039.0288,2.5,0,1000,0,0,1366.0,768.0,Intel
HP,Notebook,14.0,1366x768,Intel Core i5 6200U 2.3GHz,4,500GB HDD,Intel HD Graphics 520,Windows 10,1.95,214265.52000000002,2.3,0,500,0,0,1366.0,768.0,Intel
Lenovo,Notebook,15.6,1366x768,Intel Pentium Quad Core N4200 1.1GHz,4,1TB HDD,Intel HD Graphics 505,Windows 10,2.2,57622.32,1.1,0,1000,0,0,1366.0,768.0,Intel
HP,Ultrabook,12.5,Full HD 1920x1080,Intel Core i5 6200U 2.3GHz,4,500GB HDD,Intel HD Graphics 520,Windows 10,1.26,294451.92,2.3,0,500,0,0,1920.0,1080.0,Intel
HP,Notebook,15.6,1366x768,Intel Celeron Dual Core N3060 1.6GHz,4,1TB HDD,Intel HD Graphics 400,No OS,1.86,53874.072,1.6,0,1000,0,0,1366.0,768.0,Intel
Lenovo,2 in 1 Convertible,13.3,IPS Panel Quad HD+ / Touchscreen 3200x1800,Intel Core i7 6560U 2.2GHz,16,1TB SSD,Intel Iris Graphics 540,Windows 10,1.3,335477.52,2.2,1000,0,1,1,3200.0,1800.0,Intel
Toshiba,Notebook,14.0,IPS Panel Full HD 1920x1080,Intel Core i5 6200U 2.3GHz,4,128GB SSD,Intel HD Graphics 520,Windows 10,1.47,206060.4,2.3,128,0,0,1,1920.0,1080.0,Intel
HP,Netbook,12.5,Full HD 1920x1080,Intel Core i5 6200U 2.3GHz,8,256GB SSD,Intel HD Graphics 520,Windows 10,1.26,311235.12,2.3,256,0,0,0,1920.0,1080.0,Intel
Dell,Notebook,15.6,1366x768,Intel Core i3 6006U 2.0GHz,4,1TB HDD,Intel HD Graphics 520,Windows 10,2.18,104167.728,2.0,0,1000,0,0,1366.0,768.0,Intel
MSI,Gaming,15.6,Full HD 1920x1080,Intel Core i7 7700HQ 2.8GHz,8,128GB SSD +  1TB HDD,Nvidia GeForce GTX 1050,Windows 10,2.2,223589.52000000002,2.8,128000,0,0,0,1920.0,1080.0,Nvidia
Dell,Ultrabook,14.0,Full HD 1920x1080,Intel Core i5 7200U 2.5GHz,8,256GB SSD,Intel HD Graphics 620,Windows 10,1.36,305640.72,2.5,256,0,0,0,1920.0,1080.0,Intel
Dell,Gaming,17.3,2560x1440,Intel Core i7 6820HK 2.7GHz,16,512GB SSD +  1TB HDD,Nvidia GeForce GTX 1080,Windows 10,4.36,514311.83999999997,2.7,512000,0,0,0,2560.0,1440.0,Nvidia
HP,Gaming,17.3,IPS Panel Full HD 1920x1080,Intel Core i5 6300HQ 2.3GHz,8,128GB SSD +  1TB HDD,Nvidia GeForce GTX 965M,Windows 10,2.75,260885.52000000002,2.3,128000,0,0,1,1920.0,1080.0,Nvidia
Asus,Notebook,17.3,1600x900,Intel Pentium Quad Core N3710 1.6GHz,4,1TB HDD,Nvidia GeForce 920MX,Windows 10,2.8,98834.40000000001,1.6,0,1000,0,0,1600.0,900.0,Nvidia
Acer,Notebook,15.6,1366x768,Intel Core i5 7200U 2.5GHz,4,500GB HDD,Intel HD Graphics 620,Windows 10,2.23,115431.12,2.5,0,500,0,0,1366.0,768.0,Intel
Toshiba,Notebook,15.6,1366x768,Intel Core i5 6200U 2.3GHz,8,256GB SSD,Intel HD Graphics 520,Windows 10,2.2,208671.12,2.3,256,0,0,0,1366.0,768.0,Intel
Lenovo,2 in 1 Convertible,11.3,IPS Panel Full HD / Touchscreen 1920x1080,Intel Core M m7-6Y75 1.2GHz,8,256GB SSD,Intel HD Graphics 515,Windows 10,1.1,242237.52000000002,1.2,256,0,1,1,1920.0,1080.0,Intel
Lenovo,Gaming,15.6,IPS Panel Full HD 1920x1080,AMD FX 8800P 2.1GHz,16,512GB SSD +  1TB HDD,AMD Radeon R9 M385,Windows 10,2.5,186293.52000000002,2.1,512000,0,0,1,1920.0,1080.0,AMD
Dell,Ultrabook,12.5,Full HD / Touchscreen 1920x1080,Intel Core i5 7200U 2.5GHz,8,256GB SSD,Intel HD Graphics,Windows 10,1.36,274535.856,2.5,256,0,1,0,1920.0,1080.0,Intel
Lenovo,Notebook,15.6,Full HD 1920x1080,Intel Core i7 7500U 2.7GHz,8,1TB HDD,Nvidia GeForce 920MX,No OS,2.2,127738.80000000002,2.7,0,1000,0,0,1920.0,1080.0,Nvidia
Dell,Notebook,17.3,1600x900,Intel Core i3 6006U 2.0GHz,4,1TB HDD,AMD Radeon R7 M445,Windows 10,2.36,122890.31999999999,2.0,0,1000,0,0,1600.0,900.0,AMD
Acer,Notebook,14.0,1366x768,Intel Celeron Dual Core N3060 1.6GHz,4,32GB Flash Storage,Intel HD Graphics 400,Chrome OS,1.68,65081.520000000004,1.6,32,0,0,0,1366.0,768.0,Intel
HP,Workstation,15.6,IPS Panel Full HD 1920x1080,Intel Core i7 6820HQ 2.7GHz,8,8GB SSD,Nvidia Quadro M1000M,Windows 10,2.0,419393.52,2.7,8,0,0,1,1920.0,1080.0,Nvidia
Dell,Ultrabook,14.0,Full HD 1920x1080,Intel Core i7 7600U 2.8GHz,8,256GB SSD,Intel HD Graphics 620,Windows 10,1.36,331002.0,2.8,256,0,0,0,1920.0,1080.0,Intel
Toshiba,Notebook,13.3,Full HD 1920x1080,Intel Core i5 6200U 2.3GHz,8,256GB SSD,Intel HD Graphics 520,Windows 7,1.2,272260.8,2.3,256,0,0,0,1920.0,1080.0,Intel
Asus,2 in 1 Convertible,12.5,Full HD 1920x1080,Intel Core M M7-6Y75 1.2GHz,8,64GB Flash Storage,Intel HD Graphics 515,Chrome OS,1.2,216130.31999999998,1.2,64,0,0,0,1920.0,1080.0,Intel
Lenovo,Ultrabook,14.0,IPS Panel Full HD 1920x1080,Intel Core i7 6600U 2.6GHz,8,256GB SSD,Intel HD Graphics 520,Windows 10,1.7,277666.8552,2.6,256,0,0,1,1920.0,1080.0,Intel
Dell,Gaming,17.3,IPS Panel 4K Ultra HD 3840x2160,Intel Core i7 7700HQ 2.8GHz,16,512GB SSD +  1TB HDD,Nvidia GeForce GTX 1070,Windows 10,4.36,588157.9199999999,2.8,512000,0,0,1,3840.0,2160.0,Nvidia
Dell,2 in 1 Convertible,13.3,Full HD / Touchscreen 1920x1080,Intel Core i5 7Y54 1.2GHz,8,256GB SSD,Intel HD Graphics 615,Windows 10,1.24,354125.52,1.2,256,0,1,0,1920.0,1080.0,Intel
HP,2 in 1 Convertible,11.6,Touchscreen 1366x768,Intel Pentium Quad Core N4200 1.1GHz,4,256GB SSD,Intel HD Graphics 505,Windows 10,1.45,144522.0,1.1,256,0,1,0,1366.0,768.0,Intel
Dell,Ultrabook,13.3,Quad HD+ 3200x1800,Intel Core i7 6500U 2.5GHz,8,256GB SSD,Intel HD Graphics 520,Windows 10,1.3,236456.63999999998,2.5,256,0,0,0,3200.0,1800.0,Intel
Acer,2 in 1 Convertible,11.6,IPS Panel Touchscreen 1366x768,Intel Celeron Dual Core N3060 1.6GHz,4,32GB Flash Storage,Intel HD Graphics 400,Chrome OS,1.25,72540.72,1.6,32,0,1,1,1366.0,768.0,Intel
Toshiba,Notebook,13.3,Full HD 1920x1080,Intel Core i5 6300U 2.4GHz,8,256GB SSD,Intel HD Graphics 520,Windows 10,1.2,286246.8,2.4,256,0,0,0,1920.0,1080.0,Intel
Lenovo,Ultrabook,12.5,IPS Panel Full HD 1920x1080,Intel Core i5 7300U 2.6GHz,8,256GB SSD,Intel HD Graphics 620,Windows 10,1.36,328204.8,2.6,256,0,0,1,1920.0,1080.0,Intel
Acer,Notebook,15.6,Full HD 1920x1080,Intel Core i5 7200U 2.5GHz,12,128GB SSD +  1TB HDD,Nvidia GeForce GTX 950M,Windows 10,2.4,188158.31999999998,2.5,128000,0,0,0,1920.0,1080.0,Nvidia
Toshiba,Ultrabook,12.5,Full HD / Touchscreen 1920x1080,Intel Core i7 7500U 2.7GHz,8,512GB SSD,Intel HD Graphics 620,Windows 10,1.1,333799.2,2.7,512,0,1,0,1920.0,1080.0,Intel
HP,Notebook,15.6,1366x768,Intel Core i5 7200U 2.50GHz,8,1TB HDD,Nvidia GeForce 930MX,Windows 10,2.04,157855.31999999998,2.5,0,1000,0,0,1366.0,768.0,Nvidia
Dell,Notebook,15.6,1366x768,Intel Core i3 6006U 2.0GHz,4,1TB HDD,AMD Radeon R5 M430,Linux,2.25,86828.8176,2.0,0,1000,0,0,1366.0,768.0,AMD
Dell,Notebook,15.6,1366x768,Intel Core i5 7200U 2.5GHz,4,500GB HDD,Intel HD Graphics 620,Windows 10,1.9,153846.0,2.5,0,500,0,0,1366.0,768.0,Intel
HP,Notebook,15.6,Full HD 1920x1080,Intel Core i3 7100U 2.4GHz,4,500GB HDD,Intel HD Graphics 620,Windows 10,2.04,127738.80000000002,2.4,0,500,0,0,1920.0,1080.0,Intel
Dell,Gaming,17.3,IPS Panel Full HD 1920x1080,Intel Core i7 7700HQ 2.8GHz,32,256GB SSD +  1TB HDD,Nvidia GeForce GTX 1070,Windows 10,4.42,587225.52,2.8,256000,0,0,1,1920.0,1080.0,Nvidia
Lenovo,Notebook,15.6,Full HD 1920x1080,Intel Core i5 7200U 2.5GHz,6,256GB SSD,Nvidia GeForce 920MX,Windows 10,2.4,129603.59999999999,2.5,256,0,0,0,1920.0,1080.0,Nvidia
Dell,2 in 1 Convertible,13.3,Quad HD+ / Touchscreen 3200x1800,Intel Core i7 7Y75 1.3GHz,16,512GB SSD,Intel HD Graphics 615,Windows 10,1.22,354125.52,1.3,512,0,1,0,3200.0,1800.0,Intel
Dell,Ultrabook,14.0,Touchscreen 2560x1440,Intel Core i7 6600U 2.6GHz,8,256GB SSD,Intel HD Graphics 520,Windows 10,1.5,366056.5103999999,2.6,256,0,1,0,2560.0,1440.0,Intel
Dell,Gaming,17.3,Full HD 1920x1080,Intel Core i7 6700HQ 2.6GHz,32,256GB SSD +  1TB HDD,Nvidia GeForce GTX 1070,Windows 10,4.42,522144.0,2.6,256000,0,0,0,1920.0,1080.0,Nvidia
Toshiba,Notebook,14.0,Full HD 1920x1080,Intel Core i5 6200U 2.3GHz,8,256GB SSD,Intel HD Graphics 520,Windows 10,1.95,220046.4,2.3,256,0,0,0,1920.0,1080.0,Intel
Asus,Gaming,17.3,Full HD 1920x1080,Intel Core i7 7700HQ 2.8GHz,16,256GB SSD +  1TB HDD,Nvidia GeForce GTX 1060,Windows 10,2.73,382265.352,2.8,256000,0,0,0,1920.0,1080.0,Nvidia
HP,Notebook,15.6,IPS Panel Full HD 1920x1080,Intel Core i5 7200U 2.70GHz,8,128GB SSD +  1TB HDD,Nvidia GeForce 930MX,Windows 10,2.04,182563.92,2.7,128000,0,0,1,1920.0,1080.0,Nvidia
Lenovo,Notebook,14.0,1366x768,Intel Core i5 6200U 2.3GHz,4,508GB Hybrid,Intel HD Graphics 520,Windows 7,1.7,186852.96,2.3,0,0,0,0,1366.0,768.0,Intel
Asus,2 in 1 Convertible,15.6,4K Ultra HD / Touchscreen 3840x2160,Intel Core i7 7500U 2.7GHz,16,512GB SSD +  2TB HDD,Nvidia GeForce GTX 950M,Windows 10,2.3,335477.52,2.7,512000,0,1,0,3840.0,2160.0,Nvidia
HP,Notebook,15.6,1366x768,Intel Core i7 7500U 2.7GHz,6,1TB HDD,Intel HD Graphics 620,Windows 10,2.04,107971.92,2.7,0,1000,0,0,1366.0,768.0,Intel
Asus,Gaming,17.3,Full HD 1920x1080,Intel Core i7 7700HQ 2.8GHz,16,256GB SSD +  1TB HDD,Nvidia GeForce GTX 1050 Ti,Windows 10,2.99,326153.52,2.8,256000,0,0,0,1920.0,1080.0,Nvidia
Dell,2 in 1 Convertible,15.6,IPS Panel Full HD / Touchscreen 1920x1080,Intel Core i7 7500U 2.7GHz,12,512GB SSD,Intel HD Graphics 620,Windows 10,2.19,242237.52000000002,2.7,512,0,1,1,1920.0,1080.0,Intel
Toshiba,Notebook,13.3,Full HD 1920x1080,Intel Core i5 6200U 2.3GHz,4,128GB SSD,Intel HD Graphics 520,Windows 7,1.2,222843.6,2.3,128,0,0,0,1920.0,1080.0,Intel
Lenovo,Notebook,15.6,Full HD 1920x1080,AMD A12-Series 9720P 3.6GHz,6,256GB SSD,AMD Radeon 530,Windows 10,2.2,102377.52,3.6,256,0,0,0,1920.0,1080.0,AMD
Fujitsu,Notebook,15.6,1366x768,Intel Core i5 6200U 2.3GHz,4,256GB SSD,Intel HD Graphics 520,Windows 10,2.3,121025.52,2.3,256,0,0,0,1366.0,768.0,Intel
Toshiba,Notebook,14.0,1366x768,Intel Core i5 6200U 2.3GHz,4,500GB HDD,Intel HD Graphics 520,Windows 10,1.75,170629.19999999998,2.3,0,500,0,0,1366.0,768.0,Intel
Dell,Notebook,15.6,1366x768,Intel Core i5 7200U 2.5GHz,4,500GB HDD,AMD Radeon R5 M430,Windows 10,2.25,111701.52,2.5,0,500,0,0,1366.0,768.0,AMD
HP,Notebook,15.6,Full HD 1920x1080,Intel Core i5 7200U 2.5GHz,8,1TB HDD,Intel HD Graphics 620,Windows 10,2.04,150302.88,2.5,0,1000,0,0,1920.0,1080.0,Intel
Lenovo,Gaming,15.6,IPS Panel Full HD 1920x1080,Intel Core i7 7700HQ 2.8GHz,8,128GB SSD +  1TB HDD,Nvidia GeForce GTX 1060,Windows 10,2.5,221724.72,2.8,128000,0,0,1,1920.0,1080.0,Nvidia
Dell,Notebook,15.6,1366x768,Intel Core i7 7500U 2.7GHz,8,1TB HDD,AMD Radeon R7 M445,Windows 10,2.36,139673.52000000002,2.7,0,1000,0,0,1366.0,768.0,AMD
Dell,Notebook,14.0,Full HD 1920x1080,Intel Core i5 7200U 2.5GHz,8,128GB SSD,Intel HD Graphics 620 ,Windows 10,1.6,208671.12,2.5,128,0,0,0,1920.0,1080.0,Intel
HP,Netbook,12.5,Full HD 1920x1080,Intel Core M 6Y75 1.2GHz,8,512GB SSD,Intel HD Graphics 515,Windows 10,0.97,355803.84,1.2,512,0,0,0,1920.0,1080.0,Intel
HP,Notebook,15.6,Full HD 1920x1080,Intel Core i3 6006U 2GHz,4,128GB SSD +  1TB HDD,AMD Radeon 520,Windows 10,2.1,93053.52,2.0,128000,0,0,0,1920.0,1080.0,AMD
Lenovo,Notebook,15.6,1366x768,Intel Celeron Dual Core N3350 1.1GHz,4,128GB SSD,Intel HD Graphics 500,No OS,1.9,50465.217599999996,1.1,128,0,0,0,1366.0,768.0,Intel
Lenovo,Notebook,15.6,Full HD 1920x1080,Intel Core i5 6200U 2.3GHz,8,256GB SSD,Intel HD Graphics 520,Windows 10,2.3,251561.52000000002,2.3,256,0,0,0,1920.0,1080.0,Intel
Dell,2 in 1 Convertible,13.3,Full HD / Touchscreen 1920x1080,Intel Core i5 7200U 2.5GHz,8,256GB SSD,Intel HD Graphics 620,Windows 10,1.68,165780.72,2.5,256,0,1,0,1920.0,1080.0,Intel
Asus,Notebook,13.3,Quad HD+ 3200x1800,Intel Core i5 7200U 2.5GHz,8,256GB SSD,Intel HD Graphics 620,Windows 10,1.4,214452.0,2.5,256,0,0,0,3200.0,1800.0,Intel
HP,Ultrabook,13.3,IPS Panel Full HD / Touchscreen 1920x1080,Intel Core i7 7500U 2.7GHz,8,256GB SSD,Intel HD Graphics 620,Windows 10,1.11,251561.52000000002,2.7,256,0,1,1,1920.0,1080.0,Intel
Acer,Notebook,15.6,1366x768,Intel Pentium Quad Core N4200 1.1GHz,4,500GB HDD,Intel HD Graphics 505,Windows 10,2.4,70862.40000000001,1.1,0,500,0,0,1366.0,768.0,Intel
Asus,Gaming,15.6,Full HD 1920x1080,Intel Core i7 7700HQ 2.8GHz,16,256GB SSD +  1TB HDD,Nvidia GeForce GTX 1050 Ti,Windows 10,2.5,335477.52,2.8,256000,0,0,0,1920.0,1080.0,Nvidia
HP,Ultrabook,14.0,Full HD 1920x1080,Intel Core i7 7500U 2.7GHz,8,512GB SSD,Intel HD Graphics 620,Windows 10,1.48,389556.72,2.7,512,0,0,0,1920.0,1080.0,Intel
Acer,Gaming,15.6,IPS Panel Full HD 1920x1080,Intel Core i7 7700HQ 2.8GHz,8,128GB SSD +  1TB HDD,Nvidia GeForce GTX 1050,Windows 10,2.7,234964.80000000002,2.8,128000,0,0,1,1920.0,1080.0,Nvidia
HP,Notebook,13.3,IPS Panel Full HD 1920x1080,Intel Core i5 7200U 2.5GHz,8,256GB SSD,Intel HD Graphics 620,Windows 10,1.34,221724.72,2.5,256,0,0,1,1920.0,1080.0,Intel
Dell,Notebook,15.6,1366x768,Intel Core i3 7100U 2.4GHz,4,128GB SSD,Intel HD Graphics 620,Windows 10,2.18,102004.56,2.4,128,0,0,0,1366.0,768.0,Intel
HP,Notebook,14.0,1366x768,Intel Core i5 7200U 2.5GHz,4,500GB HDD,Intel HD Graphics 620,Windows 10,1.64,145267.92,2.5,0,500,0,0,1366.0,768.0,Intel
Toshiba,Notebook,13.3,Full HD 1920x1080,Intel Core i5 6200U 2.3GHz,4,128GB SSD,Intel HD Graphics 520,Windows 10,1.2,222843.6,2.3,128,0,0,0,1920.0,1080.0,Intel
HP,Notebook,14.0,1366x768,Intel Core i5 6300U 2.4GHz,4,256GB SSD,Intel HD Graphics 520,Windows 10,1.48,205126.13519999996,2.4,256,0,0,0,1366.0,768.0,Intel
HP,Notebook,14.0,Full HD 1920x1080,Intel Core i5 7200U 2.5GHz,4,256GB SSD,Intel HD Graphics 620,Windows 10,1.95,224708.4,2.5,256,0,0,0,1920.0,1080.0,Intel
HP,Ultrabook,14.0,Full HD 1920x1080,Intel Core i7 6600U 2.6GHz,8,256GB SSD,Intel HD Graphics 520,Windows 7,1.43,270209.52,2.6,256,0,0,0,1920.0,1080.0,Intel
HP,Notebook,14.0,Full HD 1920x1080,Intel Core i5 7200U 2.5GHz,8,256GB SSD,Nvidia GeForce 930MX,Windows 10,1.64,195666.0048,2.5,256,0,0,0,1920.0,1080.0,Nvidia
HP,Notebook,14.0,1366x768,Intel Core i3 7100U 2.4GHz,4,500GB HDD,Intel HD Graphics 620,Windows 10,1.64,127552.31999999999,2.4,0,500,0,0,1366.0,768.0,Intel
Dell,Gaming,15.6,Full HD 1920x1080,Intel Core i5 7300HQ 2.5GHz,8,1.0TB Hybrid,Nvidia GeForce GTX 1050,Windows 10,2.65,176969.52000000002,2.5,0,0,0,0,1920.0,1080.0,Nvidia
HP,Ultrabook,12.5,Full HD 1920x1080,Intel Core i5 7200U 2.5GHz,4,500GB HDD,Intel HD Graphics 620,Windows 10,1.26,286992.72,2.5,0,500,0,0,1920.0,1080.0,Intel
HP,Notebook,14.0,Full HD 1920x1080,Intel Core i5 7200U 2.5GHz,4,256GB SSD,Intel HD Graphics 620,Windows 10,1.48,296503.2,2.5,256,0,0,0,1920.0,1080.0,Intel
HP,Ultrabook,14.0,Full HD 1920x1080,Intel Core i7 6500U 2.5GHz,8,256GB SSD,Intel HD Graphics 520,Windows 10,1.54,351926.9208,2.5,256,0,0,0,1920.0,1080.0,Intel
HP,Notebook,13.3,1366x768,Intel Core i3 7100U 2.4GHz,4,500GB HDD,Intel HD Graphics 620,Windows 10,1.49,149184.0,2.4,0,500,0,0,1366.0,768.0,Intel
Toshiba,Notebook,13.3,1366x768,Intel Core i5 6200U 2.3GHz,8,256GB SSD,Intel HD Graphics 520,Windows 10,1.5,225640.80000000002,2.3,256,0,0,0,1366.0,768.0,Intel
HP,Notebook,15.6,1366x768,Intel Core i3 7100U 2.4GHz,4,256GB SSD,Intel HD Graphics 620,Windows 10,2.04,143587.7352,2.4,256,0,0,0,1366.0,768.0,Intel
Lenovo,Notebook,17.3,IPS Panel 4K Ultra HD 3840x2160,Intel Core i7 6820HQ 2.7GHz,16,512GB SSD,Nvidia Quadro 3000M,Windows 7,2.4,553472.64,2.7,512,0,0,1,3840.0,2160.0,Nvidia
Toshiba,Notebook,14.0,IPS Panel Full HD 1920x1080,Intel Core i5 6200U 2.3GHz,8,256GB SSD,Intel HD Graphics 520,Windows 10,1.47,277855.2,2.3,256,0,0,1,1920.0,1080.0,Intel
HP,Notebook,14.0,Full HD 1920x1080,Intel Core i7 6500U 2.5GHz,8,256GB SSD,Intel HD Graphics 520,Windows 10,1.43,415663.92,2.5,256,0,0,0,1920.0,1080.0,Intel
Dell,2 in 1 Convertible,15.6,IPS Panel Full HD / Touchscreen 1920x1080,Intel Core i3 6100U 2.3GHz,4,1TB HDD,Intel HD Graphics 520,Windows 10,2.08,148436.21519999998,2.3,0,1000,1,1,1920.0,1080.0,Intel
Toshiba,Ultrabook,13.3,Full HD 1920x1080,Intel Core i5 6200U 2.3GHz,8,256GB SSD,Intel HD Graphics 520,Windows 10,1.2,296503.2,2.3,256,0,0,0,1920.0,1080.0,Intel
HP,Notebook,13.3,IPS Panel Full HD 1920x1080,Intel Core i5 7200U 2.5GHz,8,256GB SSD,Intel HD Graphics 620,Windows 10,1.11,214265.52000000002,2.5,256,0,0,1,1920.0,1080.0,Intel
HP,Notebook,14.0,Full HD 1920x1080,Intel Core i7 7500U 2.7GHz,8,256GB SSD,Nvidia GeForce 930MX,Windows 10,1.64,221058.98640000002,2.7,256,0,0,0,1920.0,1080.0,Nvidia
Dell,Notebook,15.6,Full HD 1920x1080,Intel Core i5 6300U 2.4GHz,8,500GB HDD,Intel HD Graphics 520,Windows 10,2.09,195140.1312,2.4,0,500,0,0,1920.0,1080.0,Intel
HP,Ultrabook,12.5,1366x768,Intel Core i5 7200U 2.5GHz,4,256GB SSD,Intel HD Graphics 620,Windows 10,1.26,290722.32,2.5,256,0,0,0,1366.0,768.0,Intel
HP,Notebook,14.0,1366x768,Intel Core i5 7200U 2.5GHz,4,500GB HDD,Intel HD Graphics 620,Windows 10,2.31,221724.72,2.5,0,500,0,0,1366.0,768.0,Intel
HP,Notebook,14.0,1366x768,Intel Core i5 7200U 2.5GHz,4,500GB HDD,Intel HD Graphics 620,Windows 10,1.95,197668.80000000002,2.5,0,500,0,0,1366.0,768.0,Intel
Dell,Ultrabook,13.3,Quad HD+ / Touchscreen 3200x1800,Intel Core i5 7200U 2.5GHz,8,256GB SSD,Intel HD Graphics 620,Windows 10,1.29,302843.52,2.5,256,0,1,0,3200.0,1800.0,Intel
HP,Notebook,17.3,Full HD 1920x1080,Intel Core i5 7200U 2.5GHz,8,256GB SSD,Nvidia GeForce 930MX,Windows 10,2.63,201398.4,2.5,256,0,0,0,1920.0,1080.0,Nvidia
HP,Notebook,14.0,1366x768,Intel Core i5 7200U 2.5GHz,4,256GB SSD,Intel HD Graphics 620,Windows 10,1.64,181445.04,2.5,256,0,0,0,1366.0,768.0,Intel
Acer,Notebook,15.6,1366x768,AMD A9-Series 9420 3GHz,6,1TB HDD,AMD Radeon R5,Windows 10,2.1,76270.32,3.0,0,1000,0,0,1366.0,768.0,AMD
MSI,Gaming,17.3,Full HD 1920x1080,Intel Core i7 7700HQ 2.8GHz,8,128GB SSD +  1TB HDD,Nvidia GeForce GTX 1050,Windows 10,2.7,222246.86399999997,2.8,128000,0,0,0,1920.0,1080.0,Nvidia
HP,Notebook,14.0,Full HD 1920x1080,Intel Core i5 6200U 2.3GHz,8,256GB SSD,Intel HD Graphics 520,Windows 7,1.95,222843.6,2.3,256,0,0,0,1920.0,1080.0,Intel
HP,Notebook,15.6,Full HD 1920x1080,Intel Core i7 6500U 2.5GHz,8,256GB SSD,Intel HD Graphics 520,Windows 10,1.84,229182.0552,2.5,256,0,0,0,1920.0,1080.0,Intel
HP,Ultrabook,12.5,Full HD 1920x1080,Intel Core i7 6500U 2.5GHz,8,256GB SSD,Intel HD Graphics 520,Windows 10,1.26,251561.52000000002,2.5,256,0,0,0,1920.0,1080.0,Intel
HP,Notebook,15.6,1366x768,Intel Core i5 7200U 2.5GHz,4,500GB HDD,Intel HD Graphics 620,Windows 10,2.04,138368.16,2.5,0,500,0,0,1366.0,768.0,Intel
Toshiba,Ultrabook,14.0,IPS Panel Full HD 1920x1080,Intel Core i7 6600U 2.6GHz,8,256GB SSD,Intel HD Graphics 520,Windows 10,1.47,321678.0,2.6,256,0,0,1,1920.0,1080.0,Intel
Dell,Notebook,15.6,Full HD 1920x1080,Intel Core i5 6300U 2.4GHz,8,256GB SSD,Intel HD Graphics 520,Windows 7,2.09,198218.916,2.4,256,0,0,0,1920.0,1080.0,Intel
HP,Notebook,14.0,Full HD 1920x1080,Intel Core i5 7200U 2.5GHz,8,256GB SSD,Intel HD Graphics 620,Windows 10,1.64,188439.90480000002,2.5,256,0,0,0,1920.0,1080.0,Intel
Lenovo,2 in 1 Convertible,15.6,IPS Panel Full HD / Touchscreen 1920x1080,Intel Core i7 6500U 2.5GHz,4,256GB SSD,Intel HD Graphics 520,Windows 10,1.8,157948.56,2.5,256,0,1,1,1920.0,1080.0,Intel
Vero,Notebook,14.0,1366x768,Intel Atom X5-Z8350 1.44GHz,2,32GB Flash Storage,Intel HD Graphics 400,Windows 10,1.45,39309.984000000004,1.44,32,0,0,0,1366.0,768.0,Intel
Toshiba,Notebook,15.6,IPS Panel Full HD 1920x1080,Intel Core i7 6500U 2.5GHz,16,256GB SSD,Nvidia GeForce 930M,Windows 10,2.4,265734.0,2.5,256,0,0,1,1920.0,1080.0,Nvidia
Lenovo,Notebook,15.6,Full HD 1920x1080,Intel Core i5 6200U 2.3GHz,8,256GB SSD,Intel HD Graphics 520,Windows 10,2.3,195729.408,2.3,256,0,0,0,1920.0,1080.0,Intel
HP,Notebook,14.0,Full HD 1920x1080,Intel Core i5 6200U 2.3GHz,4,500GB HDD,Intel HD Graphics 520,Windows 10,1.54,186480.0,2.3,0,500,0,0,1920.0,1080.0,Intel
HP,Notebook,15.6,Full HD 1920x1080,Intel Core i5 6300U 2.4GHz,8,256GB SSD +  500GB HDD,Intel HD Graphics 520,Windows 10,1.84,392230.8432,2.4,256,0,0,0,1920.0,1080.0,Intel
HP,Notebook,14.0,Full HD 1920x1080,Intel Core i5 6200U 2.3GHz,8,256GB SSD,Intel HD Graphics 520,Windows 7,1.43,273939.12,2.3,256,0,0,0,1920.0,1080.0,Intel
MSI,Gaming,17.3,IPS Panel Full HD 1920x1080,Intel Core i7 6820HK 2.7GHz,16,256GB SSD +  1TB HDD,Nvidia GeForce GTX 980M,Windows 10,3.78,288230.9472,2.7,256000,0,0,1,1920.0,1080.0,Nvidia
Lenovo,Gaming,17.3,IPS Panel Full HD 1920x1080,Intel Core i7 6700HQ 2.6GHz,16,128GB SSD +  1TB HDD,Nvidia GeForce GTX 980M,Windows 10,4.6,427037.3351999999,2.6,128000,0,0,1,1920.0,1080.0,Nvidia
Asus,Netbook,11.6,1366x768,Intel Celeron Dual Core N3060 1.6GHz,4,16GB Flash Storage,Intel HD Graphics 400,Chrome OS,1.2,53687.59199999999,1.6,16,0,0,0,1366.0,768.0,Intel
Lenovo,Notebook,14.0,IPS Panel 2560x1440,Intel Core i7 6600U 2.6GHz,16,256GB SSD,Intel HD Graphics 520,Windows 7,1.1,488577.60000000003,2.6,256,0,0,1,2560.0,1440.0,Intel
HP,Notebook,15.6,IPS Panel Full HD 1920x1080,Intel Core i7 7500U 2.7GHz,8,1TB HDD,Nvidia GeForce 940MX,Windows 10,1.91,182563.92,2.7,0,1000,0,1,1920.0,1080.0,Nvidia
Dell,2 in 1 Convertible,15.6,IPS Panel Full HD / Touchscreen 1920x1080,Intel Core i5 7200U 2.7GHz,8,256GB SSD,Intel HD Graphics 620,Windows 10,2.3,204009.12,2.7,256,0,1,1,1920.0,1080.0,Intel
HP,Notebook,15.6,1366x768,Intel Core i5 7200U 2.5GHz,4,256GB SSD,Intel HD Graphics 620,Windows 10,2.04,182563.92,2.5,256,0,0,0,1366.0,768.0,Intel
Dell,Ultrabook,13.3,Quad HD+ / Touchscreen 3200x1800,Intel Core i7 7500U 2.7GHz,16,1TB SSD,Intel HD Graphics 620,Windows 10,1.2,420325.92,2.7,1000,0,1,0,3200.0,1800.0,Intel
HP,Notebook,15.6,1366x768,Intel Core i3 6100U 2.3GHz,4,500GB HDD,Intel HD Graphics 520,Windows 10,2.31,131496.372,2.3,0,500,0,0,1366.0,768.0,Intel
HP,Notebook,15.6,1366x768,Intel Core i5 7200U 2.5GHz,4,500GB HDD,Intel HD Graphics 620,No OS,1.96,93053.52,2.5,0,500,0,0,1366.0,768.0,Intel
Acer,Notebook,15.6,1366x768,AMD A8-Series 7410 2.2GHz,8,1TB HDD,AMD Radeon R5,Windows 10,2.4,83729.52,2.2,0,1000,0,0,1366.0,768.0,AMD
Dell,2 in 1 Convertible,13.3,IPS Panel Full HD / Touchscreen 1920x1080,Intel Core i7 7500U 2.7GHz,12,256GB SSD,Intel HD Graphics 620,Windows 10,1.6,242237.52000000002,2.7,256,0,1,1,1920.0,1080.0,Intel
MSI,Gaming,15.6,Full HD 1920x1080,Intel Core i7 6700HQ 2.6GHz,16,256GB SSD +  1TB HDD,Nvidia GeForce GTX 1060,Windows 10,2.94,339207.12,2.6,256000,0,0,0,1920.0,1080.0,Nvidia
HP,Notebook,15.6,Full HD 1920x1080,Intel Core i7 7500U 2.7GHz,8,256GB SSD,Intel HD Graphics 620,Windows 10,2.04,199533.6,2.7,256,0,0,0,1920.0,1080.0,Intel
Asus,Gaming,17.3,IPS Panel Full HD 1920x1080,Intel Core i7 6700HQ 2.6GHz,16,1TB HDD,Nvidia GeForce GTX 965M,No OS,4.0,186107.04,2.6,0,1000,0,1,1920.0,1080.0,Nvidia
Dell,Notebook,15.6,Full HD 1920x1080,Intel Core i5 7200U 2.5GHz,4,1TB HDD,Intel HD Graphics,Windows 10,2.25,104242.32,2.5,0,1000,0,0,1920.0,1080.0,Intel
Dell,Notebook,15.6,Full HD 1920x1080,Intel Core i7 7500U 2.7GHz,16,2TB HDD,AMD Radeon R7 M445,Windows 10,2.32,184613.3352,2.7,0,2000,0,0,1920.0,1080.0,AMD
MSI,Gaming,15.6,Full HD 1920x1080,Intel Core i7 6700HQ 2.6GHz,16,256GB SSD +  1TB HDD,Nvidia GeForce GTX 1060,Windows 10,1.8,359719.92,2.6,256000,0,0,0,1920.0,1080.0,Nvidia
Dell,Ultrabook,13.3,Full HD 1920x1080,Intel Core i7 7500U 2.7GHz,8,256GB SSD,Intel HD Graphics 620,Windows 10,1.29,271887.83999999997,2.7,256,0,0,0,1920.0,1080.0,Intel
Asus,Gaming,17.3,IPS Panel Full HD 1920x1080,Intel Core i7 6820HK 2.7GHz,64,1TB SSD,Nvidia GeForce GTX 980 ,Windows 10,3.58,741258.0,2.7,1000,0,0,1,1920.0,1080.0,Nvidia
Dell,2 in 1 Convertible,13.3,Full HD / Touchscreen 1920x1080,Intel Core i7 6500U 2.5GHz,8,256GB SSD,Intel HD Graphics 520,Windows 10,1.62,148812.90480000002,2.5,256,0,1,0,1920.0,1080.0,Intel
Dell,Gaming,15.6,4K Ultra HD 3840x2160,Intel Core i7 6700HQ 2.6GHz,16,256GB SSD +  1TB HDD,Nvidia GeForce GTX 970M,Windows 10,3.21,247831.91999999998,2.6,256000,0,0,0,3840.0,2160.0,Nvidia
Apple,Ultrabook,12.0,IPS Panel Retina Display 2304x1440,Intel Core M 1.1GHz,8,256GB Flash Storage,Intel HD Graphics 515,Mac OS X,0.92,242424.0,1.1,256,0,0,1,2304.0,1440.0,Intel
Dell,Notebook,15.6,1366x768,Intel Core i3 6100U 2.3GHz,4,500GB HDD,Intel HD Graphics 520,Windows 10,2.06,89879.63040000001,2.3,0,500,0,0,1366.0,768.0,Intel
HP,Notebook,15.6,1366x768,Intel Core i5 6200U 2.3GHz,4,500GB HDD,Intel HD Graphics 520,Windows 10,2.31,223589.52000000002,2.3,0,500,0,0,1366.0,768.0,Intel
HP,Ultrabook,12.5,Full HD 1920x1080,Intel Core i5 6200U 2.3GHz,8,256GB SSD,Intel HD Graphics 520,Windows 7,1.26,223589.52000000002,2.3,256,0,0,0,1920.0,1080.0,Intel
HP,Notebook,13.3,Full HD 1920x1080,Intel Core i7 7500U 2.7GHz,8,256GB SSD,Intel HD Graphics 620,Windows 10,1.49,203263.19999999998,2.7,256,0,0,0,1920.0,1080.0,Intel
Lenovo,Ultrabook,12.5,IPS Panel Full HD / Touchscreen 1920x1080,Intel Core i7 6500U 2.5GHz,8,256GB SSD,Intel HD Graphics 520,Windows 10,1.3,319531.6152,2.5,256,0,1,1,1920.0,1080.0,Intel
Lenovo,Notebook,17.3,1600x900,Intel Core i5 6200U 2.3GHz,8,1.0TB HDD,AMD Radeon R5 M330,Windows 10,3.0,122890.31999999999,2.3,0,10000,0,0,1600.0,900.0,AMD
Lenovo,Notebook,15.6,IPS Panel Full HD 1920x1080,Intel Core i5 6300HQ 2.3GHz,4,1TB HDD,Nvidia GeForce GTX 950M,Windows 10,2.3,182190.96,2.3,0,1000,0,1,1920.0,1080.0,Nvidia
MSI,Gaming,17.3,Full HD 1920x1080,Intel Core i7 7700HQ 2.8GHz,16,256GB SSD +  1TB HDD,Nvidia GeForce GTX 1070,Windows 10,3.78,466013.52,2.8,256000,0,0,0,1920.0,1080.0,Nvidia
Lenovo,Notebook,15.6,1366x768,Intel Core i5 6200U 2.3GHz,4,500GB HDD,Intel HD Graphics 520,Windows 10,2.1,100699.2,2.3,0,500,0,0,1366.0,768.0,Intel
HP,Notebook,15.6,Full HD 1920x1080,Intel Core i5 6200U 2.3GHz,4,500GB HDD,Intel HD Graphics 520,Windows 7,2.31,175291.19999999998,2.3,0,500,0,0,1920.0,1080.0,Intel
Lenovo,Ultrabook,12.5,IPS Panel Touchscreen 2560x1440,Intel Core M 6Y75 1.2GHz,8,512GB SSD,Intel HD Graphics 515,Windows 10,0.99,260885.52000000002,1.2,512,0,1,1,2560.0,1440.0,Intel
Lenovo,Gaming,17.3,IPS Panel Full HD 1920x1080,Intel Core i7 6820HK 2.7GHz,32,512GB SSD +  1.0TB Hybrid,Nvidia GeForce GTX 980M,Windows 10,4.6,604195.2,2.7,512000,0,0,1,1920.0,1080.0,Nvidia
Lenovo,2 in 1 Convertible,10.1,IPS Panel Touchscreen 1920x1200,Intel Atom x5-Z8550 1.44GHz,4,64GB Flash Storage,Intel HD Graphics 400,Windows 10,0.69,120516.4296,1.44,64,0,1,1,1920.0,1200.0,Intel
HP,Ultrabook,13.3,IPS Panel 4K Ultra HD 3840x2160,Intel Core i7 7500U 2.7GHz,16,512GB SSD,Intel HD Graphics 620,Windows 10,1.3,382097.52,2.7,512,0,0,1,3840.0,2160.0,Intel
Dell,Notebook,15.6,Full HD 1920x1080,Intel Core i5 7200U 2.5GHz,8,256GB SSD,Intel HD Graphics 620,Windows 10,2.18,139860.0,2.5,256,0,0,0,1920.0,1080.0,Intel
HP,Notebook,14.0,Full HD 1920x1080,Intel Core i5 6200U 2.3GHz,4,500GB HDD,Intel HD Graphics 520,Windows 7,1.54,192259.01519999997,2.3,0,500,0,0,1920.0,1080.0,Intel
HP,Workstation,15.6,Full HD 1920x1080,Intel Core i7 6500U 2.5GHz,8,256GB SSD,AMD FirePro W4190M,Windows 7,1.9,278787.6,2.5,256,0,0,0,1920.0,1080.0,AMD
Lenovo,Notebook,14.0,Full HD 1920x1080,Intel Core i5 6200U 2.3GHz,8,180GB SSD,Intel HD Graphics 520,Windows 7,1.7,223589.52000000002,2.3,180,0,0,0,1920.0,1080.0,Intel
HP,Notebook,13.3,Quad HD+ 3200x1800,Intel Pentium Dual Core 4405Y 1.5GHz,4,32GB Flash Storage,Intel HD Graphics 515,Chrome OS,1.29,114685.2,1.5,32,0,0,0,3200.0,1800.0,Intel
Acer,Notebook,15.6,1366x768,AMD A8-Series 7410 2.2GHz,4,500GB HDD,AMD Radeon R5,Windows 10,2.4,72167.76000000001,2.2,0,500,0,0,1366.0,768.0,AMD
Dell,Notebook,15.6,1366x768,Intel Pentium Quad Core N3700 1.6GHz,4,500GB HDD,Intel HD Graphics,Linux,2.2,73378.0152,1.6,0,500,0,0,1366.0,768.0,Intel
HP,Notebook,15.6,1366x768,Intel Core i3 6006U 2GHz,4,1TB HDD,Intel HD Graphics 520,No OS,1.86,64520.2152,2.0,0,1000,0,0,1366.0,768.0,Intel
Asus,Gaming,17.3,IPS Panel Full HD 1920x1080,Intel Core i7 7700HQ 2.8GHz,8,256GB SSD +  1TB HDD,Nvidia GeForce GTX 1060,Windows 10,2.7,298181.52,2.8,256000,0,0,1,1920.0,1080.0,Nvidia
Dell,Ultrabook,13.3,IPS Panel Full HD 1920x1080,Intel Core i5 8250U 1.6GHz,4,256GB SSD,AMD Radeon 530,Windows 10,1.4,152605.908,1.6,256,0,0,1,1920.0,1080.0,AMD
HP,Netbook,12.5,1366x768,Intel Core i5 6200U 2.3GHz,4,128GB SSD,Intel HD Graphics 520,Windows 7,2.4,298181.52,2.3,128,0,0,0,1366.0,768.0,Intel
Acer,Notebook,15.6,Full HD 1920x1080,Intel Core i5 7200U 2.5GHz,8,256GB SSD +  1TB HDD,Nvidia GeForce GTX 950M,Windows 10,2.4,148997.52000000002,2.5,256000,0,0,0,1920.0,1080.0,Nvidia
Dell,Notebook,15.6,Full HD 1920x1080,Intel Core i5 7200U 2.5GHz,8,1TB HDD,AMD Radeon R7 M445,Windows 10,2.36,119123.42400000001,2.5,0,1000,0,0,1920.0,1080.0,AMD
MSI,Gaming,17.3,Full HD 1920x1080,Intel Core i7 6700HQ 2.6GHz,8,256GB SSD,Nvidia GeForce GTX 965M,Windows 10,2.6,298181.52,2.6,256,0,0,0,1920.0,1080.0,Nvidia
HP,Notebook,15.6,1366x768,Intel Pentium Quad Core N3710 1.6GHz,4,1TB HDD,Intel HD Graphics 405,Windows 10,1.96,93240.0,1.6,0,1000,0,0,1366.0,768.0,Intel
Asus,Gaming,17.3,IPS Panel Full HD 1920x1080,Intel Core i7 6700HQ 2.6GHz,16,128GB SSD +  1TB HDD,Nvidia GeForce GTX 980M,Windows 10,4.3,428717.52,2.6,128000,0,0,1,1920.0,1080.0,Nvidia
Dell,Ultrabook,12.5,1366x768,Intel Core i3 6100U 2.3GHz,4,500GB HDD,Intel HD Graphics 520,Windows 7,1.5,211682.772,2.3,0,500,0,0,1366.0,768.0,Intel
Dell,Ultrabook,12.5,1366x768,Intel Core i3 6100U 2.3GHz,4,128GB SSD,Intel HD Graphics 520,Windows 7,1.5,217616.5656,2.3,128,0,0,0,1366.0,768.0,Intel
Acer,Notebook,15.6,1366x768,Intel Celeron Dual Core 3205U 1.5GHz,4,16GB SSD,Intel HD Graphics,Chrome OS,2.2,38974.32,1.5,16,0,0,0,1366.0,768.0,Intel
HP,Workstation,17.3,IPS Panel Full HD 1920x1080,Intel Core i7 6700HQ 2.6GHz,8,1TB HDD,AMD FirePro W6150M,Windows 7,3.0,540605.52,2.6,0,1000,0,1,1920.0,1080.0,AMD
Lenovo,Gaming,15.6,Full HD 1920x1080,Intel Core i7 7700HQ 2.8GHz,16,512GB SSD,Nvidia GeForce GTX 1050 Ti,Windows 10,2.4,223589.52000000002,2.8,512,0,0,0,1920.0,1080.0,Nvidia
Dell,Ultrabook,12.5,1366x768,Intel Core i5 6200U 2.3GHz,8,256GB SSD,Intel HD Graphics 520,Windows 7,1.5,263514.888,2.3,256,0,0,0,1366.0,768.0,Intel
MSI,Gaming,17.3,Full HD 1920x1080,Intel Core i7 6700HQ 2.6GHz,8,128GB SSD +  1TB HDD,Nvidia GeForce GTX 960M,Windows 10,2.9,281806.71119999996,2.6,128000,0,0,0,1920.0,1080.0,Nvidia
Lenovo,2 in 1 Convertible,15.6,IPS Panel Full HD / Touchscreen 1920x1080,Intel Core i5 6200U 2.3GHz,4,256GB SSD,Intel HD Graphics 520,Windows 10,2.1,161678.16,2.3,256,0,1,1,1920.0,1080.0,Intel
HP,Notebook,15.6,Full HD 1920x1080,AMD A6-Series 9220 2.5GHz,4,1TB HDD,AMD Radeon R4,Windows 10,2.1,74219.04,2.5,0,1000,0,0,1920.0,1080.0,AMD
Asus,Gaming,15.6,IPS Panel Full HD 1920x1080,Intel Core i7 6700HQ 2.6GHz,16,128GB SSD +  1TB HDD,Nvidia GeForce GTX 960M,Windows 10,2.59,249696.72,2.6,128000,0,0,1,1920.0,1080.0,Nvidia
HP,Notebook,13.3,Quad HD+ / Touchscreen 3200x1800,Intel Core M 6Y54 1.1GHz,8,256GB SSD,Intel HD Graphics 515,Windows 10,1.16,316829.52,1.1,256,0,1,0,3200.0,1800.0,Intel
Dell,Notebook,15.6,1366x768,Intel Core i5 6200U 2.3GHz,4,500GB HDD,AMD Radeon R5 M315,Windows 7,2.24,143431.092,2.3,0,500,0,0,1366.0,768.0,AMD
Lenovo,Notebook,15.6,1366x768,Intel Core i3 6006U 2.0GHz,4,128GB SSD,Intel HD Graphics 520,Windows 10,2.1,79999.92,2.0,128,0,0,0,1366.0,768.0,Intel
HP,Ultrabook,13.3,Full HD 1920x1080,Intel Core i7 6500U 2.5GHz,8,512GB SSD,Intel HD Graphics 520,Windows 10,1.16,367179.12,2.5,512,0,0,0,1920.0,1080.0,Intel
Lenovo,2 in 1 Convertible,10.1,IPS Panel Touchscreen 1920x1200,Intel Atom x5-Z8550 1.44GHz,4,64GB Flash Storage,Intel HD Graphics 400,Android,0.69,102377.52,1.44,64,0,1,1,1920.0,1200.0,Intel
Dell,Ultrabook,13.3,Full HD 1920x1080,Intel Core i7 7560U 2.4GHz,8,256GB SSD,Intel Iris Plus Graphics 640,Windows 10,1.23,257155.91999999998,2.4,256,0,0,0,1920.0,1080.0,Intel
Lenovo,Gaming,17.3,IPS Panel Full HD 1920x1080,Intel Core i7 6820HK 2.7GHz,16,256GB SSD +  1.0TB Hybrid,Nvidia GeForce GTX 980M,Windows 10,4.6,512818.13519999996,2.7,256000,0,0,1,1920.0,1080.0,Nvidia
Razer,Ultrabook,12.5,Touchscreen / 4K Ultra HD 3840x2160,Intel Core i7 6500U 2.5GHz,8,256GB SSD,Intel HD Graphics 520,Windows 10,1.25,191887.92,2.5,256,0,1,0,3840.0,2160.0,Intel
Toshiba,Ultrabook,13.3,Full HD 1920x1080,Intel Core i7 7500U 2.7GHz,16,512GB SSD,Intel HD Graphics 620,Windows 10,1.05,415104.48,2.7,512,0,0,0,1920.0,1080.0,Intel
Asus,Gaming,17.3,Full HD 1920x1080,Intel Core i7 6700HQ 2.6GHz,8,128GB SSD +  1TB HDD,Nvidia GeForce GTX 960M,Windows 10,3.52,244753.1352,2.6,128000,0,0,0,1920.0,1080.0,Nvidia
Vero,Notebook,13.3,Full HD 1920x1080,Intel Atom X5-Z8350 1.44GHz,4,32GB Flash Storage,Intel HD Graphics 400,Windows 10,1.35,36550.079999999994,1.44,32,0,0,0,1920.0,1080.0,Intel
HP,Notebook,13.3,Full HD 1920x1080,Intel Core i5 6200U 2.3GHz,8,256GB SSD,Intel HD Graphics 520,Windows 10,1.16,315151.2,2.3,256,0,0,0,1920.0,1080.0,Intel
HP,Notebook,14.0,Full HD 1920x1080,Intel Core i5 6200U 2.3GHz,8,256GB SSD,Intel HD Graphics 520,Windows 7,1.43,282144.24,2.3,256,0,0,0,1920.0,1080.0,Intel
Dell,Notebook,15.6,1366x768,Intel Core i5 6200U 2.3GHz,4,500GB HDD,Intel HD Graphics 520,Linux,2.09,97646.52239999999,2.3,0,500,0,0,1366.0,768.0,Intel
Asus,Notebook,15.6,1366x768,Intel Core i3 7100U 2.4GHz,4,1TB HDD,Intel HD Graphics 620,Windows 10,2.0,81118.8,2.4,0,1000,0,0,1366.0,768.0,Intel
Lenovo,2 in 1 Convertible,14.0,IPS Panel Full HD / Touchscreen 1920x1080,Intel Core i7 6500U 2.5GHz,8,256GB SSD,Intel HD Graphics 520,Windows 10,1.8,311235.12,2.5,256,0,1,1,1920.0,1080.0,Intel
Lenovo,2 in 1 Convertible,10.1,IPS Panel Touchscreen 1920x1200,Intel Atom x5-Z8550 1.44GHz,4,64GB Flash Storage,Intel HD Graphics 400,Windows 10,0.69,89323.92,1.44,64,0,1,1,1920.0,1200.0,Intel
HP,Ultrabook,12.5,1366x768,Intel Core i5 6300U 2.4GHz,8,256GB SSD,Intel HD Graphics 520,Windows 7,1.26,353379.60000000003,2.4,256,0,0,0,1366.0,768.0,Intel
Lenovo,Gaming,15.6,IPS Panel Full HD 1920x1080,Intel Core i5 7300HQ 2.5GHz,8,128GB SSD +  1TB HDD,Nvidia GeForce GTX 1060,No OS,2.4,184428.72,2.5,128000,0,0,1,1920.0,1080.0,Nvidia
HP,Gaming,17.3,IPS Panel Full HD 1920x1080,Intel Core i5 6300HQ 2.3GHz,8,128GB SSD +  1TB HDD,Nvidia GeForce GTX 1060,Windows 10,3.35,210535.92,2.3,128000,0,0,1,1920.0,1080.0,Nvidia
HP,Notebook,15.6,1366x768,Intel Core i7 7500U 2.7GHz,8,2TB HDD,Intel HD Graphics 620,Windows 10,2.04,117295.91999999998,2.7,0,2000,0,0,1366.0,768.0,Intel
Lenovo,2 in 1 Convertible,14.0,IPS Panel Full HD / Touchscreen 1920x1080,Intel Core i7 6600U 2.6GHz,8,512GB SSD,Nvidia Quadro M500M,Windows 7,1.8,382354.8624,2.6,512,0,1,1,1920.0,1080.0,Nvidia
Asus,Notebook,14.0,1366x768,Intel Celeron Dual Core N3350 1.1GHz,4,32GB Flash Storage,Intel HD Graphics 500,Windows 10,1.5,51841.44,1.1,32,0,0,0,1366.0,768.0,Intel
HP,Ultrabook,15.6,Full HD 1920x1080,Intel Core i7 7500U 2.7GHz,8,256GB SSD,Intel HD Graphics 620,Windows 10,1.84,140232.96,2.7,256,0,0,0,1920.0,1080.0,Intel
Acer,Notebook,15.6,Full HD 1920x1080,Intel Core i5 7200U 2.5GHz,4,1TB HDD,Nvidia GeForce 940MX,Windows 10,2.23,114871.68000000001,2.5,0,1000,0,0,1920.0,1080.0,Nvidia
Lenovo,Notebook,15.6,Full HD 1920x1080,Intel Core i7 6500U 2.5GHz,16,1.0TB Hybrid,AMD Radeon R7 M360,Windows 10,2.5,204941.52000000002,2.5,0,0,0,0,1920.0,1080.0,AMD
HP,Workstation,17.3,IPS Panel Full HD 1920x1080,Intel Core i7 6700HQ 2.6GHz,8,256GB SSD,Nvidia Quadro M3000M,Windows 7,3.0,736484.112,2.6,256,0,0,1,1920.0,1080.0,Nvidia
Dell,Notebook,15.6,1366x768,Intel Core i5 7200U 2.5GHz,8,1TB HDD,AMD Radeon R7 M445,Windows 10,2.5,146200.31999999998,2.5,0,1000,0,0,1366.0,768.0,AMD
MSI,Gaming,17.3,Full HD 1920x1080,Intel Core i7 6820HQ 2.7GHz,16,256GB SSD +  1TB HDD,Nvidia GeForce GTX 980M,Windows 10,3.78,447365.52,2.7,256000,0,0,0,1920.0,1080.0,Nvidia
HP,Ultrabook,15.6,Full HD 1920x1080,Intel Core i7 6500U 2.5GHz,8,256GB SSD,Intel HD Graphics 520,Windows 7,1.88,404982.3456,2.5,256,0,0,0,1920.0,1080.0,Intel
Lenovo,2 in 1 Convertible,14.0,IPS Panel Touchscreen 2560x1440,Intel Core i7 6600U 2.6GHz,16,512GB SSD,Intel HD Graphics 520,Windows 10,2.8,455011.2,2.6,512,0,1,1,2560.0,1440.0,Intel
MSI,Gaming,15.6,Full HD 1920x1080,Intel Core i7 7700HQ 2.8GHz,8,128GB SSD +  1TB HDD,Nvidia GeForce GTX 1050,Windows 10,2.4,213109.34399999998,2.8,128000,0,0,0,1920.0,1080.0,Nvidia
HP,2 in 1 Convertible,13.3,Full HD / Touchscreen 1920x1080,Intel Core i5 6300U 2.4GHz,8,256GB SSD,Intel HD Graphics 520,Windows 10,1.48,303775.92,2.4,256,0,1,0,1920.0,1080.0,Intel
HP,Workstation,15.6,IPS Panel Full HD 1920x1080,Intel Core i7 6700HQ 2.6GHz,8,256GB SSD,Nvidia Quadro M1000M,Windows 7,2.59,415663.92,2.6,256,0,0,1,1920.0,1080.0,Nvidia
HP,2 in 1 Convertible,13.3,Touchscreen 2560x1440,Intel Core i7 6600U 2.6GHz,8,256GB SSD,Intel HD Graphics 520,Windows 10,1.48,335477.52,2.6,256,0,1,0,2560.0,1440.0,Intel
HP,Workstation,15.6,Full HD 1920x1080,Intel Core i7 6700HQ 2.6GHz,8,256GB SSD,Nvidia Quadro M1000M,Windows 7,2.0,354125.52,2.6,256,0,0,0,1920.0,1080.0,Nvidia
HP,Ultrabook,12.5,Full HD 1920x1080,Intel Core i7 6500U 2.50GHz,8,256GB SSD,Intel HD Graphics 520,Windows 7,1.26,428335.2359999999,2.5,256,0,0,0,1920.0,1080.0,Intel
Dell,Notebook,15.6,Full HD 1920x1080,Intel Core i7 7500U 2.7GHz,8,256GB SSD,Nvidia GeForce 940MX,Windows 10,2.18,188326.152,2.7,256,0,0,0,1920.0,1080.0,Nvidia
HP,Notebook,15.6,Full HD 1920x1080,Intel Core i5 6200U 2.3GHz,8,256GB SSD,Intel HD Graphics 520,Windows 7,1.88,294451.92,2.3,256,0,0,0,1920.0,1080.0,Intel
Lenovo,2 in 1 Convertible,14.0,IPS Panel Touchscreen 2560x1440,Intel Core i7 6500U 2.5GHz,8,256GB SSD,Intel HD Graphics 520,Windows 10,1.27,436176.72,2.5,256,0,1,1,2560.0,1440.0,Intel
Lenovo,Notebook,15.6,1366x768,Intel Core i3 6006U 2.0GHz,4,1TB HDD,Intel HD Graphics 520,No OS,1.9,63216.719999999994,2.0,0,1000,0,0,1366.0,768.0,Intel
HP,Notebook,15.6,1366x768,AMD E-Series 7110 1.8GHz,4,500GB HDD,AMD Radeon R2 Graphics,Windows 10,1.86,55384.56,1.8,0,500,0,0,1366.0,768.0,AMD
Lenovo,Notebook,15.6,Full HD 1920x1080,Intel Core i5 6200U 2.3GHz,8,1TB HDD,AMD Radeon R5 M330,No OS,2.32,111701.52,2.3,0,1000,0,0,1920.0,1080.0,AMD
Dell,Gaming,15.6,Full HD 1920x1080,Intel Core i7 7700HQ 2.8GHz,8,1TB HDD,Nvidia GeForce GTX 1050Ti,Windows 10,2.62,223589.52000000002,2.8,0,1000,0,0,1920.0,1080.0,Nvidia
Dell,Notebook,15.6,IPS Panel Touchscreen / 4K Ultra HD 3840x2160,Intel Core i5 6300HQ 2.3GHz,8,256GB SSD,Nvidia GeForce 960M,Windows 10,2.04,419706.8064,2.3,256,0,1,1,3840.0,2160.0,Nvidia
HP,Notebook,15.6,Full HD 1920x1080,AMD A6-Series A6-9220 2.5GHz,4,256GB SSD,AMD Radeon 520,Windows 10,1.91,89303.4072,2.5,256,0,0,0,1920.0,1080.0,AMD
MSI,Gaming,17.3,Full HD 1920x1080,Intel Core i7 7700HQ 2.8GHz,16,256GB SSD +  1TB HDD,Nvidia GeForce GTX 1050 Ti,Windows 10,2.7,278377.344,2.8,256000,0,0,0,1920.0,1080.0,Nvidia
Lenovo,Ultrabook,14.0,Full HD 1920x1080,Intel Core i7 6600U 2.6GHz,12,512GB SSD,Intel HD Graphics 520,Windows 7,1.4,428717.52,2.6,512,0,0,0,1920.0,1080.0,Intel
Lenovo,Notebook,15.6,Full HD 1920x1080,Intel Core i5 6200U 2.3GHz,8,1.0TB Hybrid,AMD Radeon R5 M330,Windows 10,2.5,147037.6152,2.3,0,0,0,0,1920.0,1080.0,AMD
HP,2 in 1 Convertible,13.3,Touchscreen 2560x1440,Intel Core i7 6600U 2.6GHz,8,512GB SSD,Intel HD Graphics 520,Windows 10,1.48,380605.68,2.6,512,0,1,0,2560.0,1440.0,Intel
Lenovo,Ultrabook,14.0,Full HD 1920x1080,Intel Core i7 6600U 2.6GHz,8,256GB SSD,Intel HD Graphics 520,Windows 7,1.7,279533.52,2.6,256,0,0,0,1920.0,1080.0,Intel
MSI,Gaming,14.0,Full HD 1920x1080,Intel Core i7 6700HQ 2.6GHz,16,256GB SSD +  1TB HDD,Nvidia GeForce GTX 970M,Windows 10,1.7,329883.12,2.6,256000,0,0,0,1920.0,1080.0,Nvidia
HP,Gaming,15.6,IPS Panel Full HD 1920x1080,Intel Core i7 7700HQ 2.8GHz,8,1TB HDD,Nvidia GeForce GTX 1050,Windows 10,2.62,167645.52000000002,2.8,0,1000,0,1,1920.0,1080.0,Nvidia
Lenovo,Notebook,15.6,1366x768,Intel Core i3 6006U 2.0GHz,8,1TB HDD,Intel HD Graphics 520,Windows 10,2.2,85594.32,2.0,0,1000,0,0,1366.0,768.0,Intel
HP,Notebook,15.6,1366x768,Intel Core i5 6200U 2.3GHz,4,500GB HDD,Intel HD Graphics 520,No OS,2.1,88949.0952,2.3,0,500,0,0,1366.0,768.0,Intel
Dell,Gaming,15.6,4K Ultra HD 3840x2160,Intel Core i7 7700HQ 2.8GHz,8,128GB SSD +  1TB HDD,Nvidia GeForce GTX 1050 Ti,Windows 10,2.62,279347.04000000004,2.8,128000,0,0,0,3840.0,2160.0,Nvidia
Lenovo,Notebook,15.6,IPS Panel Full HD 1920x1080,Intel Core i5 7200U 2.5GHz,8,256GB SSD,Intel HD Graphics 620,Windows 10,1.95,259207.19999999998,2.5,256,0,0,1,1920.0,1080.0,Intel
Lenovo,Notebook,15.6,Full HD 1920x1080,Intel Core i3 6006U 2GHz,4,1TB HDD,Nvidia GeForce 920MX ,Windows 10,2.2,87272.64,2.0,0,1000,0,0,1920.0,1080.0,Nvidia
HP,Notebook,14.0,1366x768,Intel Celeron Dual Core N3060 1.6GHz,2,32GB Flash Storage,Intel HD Graphics 400,Windows 10,1.44,46433.52,1.6,32,0,0,0,1366.0,768.0,Intel
MSI,Gaming,15.6,IPS Panel Full HD 1920x1080,Intel Core i7 7500U 2.7GHz,8,1TB HDD,Nvidia GeForce GTX 1050,Windows 10,2.2,156456.72,2.7,0,1000,0,1,1920.0,1080.0,Nvidia
HP,Notebook,15.6,Full HD 1920x1080,Intel Core i7 6500U 2.5GHz,8,256GB SSD,Intel HD Graphics 520,Windows 10,1.96,126619.92000000001,2.5,256,0,0,0,1920.0,1080.0,Intel
HP,Notebook,15.6,Full HD 1920x1080,Intel Core i7 8550U 1.8GHz,16,512GB SSD,Intel UHD Graphics 620,Windows 10,2.1,216130.31999999998,1.8,512,0,0,0,1920.0,1080.0,Intel
Asus,Notebook,15.6,1366x768,Intel Celeron Dual Core N3050 1.6GHz,4,500GB HDD,Intel HD Graphics,Windows 10,2.2,68811.12,1.6,0,500,0,0,1366.0,768.0,Intel
Lenovo,Notebook,15.6,1366x768,Intel Core i5 6200U 2.3GHz,4,500GB HDD,Intel HD Graphics 520,No OS,2.1,74219.04,2.3,0,500,0,0,1366.0,768.0,Intel
Lenovo,Notebook,15.6,Full HD 1920x1080,Intel Core i7 7500U 2.7GHz,8,1TB HDD,Nvidia GeForce 940MX,No OS,2.2,132214.31999999998,2.7,0,1000,0,0,1920.0,1080.0,Nvidia
Asus,Notebook,14.0,Full HD 1920x1080,Intel Core i3 7100U 2.4GHz,4,256GB SSD,Intel HD Graphics 620,Windows 10,2.0,143403.12,2.4,256,0,0,0,1920.0,1080.0,Intel
Lenovo,Notebook,15.6,Full HD 1920x1080,Intel Core i7 6500U 2.5GHz,4,1.0TB Hybrid,Intel HD Graphics 520,Windows 7,2.32,153846.0,2.5,0,0,0,0,1920.0,1080.0,Intel
Lenovo,Gaming,15.6,IPS Panel Full HD 1920x1080,Intel Core i7 6700HQ 2.6GHz,16,512GB SSD,Nvidia GeForce GTX 960,Windows 10,3.31,243356.39999999997,2.6,512,0,0,1,1920.0,1080.0,Nvidia
MSI,Gaming,15.6,Full HD 1920x1080,Intel Core i7 6700HQ 2.6GHz,16,128GB SSD +  1TB HDD,Nvidia GeForce GTX 970M,Windows 10,1.91,401560.4376,2.6,128000,0,0,0,1920.0,1080.0,Nvidia
HP,Notebook,15.6,1366x768,Intel Core i3 6100U 2.3GHz,4,500GB HDD,Intel HD Graphics 520,Windows 10,2.07,121212.0,2.3,0,500,0,0,1366.0,768.0,Intel
Lenovo,2 in 1 Convertible,14.0,IPS Panel Touchscreen 2560x1440,Intel Core i5 6200U 2.3GHz,8,256GB SSD,Intel HD Graphics 520,Windows 10,1.36,305267.76,2.3,256,0,1,1,2560.0,1440.0,Intel
Lenovo,Ultrabook,15.6,Full HD 1920x1080,Intel Core i7 7500U 2.7GHz,6,256GB SSD,Nvidia GeForce 920M,Windows 10,1.54,154964.88,2.7,256,0,0,0,1920.0,1080.0,Nvidia
Dell,Notebook,15.6,Full HD 1920x1080,Intel Core i7 7500U 2.7GHz,8,256GB SSD,Nvidia GeForce GT 940MX,Linux,1.98,166901.4648,2.7,256,0,0,0,1920.0,1080.0,Nvidia
Acer,Notebook,15.6,1366x768,Intel Celeron Dual Core N3350 2GHz,4,500GB HDD,Intel HD Graphics 500,Windows 10,2.1,62097.84,2.0,0,500,0,0,1366.0,768.0,Intel
HP,Notebook,15.6,IPS Panel Full HD 1920x1080,Intel Core i7 6700HQ 2.6GHz,6,1TB HDD,Nvidia GeForce GTX 960M,Windows 10,2.18,148997.52000000002,2.6,0,1000,0,1,1920.0,1080.0,Nvidia
Asus,Gaming,15.6,IPS Panel Full HD 1920x1080,Intel Core i7 6700HQ 2.6GHz,8,256GB SSD +  1TB HDD,Nvidia GeForce GTX 960M,Windows 10,2.591,169510.31999999998,2.6,256000,0,0,1,1920.0,1080.0,Nvidia
Dell,2 in 1 Convertible,15.6,Full HD / Touchscreen 1920x1080,Intel Core i7 7500U 2.7GHz,16,512GB SSD,Intel HD Graphics 620,Windows 10,2.09,219859.92,2.7,512,0,1,0,1920.0,1080.0,Intel
Acer,Notebook,15.6,Full HD 1920x1080,Intel Core i5 7200U 2.5GHz,4,256GB SSD,Nvidia GeForce 940MX,Windows 10,2.23,128857.68000000001,2.5,256,0,0,0,1920.0,1080.0,Nvidia
Dell,Ultrabook,13.3,Quad HD+ / Touchscreen 3200x1800,Intel Core i5 6300U 2.4GHz,8,256GB SSD,Intel HD Graphics 520,Linux,1.23,204941.52000000002,2.4,256,0,1,0,3200.0,1800.0,Intel
Acer,Gaming,17.3,IPS Panel Full HD 1920x1080,Intel Core i7 7700HQ 2.8GHz,16,256GB SSD +  1TB HDD,Nvidia GeForce GTX 1070,Windows 10,4.2,484661.52,2.8,256000,0,0,1,1920.0,1080.0,Nvidia
Lenovo,Gaming,15.6,IPS Panel Full HD 1920x1080,Intel Core i5 7300HQ 2.5GHz,8,1TB HDD,Nvidia GeForce GTX 1050,Windows 10,2.4,152727.12,2.5,0,1000,0,1,1920.0,1080.0,Nvidia
Samsung,2 in 1 Convertible,12.3,IPS Panel Touchscreen 2400x1600,Samsung Cortex A72&A53 2.0GHz,4,32GB Flash Storage,ARM Mali T860 MP4,Chrome OS,1.15,122890.31999999999,2.0,32,0,1,1,2400.0,1600.0,ARM
HP,Notebook,15.6,1366x768,Intel Core i5 7200U 2.5GHz,4,500GB HDD,Intel HD Graphics 620,Windows 10,1.86,90442.8,2.5,0,500,0,0,1366.0,768.0,Intel
Apple,Ultrabook,12.0,IPS Panel Retina Display 2304x1440,Intel Core M 1.1GHz,8,256GB Flash Storage,Intel HD Graphics 5300,Mac OS X,0.92,216876.24,1.1,256,0,0,1,2304.0,1440.0,Intel
Dell,2 in 1 Convertible,13.3,IPS Panel Full HD / Touchscreen 1920x1080,Intel Core i5 7200U 2.5GHz,8,256GB SSD,Intel HD Graphics 620,Windows 10,1.6,223589.52000000002,2.5,256,0,1,1,1920.0,1080.0,Intel
HP,Notebook,15.6,IPS Panel Full HD 1920x1080,Intel Core i7 7700HQ 2.8GHz,12,128GB SSD +  1TB HDD,Nvidia GeForce GTX 1050,Windows 10,2.21,247458.96,2.8,128000,0,0,1,1920.0,1080.0,Nvidia
Lenovo,Notebook,15.6,1366x768,Intel Core i3 6006U 2GHz,4,1TB HDD,AMD Radeon R5 M430,No OS,1.9,68624.64,2.0,0,1000,0,0,1366.0,768.0,AMD
Asus,Gaming,17.3,IPS Panel Full HD 1920x1080,Intel Core i7 6700HQ 2.6GHz,16,512GB SSD +  1TB HDD,Nvidia GeForce GTX 980M,Windows 10,4.3,400932.0,2.6,512000,0,0,1,1920.0,1080.0,Nvidia
Acer,Notebook,15.6,1366x768,Intel Celeron Dual Core N3350 2GHz,4,1TB HDD,Intel HD Graphics 500,Linux,2.1,50722.56,2.0,0,1000,0,0,1366.0,768.0,Intel
MSI,Gaming,17.3,Full HD 1920x1080,Intel Core i7 7700HQ 2.8GHz,16,256GB SSD +  1TB HDD,Nvidia GeForce GTX 1060,Windows 10,2.43,382078.87200000003,2.8,256000,0,0,0,1920.0,1080.0,Nvidia
Dell,Notebook,15.6,1366x768,Intel Core i3 6006U 2.0GHz,4,128GB SSD,AMD Radeon R7 M440,Windows 10,2.3,93053.52,2.0,128,0,0,0,1366.0,768.0,AMD
Lenovo,Notebook,15.6,1366x768,Intel Core i7 6500U 2.5GHz,8,500GB HDD,Nvidia GeForce 920MX,No OS,2.2,117295.91999999998,2.5,0,500,0,0,1366.0,768.0,Nvidia
Dell,2 in 1 Convertible,15.6,Full HD / Touchscreen 1920x1080,Intel Core i7 8550U 1.8GHz,16,512GB SSD,Intel UHD Graphics 620,Windows 10,2.0,239626.80000000002,1.8,512,0,1,0,1920.0,1080.0,Intel
Dell,Ultrabook,13.3,Quad HD+ / Touchscreen 3200x1800,Intel Core i7 7500U 2.7GHz,16,512GB SSD,Intel HD Graphics 620,Windows 10,1.2,499766.39999999997,2.7,512,0,1,0,3200.0,1800.0,Intel
Asus,Gaming,15.6,Full HD 1920x1080,Intel Core i7 6700HQ 2.6GHz,8,1TB HDD,Nvidia GeForce GTX 1060,Windows 10,2.2,217995.12,2.6,0,1000,0,0,1920.0,1080.0,Nvidia
Dell,Notebook,15.6,Full HD 1920x1080,Intel Core i5 7200U 2.5GHz,8,256GB SSD,AMD Radeon R7 M445,Windows 10,2.36,165780.72,2.5,256,0,0,0,1920.0,1080.0,AMD
HP,Notebook,15.6,1366x768,Intel Core i5 7200U 2.5GHz,8,256GB SSD,Intel HD Graphics 620,Windows 10,1.91,107971.92,2.5,256,0,0,0,1366.0,768.0,Intel
Lenovo,Notebook,15.6,1366x768,AMD E-Series 9000 2.2GHz,4,500GB HDD,AMD Radeon R2 Graphics,Windows 10,2.2,55757.52,2.2,0,500,0,0,1366.0,768.0,AMD
Acer,Notebook,17.3,1600x900,Intel Core i3 6006U 2.0GHz,8,1TB HDD,Nvidia GeForce 940MX,Windows 10,3.3,117295.91999999998,2.0,0,1000,0,0,1600.0,900.0,Nvidia
Asus,Gaming,15.6,Full HD 1920x1080,Intel Core i7 7700HQ 2.8GHz,16,256GB SSD +  1TB HDD,Nvidia GeForce GTX 1070,Windows 10,2.2,456689.52,2.8,256000,0,0,0,1920.0,1080.0,Nvidia
Apple,Ultrabook,12.0,IPS Panel Retina Display 2304x1440,Intel Core M 1.2GHz,8,512GB Flash Storage,Intel HD Graphics 515,Mac OS X,0.92,238507.91999999998,1.2,512,0,0,1,2304.0,1440.0,Intel
Asus,Notebook,15.6,Full HD 1920x1080,Intel Core i7 7700HQ 2.8GHz,16,128GB SSD +  1TB HDD,Nvidia GeForce GTX 1060,Windows 10,2.2,326153.52,2.8,128000,0,0,0,1920.0,1080.0,Nvidia
MSI,Gaming,17.3,IPS Panel Full HD 1920x1080,Intel Core i7 6700HQ 2.6GHz,16,256GB SSD +  1TB HDD,Nvidia GeForce GTX 1060,Windows 10,2.43,363447.6552,2.6,256000,0,0,1,1920.0,1080.0,Nvidia
Dell,2 in 1 Convertible,15.6,IPS Panel Full HD / Touchscreen 1920x1080,Intel Core i5 7200U 2.5GHz,8,256GB SSD,Intel HD Graphics 620,Windows 10,2.191,186293.52000000002,2.5,256,0,1,1,1920.0,1080.0,Intel
Asus,Gaming,17.3,Full HD 1920x1080,Intel Core i7 7700HQ 2.8GHz,16,256GB SSD +  1TB HDD,Nvidia GeForce GTX 1060,Windows 10,2.9,363449.52,2.8,256000,0,0,0,1920.0,1080.0,Nvidia
Acer,Netbook,11.6,1366x768,Intel Celeron Dual Core 3205U 1.5GHz,2,32GB SSD,Intel HD Graphics,Chrome OS,1.3,32447.519999999997,1.5,32,0,0,0,1366.0,768.0,Intel
Acer,Notebook,17.3,1600x900,Intel Core i3 6006U 2GHz,4,1TB HDD,Nvidia GeForce 940MX,Windows 10,3.3,111515.04,2.0,0,1000,0,0,1600.0,900.0,Nvidia
Lenovo,Notebook,17.3,1600x900,Intel Core i5 7200U 2.5GHz,8,1TB HDD,Intel HD Graphics 620,No OS,2.8,100512.72,2.5,0,1000,0,0,1600.0,900.0,Intel
Lenovo,Gaming,15.6,IPS Panel Full HD 1920x1080,Intel Core i7 6700HQ 2.6GHz,8,128GB SSD +  1TB HDD,Nvidia GeForce GTX 960<U+039C>,Windows 10,2.6,237202.56,2.6,128000,0,0,1,1920.0,1080.0,Nvidia
Acer,2 in 1 Convertible,14.0,IPS Panel Full HD / Touchscreen 1920x1080,Intel Core i7 7Y75 1.3GHz,8,256GB SSD,Intel HD Graphics 615,Windows 10,1.2,214265.52000000002,1.3,256,0,1,1,1920.0,1080.0,Intel
Lenovo,Notebook,15.6,IPS Panel Full HD 1920x1080,Intel Core i7 6600U 2.6GHz,8,256GB SSD,Intel HD Graphics 520,Windows 10,2.3,285127.92,2.6,256,0,0,1,1920.0,1080.0,Intel
MSI,Gaming,15.6,Full HD 1920x1080,Intel Core i7 6700HQ 2.6GHz,8,128GB SSD +  1TB HDD,Nvidia GeForce GTX 1060,Windows 10,2.2,275264.9928,2.6,128000,0,0,0,1920.0,1080.0,Nvidia
HP,Notebook,15.6,Full HD 1920x1080,AMD A12-Series 9720P 2.7GHz,6,1TB HDD,AMD Radeon 530,Windows 10,2.1,98647.92,2.7,0,1000,0,0,1920.0,1080.0,AMD
Dell,Ultrabook,12.5,Full HD / Touchscreen 1920x1080,Intel Core i5 6300U 2.4GHz,8,256GB SSD,Intel HD Graphics 520,Windows 7,1.26,319509.2376,2.4,256,0,1,0,1920.0,1080.0,Intel
Dell,2 in 1 Convertible,15.0,Full HD / Touchscreen 1920x1080,Intel Core i3 7100U 2.4GHz,4,500GB HDD,Intel HD Graphics 620,Windows 10,2.08,94918.32,2.4,0,500,1,0,1920.0,1080.0,Intel
Asus,Notebook,15.6,1366x768,Intel Pentium Quad Core N3710 1.6GHz,4,1TB HDD,Intel HD Graphics 405,Windows 10,2.65,57622.32,1.6,0,1000,0,0,1366.0,768.0,Intel
Dell,Ultrabook,13.3,Quad HD+ / Touchscreen 3200x1800,Intel Core i7 7500U 2.7GHz,8,256GB SSD,Intel HD Graphics 620,Windows 10,1.29,275430.95999999996,2.7,256,0,1,0,3200.0,1800.0,Intel
Dell,Notebook,15.6,1366x768,Intel Core i5 7200U 2.5GHz,4,1TB HDD,Intel HD Graphics 520,Linux,2.18,97316.4528,2.5,0,1000,0,0,1366.0,768.0,Intel
Lenovo,Gaming,15.6,IPS Panel Full HD / Touchscreen 1920x1080,Intel Core i7 6700HQ 2.6GHz,16,128GB SSD +  1TB HDD,Nvidia GeForce GTX 960M,Windows 10,2.6,191887.92,2.6,128000,0,1,1,1920.0,1080.0,Nvidia
MSI,Gaming,15.6,Full HD 1920x1080,Intel Core i7 7700HQ 2.8GHz,8,128GB SSD +  1TB HDD,Nvidia GeForce GTX 1050,Windows 10,2.2,214265.52000000002,2.8,128000,0,0,0,1920.0,1080.0,Nvidia
Lenovo,Netbook,12.5,IPS Panel Full HD / Touchscreen 1920x1080,Intel Core i7 6500U 2.50GHz,16,512GB SSD,Intel HD Graphics 520,Windows 10,1.3,307692.0,2.5,512,0,1,1,1920.0,1080.0,Intel
Razer,Gaming,14.0,Full HD 1920x1080,Intel Core i7 7700HQ 2.8GHz,16,1TB SSD,Nvidia GeForce GTX 1060,Windows 10,1.95,652493.52,2.8,1000,0,0,0,1920.0,1080.0,Nvidia
Dell,Notebook,15.6,Touchscreen 1366x768,Intel Core i3 7100U 2.4GHz,8,1TB HDD,Intel HD Graphics 620,Windows 10,2.3,87460.9848,2.4,0,1000,1,0,1366.0,768.0,Intel
MSI,Gaming,17.3,Full HD 1920x1080,Intel Core i7 7700HQ 2.8GHz,16,256GB SSD +  1TB HDD,Nvidia GeForce GTX 1060,Windows 10,2.7,297995.04000000004,2.8,256000,0,0,0,1920.0,1080.0,Nvidia
Apple,Ultrabook,11.6,1366x768,Intel Core i5 1.6GHz,4,256GB Flash Storage,Intel HD Graphics 6000,Mac OS X,1.08,178834.31999999998,1.6,256,0,0,0,1366.0,768.0,Intel
HP,Notebook,15.6,Full HD 1920x1080,Intel Core i3 6006U 2GHz,4,1TB HDD,Intel HD Graphics 520,Windows 10,2.1,89137.44,2.0,0,1000,0,0,1920.0,1080.0,Intel
HP,Ultrabook,14.0,2560x1440,Intel Core i7 6500U 2.5GHz,8,256GB SSD,Intel HD Graphics 520,Windows 7,1.54,409918.4712,2.5,256,0,0,0,2560.0,1440.0,Intel
Dell,Notebook,15.6,1366x768,Intel Core i5 6200U 2.3GHz,4,500GB HDD,Intel HD Graphics 520,Windows 7,2.24,137435.76,2.3,0,500,0,0,1366.0,768.0,Intel
MSI,Gaming,15.6,Full HD 1920x1080,Intel Core i7 6700HQ 2.6GHz,8,128GB SSD +  1TB HDD,Nvidia GeForce GTX 960M,Windows 10,2.3,217995.12,2.6,128000,0,0,0,1920.0,1080.0,Nvidia
Lenovo,Notebook,13.3,IPS Panel Full HD 1920x1080,Intel Core i7 7500U 2.7GHz,16,512GB SSD,Intel HD Graphics 620,Windows 10,1.4,279533.52,2.7,512,0,0,1,1920.0,1080.0,Intel
Lenovo,Notebook,15.6,Full HD 1920x1080,AMD A12-Series 9720P 3.6GHz,6,256GB SSD,AMD Radeon 530,Windows 10,2.2,111434.8536,3.6,256,0,0,0,1920.0,1080.0,AMD
Asus,Ultrabook,13.3,Full HD 1920x1080,Intel Core i7 6500U 2.5GHz,8,256GB SSD,Intel HD Graphics 520,Windows 10,1.45,238694.39999999997,2.5,256,0,0,0,1920.0,1080.0,Intel
Acer,Notebook,15.6,1366x768,Intel Core i3 6006U 2.0GHz,4,500GB HDD,Intel HD Graphics 520,Linux,2.4,67468.464,2.0,0,500,0,0,1366.0,768.0,Intel
Dell,2 in 1 Convertible,17.3,Full HD / Touchscreen 1920x1080,Intel Core i7 7500U 2.7GHz,16,512GB SSD,Nvidia GeForce 940MX,Windows 10,2.77,335477.52,2.7,512,0,1,0,1920.0,1080.0,Nvidia
HP,Notebook,14.0,Full HD 1920x1080,Intel Core i5 6200U 2.3GHz,4,256GB SSD,Intel HD Graphics 520,Windows 7,1.54,205126.13519999996,2.3,256,0,0,0,1920.0,1080.0,Intel
Asus,Gaming,15.6,IPS Panel Full HD 1920x1080,Intel Core i7 7700HQ 2.8GHz,16,256GB SSD +  1TB HDD,Nvidia GeForce GTX 1050 Ti,Windows 10,2.5,298368.0,2.8,256000,0,0,1,1920.0,1080.0,Nvidia
Dell,Notebook,14.0,1366x768,Intel Core i5 7200U 2.5GHz,4,500GB HDD,Intel HD Graphics 620,Windows 10,1.6,163170.0,2.5,0,500,0,0,1366.0,768.0,Intel
Asus,Gaming,15.6,IPS Panel Full HD 1920x1080,Intel Core i7 6700HQ 2.6GHz,16,256GB SSD +  1TB HDD,Nvidia GeForce GTX 1070,Windows 10,2.34,433566.0,2.6,256000,0,0,1,1920.0,1080.0,Nvidia
Lenovo,Notebook,15.6,IPS Panel Full HD 1920x1080,Intel Core i5 7200U 2.5GHz,8,256GB SSD,Intel HD Graphics 620,No OS,2.3,106853.04,2.5,256,0,0,1,1920.0,1080.0,Intel
Dell,2 in 1 Convertible,13.3,Quad HD+ / Touchscreen 3200x1800,Intel Core i5 7Y54 1.2GHz,8,256GB SSD,Intel HD Graphics 615,Windows 10,1.24,338088.24,1.2,256,0,1,0,3200.0,1800.0,Intel
Dell,Notebook,15.6,1366x768,Intel Pentium Quad Core N3710 1.6GHz,4,500GB HDD,Intel HD Graphics,Linux,2.2,60419.520000000004,1.6,0,500,0,0,1366.0,768.0,Intel
HP,Notebook,15.6,1366x768,AMD A6-Series 9220 2.5GHz,4,500GB HDD,AMD Radeon R4 Graphics,Windows 10,1.86,74405.52,2.5,0,500,0,0,1366.0,768.0,AMD
Lenovo,Notebook,15.6,Full HD 1920x1080,Intel Core i3 6100U 2.3GHz,6,128GB SSD,Nvidia GeForce 920MX,Windows 10,2.4,106107.12,2.3,128,0,0,0,1920.0,1080.0,Nvidia
Lenovo,Notebook,14.0,IPS Panel Full HD 1920x1080,Intel Core i5 6200U 2.3GHz,8,256GB SSD,Intel HD Graphics 520,Windows 10,1.9,199906.56,2.3,256,0,0,1,1920.0,1080.0,Intel
Dell,Notebook,15.6,1366x768,Intel Pentium Quad Core N3700 1.6GHz,4,500GB HDD,Intel HD Graphics,Windows 10,2.2,82795.2552,1.6,0,500,0,0,1366.0,768.0,Intel
Asus,Notebook,15.6,1366x768,Intel Celeron Dual Core N3350 1.1GHz,4,1TB HDD,Intel HD Graphics 500,Windows 10,2.0,63216.719999999994,1.1,0,1000,0,0,1366.0,768.0,Intel
Asus,Gaming,17.3,IPS Panel Full HD 1920x1080,Intel Core i7 6700HQ 2.6GHz,16,128GB SSD +  1TB HDD,Nvidia GeForce GTX 970M,Windows 10,4.0,354312.0,2.6,128000,0,0,1,1920.0,1080.0,Nvidia
Dell,Notebook,15.6,1366x768,Intel Core i3 6006U 2GHz,4,500GB HDD,Intel HD Graphics 520,Windows 10,2.29,91375.2,2.0,0,500,0,0,1366.0,768.0,Intel
Lenovo,Notebook,15.6,Full HD 1920x1080,Intel Core i7 6500U 2.5GHz,8,1.0TB Hybrid,AMD Radeon R5 M330,Windows 7,2.32,166899.6,2.5,0,0,0,0,1920.0,1080.0,AMD
MSI,Gaming,15.6,Full HD 1920x1080,Intel Core i7 6700HQ 2.6GHz,8,128GB SSD +  1TB HDD,Nvidia GeForce GTX 960M,Windows 10,2.4,229183.92,2.6,128000,0,0,0,1920.0,1080.0,Nvidia
Lenovo,2 in 1 Convertible,14.0,Full HD / Touchscreen 1920x1080,Intel Core i5 6200U 2.3GHz,4,128GB SSD,Intel HD Graphics 520,Windows 10,1.8,155339.7048,2.3,128,0,1,0,1920.0,1080.0,Intel
Asus,Ultrabook,13.3,IPS Panel Full HD 1920x1080,Intel Core M 6Y30 0.9GHz,8,512GB SSD,Intel HD Graphics 515,Windows 10,1.2,135943.92,0.9,512,0,0,1,1920.0,1080.0,Intel
Dell,Notebook,15.6,1366x768,Intel Core i3 7100U 2.4GHz,6,1TB HDD,Intel HD Graphics 620,Windows 10,2.3,85594.32,2.4,0,1000,0,0,1366.0,768.0,Intel
Acer,Notebook,15.6,1366x768,Intel Celeron Dual Core N3060 1.6GHz,4,500GB HDD,Intel HD Graphics 400,Linux,2.4,53892.72,1.6,0,500,0,0,1366.0,768.0,Intel
Dell,Notebook,15.6,1366x768,Intel Celeron Dual Core N3050 1.6GHz,2,500GB HDD,Intel HD Graphics,Windows 10,2.2,70675.92,1.6,0,500,0,0,1366.0,768.0,Intel
Lenovo,Notebook,15.6,IPS Panel Full HD 1920x1080,Intel Core i7 6700HQ 2.6GHz,8,1TB HDD,Nvidia GeForce GTX 960M,Windows 10,2.6,167645.52000000002,2.6,0,1000,0,1,1920.0,1080.0,Nvidia
HP,Notebook,15.6,Full HD 1920x1080,AMD A9-Series 9410 2.9GHz,6,1.0TB Hybrid,AMD Radeon R7 M440,Windows 10,2.04,102562.13519999999,2.9,0,0,0,0,1920.0,1080.0,AMD
Dell,Notebook,15.6,1366x768,Intel Core i7 7500U 2.7GHz,8,1TB HDD,AMD Radeon R5 M430,Linux,2.3,150301.0152,2.7,0,1000,0,0,1366.0,768.0,AMD
HP,Netbook,11.6,1366x768,Intel Celeron Dual Core N3060 1.6GHz,2,32GB Flash Storage,Intel HD Graphics 400,Windows 10,1.17,38974.32,1.6,32,0,0,0,1366.0,768.0,Intel
Asus,Notebook,15.6,1366x768,Intel Core i7 6500U 2.5GHz,4,500GB HDD,Nvidia GeForce 920M,Windows 10,2.2,134325.2736,2.5,0,500,0,0,1366.0,768.0,Nvidia
Lenovo,2 in 1 Convertible,14.0,IPS Panel Full HD / Touchscreen 1920x1080,Intel Core i7 6500U 2.5GHz,4,128GB SSD,Intel HD Graphics 520,Windows 10,1.8,118974.23999999999,2.5,128,0,1,1,1920.0,1080.0,Intel
Lenovo,2 in 1 Convertible,13.3,IPS Panel Quad HD+ / Touchscreen 3200x1800,Intel Core i7 6500U 2.5GHz,16,512GB SSD,Intel HD Graphics 520,Windows 10,1.3,279533.52,2.5,512,0,1,1,3200.0,1800.0,Intel
Lenovo,Notebook,14.0,1366x768,Intel Celeron Dual Core N3050 1.6GHz,2,64GB Flash Storage,Intel HD Graphics,Windows 10,1.5,42703.920000000006,1.6,64,0,0,0,1366.0,768.0,Intel
HP,Notebook,15.6,1366x768,Intel Core i7 6500U 2.5GHz,6,1TB HDD,AMD Radeon R5 M330,Windows 10,2.19,142470.72,2.5,0,1000,0,0,1366.0,768.0,AMD
Asus,Notebook,15.6,1366x768,Intel Celeron Dual Core N3050 1.6GHz,4,500GB HDD,Intel HD Graphics,Windows 10,2.2,68811.12,1.6,0,500,0,0,1366.0,768.0,Intel
Asus,Ultrabook,13.3,IPS Panel Full HD 1920x1080,Intel Core M 6Y30 0.9GHz,8,512GB SSD,Intel HD Graphics 515,Windows 10,1.2,135943.92,0.9,512,0,0,1,1920.0,1080.0,Intel
Dell,Notebook,15.6,1366x768,Intel Core i3 7100U 2.4GHz,6,1TB HDD,Intel HD Graphics 620,Windows 10,2.3,85594.32,2.4,0,1000,0,0,1366.0,768.0,Intel
Acer,Notebook,15.6,1366x768,Intel Celeron Dual Core N3060 1.6GHz,4,500GB HDD,Intel HD Graphics 400,Linux,2.4,53892.72,1.6,0,500,0,0,1366.0,768.0,Intel
Dell,Notebook,15.6,1366x768,Intel Celeron Dual Core N3050 1.6GHz,2,500GB HDD,Intel HD Graphics,Windows 10,2.2,70675.92,1.6,0,500,0,0,1366.0,768.0,Intel
Lenovo,Notebook,15.6,IPS Panel Full HD 1920x1080,Intel Core i7 6700HQ 2.6GHz,8,1TB HDD,Nvidia GeForce GTX 960M,Windows 10,2.6,167645.52000000002,2.6,0,1000,0,1,1920.0,1080.0,Nvidia
HP,Notebook,15.6,Full HD 1920x1080,AMD A9-Series 9410 2.9GHz,6,1.0TB Hybrid,AMD Radeon R7 M440,Windows 10,2.04,102562.13519999999,2.9,0,0,0,0,1920.0,1080.0,AMD
Dell,Notebook,15.6,1366x768,Intel Core i7 7500U 2.7GHz,8,1TB HDD,AMD Radeon R5 M430,Linux,2.3,150301.0152,2.7,0,1000,0,0,1366.0,768.0,AMD
HP,Netbook,11.6,1366x768,Intel Celeron Dual Core N3060 1.6GHz,2,32GB Flash Storage,Intel HD Graphics 400,Windows 10,1.17,38974.32,1.6,32,0,0,0,1366.0,768.0,Intel
Asus,Notebook,15.6,1366x768,Intel Core i7 6500U 2.5GHz,4,500GB HDD,Nvidia GeForce 920M,Windows 10,2.2,134325.2736,2.5,0,500,0,0,1366.0,768.0,Nvidia
Lenovo,2 in 1 Convertible,14.0,IPS Panel Full HD / Touchscreen 1920x1080,Intel Core i7 6500U 2.5GHz,4,128GB SSD,Intel HD Graphics 520,Windows 10,1.8,118974.23999999999,2.5,128,0,1,1,1920.0,1080.0,Intel
Lenovo,2 in 1 Convertible,13.3,IPS Panel Quad HD+ / Touchscreen 3200x1800,Intel Core i7 6500U 2.5GHz,16,512GB SSD,Intel HD Graphics 520,Windows 10,1.3,279533.52,2.5,512,0,1,1,3200.0,1800.0,Intel
Lenovo,Notebook,14.0,1366x768,Intel Celeron Dual Core N3050 1.6GHz,2,64GB Flash Storage,Intel HD Graphics,Windows 10,1.5,42703.920000000006,1.6,64,0,0,0,1366.0,768.0,Intel
HP,Notebook,15.6,1366x768,Intel Core i7 6500U 2.5GHz,6,1TB HDD,AMD Radeon R5 M330,Windows 10,2.19,142470.72,2.5,0,1000,0,0,1366.0,768.0,AMD
Asus,Notebook,15.6,1366x768,Intel Celeron Dual Core N3050 1.6GHz,4,500GB HDD,Intel HD Graphics,Windows 10,2.2,68811.12,1.6,0,500,0,0,1366.0,768.0,Intel
Asus,Ultrabook,13.3,IPS Panel Full HD 1920x1080,Intel Core M 6Y30 0.9GHz,8,512GB SSD,Intel HD Graphics 515,Windows 10,1.2,135943.92,0.9,512,0,0,1,1920.0,1080.0,Intel
Dell,Notebook,15.6,1366x768,Intel Core i3 7100U 2.4GHz,6,1TB HDD,Intel HD Graphics 620,Windows 10,2.3,85594.32,2.4,0,1000,0,0,1366.0,768.0,Intel
Acer,Notebook,15.6,1366x768,Intel Celeron Dual Core N3060 1.6GHz,4,500GB HDD,Intel HD Graphics 400,Linux,2.4,53892.72,1.6,0,500,0,0,1366.0,768.0,Intel
Dell,Notebook,15.6,1366x768,Intel Celeron Dual Core N3050 1.6GHz,2,500GB HDD,Intel HD Graphics,Windows 10,2.2,70675.92,1.6,0,500,0,0,1366.0,768.0,Intel
Lenovo,Notebook,15.6,IPS Panel Full HD 1920x1080,Intel Core i7 6700HQ 2.6GHz,8,1TB HDD,Nvidia GeForce GTX 960M,Windows 10,2.6,167645.52000000002,2.6,0,1000,0,1,1920.0,1080.0,Nvidia
HP,Notebook,15.6,Full HD 1920x1080,AMD A9-Series 9410 2.9GHz,6,1.0TB Hybrid,AMD Radeon R7 M440,Windows 10,2.04,102562.13519999999,2.9,0,0,0,0,1920.0,1080.0,AMD
Dell,Notebook,15.6,1366x768,Intel Core i7 7500U 2.7GHz,8,1TB HDD,AMD Radeon R5 M430,Linux,2.3,150301.0152,2.7,0,1000,0,0,1366.0,768.0,AMD
HP,Netbook,11.6,1366x768,Intel Celeron Dual Core N3060 1.6GHz,2,32GB Flash Storage,Intel HD Graphics 400,Windows 10,1.17,38974.32,1.6,32,0,0,0,1366.0,768.0,Intel
Asus,Notebook,15.6,1366x768,Intel Core i7 6500U 2.5GHz,4,500GB HDD,Nvidia GeForce 920M,Windows 10,2.2,134325.2736,2.5,0,500,0,0,1366.0,768.0,Nvidia
Lenovo,2 in 1 Convertible,14.0,IPS Panel Full HD / Touchscreen 1920x1080,Intel Core i7 6500U 2.5GHz,4,128GB SSD,Intel HD Graphics 520,Windows 10,1.8,118974.23999999999,2.5,128,0,1,1,1920.0,1080.0,Intel
Lenovo,2 in 1 Convertible,13.3,IPS Panel Quad HD+ / Touchscreen 3200x1800,Intel Core i7 6500U 2.5GHz,16,512GB SSD,Intel HD Graphics 520,Windows 10,1.3,279533.52,2.5,512,0,1,1,3200.0,1800.0,Intel
Lenovo,Notebook,14.0,1366x768,Intel Celeron Dual Core N3050 1.6GHz,2,64GB Flash Storage,Intel HD Graphics,Windows 10,1.5,42703.920000000006,1.6,64,0,0,0,1366.0,768.0,Intel
HP,Notebook,15.6,1366x768,Intel Core i7 6500U 2.5GHz,6,1TB HDD,AMD Radeon R5 M330,Windows 10,2.19,142470.72,2.5,0,1000,0,0,1366.0,768.0,AMD
Asus,Notebook,15.6,1366x768,Intel Celeron Dual Core N3050 1.6GHz,4,500GB HDD,Intel HD Graphics,Windows 10,2.2,68811.12,1.6,0,500,0,0,1366.0,768.0,Intel
