Company,TypeName,Inches,Ram,OpSys,Weight,Price,TouchScreen,IPS,HD_4K,CPU_Brand,GPU_Brand,Memory_Type,CPU_Frequency,Length,Width,PPI
Apple,Ultrabook,13.3,8,macOS,0.8628899551470398,11.175768558816314,0,1,0,Intel,Intel,SSD,2.3,2560.0,1600.0,5.429271085303593
Apple,Ultrabook,13.3,8,macOS,0.8501509293696101,10.776798196213472,0,0,0,Intel,Intel,Flash Storage,1.8,1440.0,900.0,4.857312694573265
HP,Notebook,15.6,8,No OS,1.0508216248317612,10.329963707833757,0,0,1,Intel,Intel,SSD,2.5,1920.0,1080.0,4.9573188885088015
Apple,Ultrabook,15.4,16,macOS,1.0402767116551463,11.814483341632057,0,1,0,Intel,AMD,SSD,2.7,2880.0,1800.0,5.400578892692495
Apple,Ultrabook,13.3,8,macOS,0.8628899551470398,11.473111379006117,0,1,0,Intel,Intel,SSD,3.1,2560.0,1600.0,5.429271085303593
Acer,Notebook,15.6,4,Windows 10,1.1314021114911006,9.967072494161238,0,0,0,AMD,AMD,HDD,3.0,1366.0,768.0,4.6196120963719745
Apple,Ultrabook,15.4,16,Mac OS X,1.1118575154181303,11.644116885995366,0,1,0,Intel,Intel,Flash Storage,2.2,2880.0,1800.0,5.400578892692495
Apple,Ultrabook,13.3,8,macOS,0.8501509293696101,11.03063119023011,0,0,0,Intel,Intel,Flash Storage,1.8,1440.0,900.0,4.857312694573265
Asus,Ultrabook,14.0,16,Windows 10,0.832909122935104,11.285455066338496,0,0,1,Intel,Nvidia,SSD,1.8,1920.0,1080.0,5.064811007262561
Acer,Ultrabook,14.0,8,Windows 10,0.9555114450274363,10.621975915807171,0,1,1,Intel,Intel,SSD,1.6,1920.0,1080.0,5.064811007262561
HP,Notebook,15.6,4,No OS,1.0508216248317612,9.951705743636337,0,0,0,Intel,Intel,HDD,2.5,1366.0,768.0,4.6196120963719745
HP,Notebook,15.6,4,No OS,1.0508216248317612,9.819130859661563,0,0,1,Intel,Intel,HDD,2.0,1920.0,1080.0,4.9573188885088015
Apple,Ultrabook,15.4,16,macOS,1.0402767116551463,11.775309741545168,0,1,0,Intel,AMD,SSD,2.8,2880.0,1800.0,5.400578892692495
Dell,Notebook,15.6,4,Windows 10,1.1631508098056809,10.188004320693702,0,0,1,Intel,AMD,SSD,2.0,1920.0,1080.0,4.9573188885088015
Apple,Ultrabook,12.0,8,macOS,0.6523251860396903,11.11634584374235,0,1,0,Intel,Intel,SSD,1.2,2304.0,1440.0,5.426778948237757
Apple,Ultrabook,13.3,8,macOS,0.8628899551470398,11.301084596994947,0,1,0,Intel,Intel,SSD,2.3,2560.0,1600.0,5.429271085303593
Dell,Notebook,15.6,8,Windows 10,1.1631508098056809,10.588970437272568,0,0,1,Intel,AMD,SSD,2.7,1920.0,1080.0,4.9573188885088015
Apple,Ultrabook,15.4,16,macOS,1.0402767116551463,11.933444951799322,0,1,0,Intel,AMD,SSD,2.9,2880.0,1800.0,5.400578892692495
Lenovo,Notebook,15.6,8,No OS,1.1631508098056809,10.188204734039374,0,0,1,Intel,Nvidia,HDD,2.4,1920.0,1080.0,4.9573188885088015
Dell,Ultrabook,13.3,8,Windows 10,0.7975071958841881,10.862111839946362,1,1,1,Intel,Intel,SSD,1.6,1920.0,1080.0,5.115788496573994
Asus,Netbook,11.6,2,Windows 10,0.6830968447064438,9.232633229407275,0,0,0,Intel,Intel,Flash Storage,1.44,1366.0,768.0,4.913347375266901
Lenovo,Gaming,15.6,8,Windows 10,1.252762968495368,10.882334592260529,0,1,1,Intel,Nvidia,Hybrid,2.5,1920.0,1080.0,4.9573188885088015
HP,Notebook,15.6,4,No OS,1.0508216248317612,9.528593355673575,0,0,0,AMD,AMD,HDD,1.5,1366.0,768.0,4.6196120963719745
Dell,2 in 1 Convertible,13.3,8,Windows 10,0.9631743177730056,10.683668026512203,1,0,1,Intel,Intel,SSD,1.6,1920.0,1080.0,5.115788496573994
HP,Ultrabook,15.6,8,Windows 10,1.068153081183401,10.466313041010059,0,0,1,Intel,Intel,SSD,1.8,1920.0,1080.0,4.9573188885088015
Dell,Notebook,15.6,4,Windows 10,1.1939224684724346,10.012617220008426,0,0,0,Intel,Intel,HDD,2.0,1366.0,768.0,4.6196120963719745
Apple,Ultrabook,13.3,8,Mac OS X,0.8544153281560676,10.977734058532482,0,0,0,Intel,Intel,Flash Storage,1.6,1440.0,900.0,4.857312694573265
Dell,Notebook,15.6,8,Windows 10,1.1631508098056809,10.660196214585818,0,0,1,Intel,AMD,SSD,1.6,1920.0,1080.0,4.9573188885088015
Dell,Ultrabook,15.6,8,Windows 10,1.0577902941478545,11.14415538315185,0,0,1,Intel,Intel,SSD,1.9,1920.0,1080.0,4.9573188885088015
HP,Notebook,17.3,8,Windows 10,1.252762968495368,10.773522386274244,0,0,1,Intel,Nvidia,HDD,1.6,1920.0,1080.0,4.854649288865456
Chuwi,Notebook,15.6,4,Windows 10,1.0612565021243408,9.476855027029316,0,0,1,Intel,Intel,Flash Storage,1.44,1920.0,1080.0,4.9573188885088015
Asus,Notebook,14.0,2,Windows 10,0.9745596399981308,9.268960161930154,0,0,0,AMD,AMD,Flash Storage,1.5,1366.0,768.0,4.726814234417343
HP,Notebook,17.3,4,Windows 10,1.3110318766193438,10.060103191853011,0,0,1,AMD,AMD,HDD,2.5,1920.0,1080.0,4.854649288865456
Dell,Ultrabook,13.3,16,Windows 10,0.7884573603642702,11.508729875782148,1,0,1,Intel,Intel,SSD,1.8,3200.0,1800.0,5.624210736923218
Apple,Ultrabook,13.3,8,Mac OS X,0.8544153281560676,10.881333108748292,0,0,0,Intel,Intel,Flash Storage,1.6,1440.0,900.0,4.857312694573265
Lenovo,Notebook,14.0,4,Windows 10,0.8919980393051105,9.49308929643757,0,0,0,Intel,Intel,Flash Storage,1.1,1366.0,768.0,4.726814234417343
Acer,Notebook,15.6,4,Linux,1.1314021114911006,9.88097401403836,0,0,0,Intel,Intel,HDD,2.7,1366.0,768.0,4.6196120963719745
Dell,Notebook,17.3,8,Windows 10,1.33500106673234,10.862111839946362,0,1,1,Intel,AMD,Hybrid,1.6,1920.0,1080.0,4.854649288865456
HP,Notebook,15.6,4,Windows 10,1.0508216248317612,10.167327773397746,0,0,0,Intel,Intel,HDD,2.5,1366.0,768.0,4.6196120963719745
HP,Notebook,15.6,8,Windows 10,1.1314021114911006,10.754367276099781,0,0,1,Intel,Nvidia,SSD,1.6,1920.0,1080.0,4.9573188885088015
Asus,Notebook,15.6,4,Linux,1.0986122886681098,9.939188617449547,0,0,1,Intel,Intel,HDD,2.0,1920.0,1080.0,4.9573188885088015
Dell,Gaming,15.6,16,Windows 10,1.2947271675944,11.288127045116099,0,1,1,Intel,Nvidia,Hybrid,2.8,1920.0,1080.0,4.9573188885088015
Asus,Notebook,15.6,8,Linux,1.1939224684724346,10.235159256444781,0,0,0,Intel,Nvidia,HDD,2.5,1366.0,768.0,4.6196120963719745
Acer,Notebook,15.6,4,Windows 10,1.1631508098056809,10.500618203885733,0,1,1,Intel,Intel,SSD,1.6,1920.0,1080.0,4.9573188885088015
Dell,2 in 1 Convertible,17.3,12,Windows 10,1.3270750014599193,10.882334592260529,1,0,1,Intel,Nvidia,HDD,1.6,1920.0,1080.0,4.854649288865456
Apple,Ultrabook,13.3,8,macOS,0.8628899551470398,11.233281930062116,0,1,0,Intel,Intel,SSD,2.0,2560.0,1600.0,5.429271085303593
Lenovo,Notebook,15.6,4,No OS,1.1631508098056809,9.88640853285114,0,0,0,Intel,Intel,SSD,2.0,1366.0,768.0,4.6196120963719745
Asus,Gaming,17.3,8,Windows 10,1.4350845252893227,11.14492549142712,0,0,1,AMD,AMD,Hybrid,3.0,1920.0,1080.0,4.854649288865456
Dell,Notebook,15.6,4,Windows 10,1.1939224684724346,10.435494852273417,0,0,1,Intel,AMD,SSD,2.5,1920.0,1080.0,4.9573188885088015
Asus,Notebook,17.3,4,Windows 10,1.33500106673234,10.11978693587454,0,0,0,Intel,Nvidia,HDD,1.1,1366.0,768.0,4.517250051379597
Lenovo,2 in 1 Convertible,10.1,4,Android,0.5247285289349821,9.740810963551926,1,1,0,Intel,Intel,Flash Storage,1.44,1920.0,1200.0,5.416872588785266
Acer,Notebook,15.6,8,Windows 10,1.1631508098056809,10.7101750031603,0,1,1,Intel,Nvidia,SSD,1.8,1920.0,1080.0,4.9573188885088015
HP,Notebook,15.6,4,Windows 10,1.0508216248317612,9.963290528658876,0,0,1,AMD,AMD,SSD,2.5,1920.0,1080.0,4.9573188885088015
HP,Notebook,13.3,8,Windows 10,0.9122827104766162,10.981367061450355,0,0,1,Intel,Intel,SSD,1.8,1920.0,1080.0,5.115788496573994
Acer,Notebook,15.6,4,Windows 10,1.2237754316221157,9.92625245462742,0,0,0,Intel,Intel,HDD,2.4,1366.0,768.0,4.6196120963719745
Dell,Notebook,15.6,8,Windows 10,1.1410330045520618,10.619114753366912,0,0,1,Intel,AMD,SSD,1.8,1920.0,1080.0,4.9573188885088015
HP,Notebook,15.6,4,Windows 10,1.068153081183401,10.060103191853011,0,0,1,Intel,Intel,SSD,2.0,1920.0,1080.0,4.9573188885088015
Asus,Notebook,15.6,4,Windows 10,1.0986122886681098,10.34923701306093,0,0,0,Intel,Intel,SSD,2.5,1366.0,768.0,4.6196120963719745
MSI,Gaming,17.3,16,Windows 10,1.2325602611778486,11.779003747004984,0,0,1,Intel,Nvidia,Hybrid,2.8,1920.0,1080.0,4.854649288865456
Asus,Notebook,15.6,4,Linux,1.0986122886681098,10.00388477138901,0,0,1,Intel,Intel,SSD,2.0,1920.0,1080.0,4.9573188885088015
Dell,Notebook,17.3,16,Windows 10,1.33500106673234,11.14492549142712,0,0,1,Intel,AMD,Hybrid,1.8,1920.0,1080.0,4.854649288865456
Dell,Ultrabook,14.0,8,Windows 10,0.9932517730102833,10.754367276099781,0,0,1,Intel,Intel,SSD,1.6,1920.0,1080.0,5.064811007262561
Lenovo,Notebook,14.0,8,No OS,0.9932517730102833,10.370853957360486,0,1,1,Intel,Intel,SSD,2.7,1920.0,1080.0,5.064811007262561
Asus,Notebook,14.0,8,Windows 10,0.8754687373538999,10.822524111175213,0,0,1,Intel,Intel,SSD,1.6,1920.0,1080.0,5.064811007262561
HP,Notebook,15.6,8,Windows 10,1.0508216248317612,10.512279824567653,0,0,1,Intel,Intel,SSD,2.5,1920.0,1080.0,4.9573188885088015
Asus,Ultrabook,15.6,16,Windows 10,1.0296194171811583,11.567936619542625,0,0,1,Intel,Nvidia,SSD,2.8,1920.0,1080.0,4.9573188885088015
HP,Notebook,15.6,4,Windows 10,1.0508216248317612,10.05939682228015,0,0,0,Intel,AMD,HDD,2.0,1366.0,768.0,4.6196120963719745
HP,Notebook,14.0,4,Windows 10,0.8919980393051105,9.409364986116808,0,0,0,Intel,Intel,SSD,1.6,1366.0,768.0,4.726814234417343
Lenovo,Notebook,15.6,4,Windows 10,1.0647107369924282,10.283693654349953,0,0,1,Intel,Intel,HDD,2.5,1920.0,1080.0,4.9573188885088015
Asus,Gaming,17.3,12,Linux,1.3862943611198906,10.830989602063529,0,0,1,Intel,Nvidia,HDD,2.8,1920.0,1080.0,4.854649288865456
Microsoft,Ultrabook,13.5,4,Windows 10 S,0.8118187102774439,10.968593383882295,1,0,0,Intel,Intel,SSD,2.5,2256.0,1504.0,5.307487987253548
Dell,Ultrabook,13.3,8,Windows 10,0.8754687373538999,10.837292019680758,0,1,1,Intel,AMD,SSD,1.8,1920.0,1080.0,5.115788496573994
Dell,Notebook,15.6,8,Windows 10,1.1631508098056809,10.744075810945498,0,0,1,Intel,AMD,SSD,1.8,1920.0,1080.0,4.9573188885088015
MSI,Gaming,17.3,8,Windows 10,1.308332819650179,10.974087808763938,0,0,1,Intel,Nvidia,Hybrid,2.5,1920.0,1080.0,4.854649288865456
Acer,Notebook,14.0,8,Windows 10,1.1314021114911006,9.939188617449547,0,0,0,Intel,Intel,HDD,2.0,1366.0,768.0,4.726814234417343
Asus,Gaming,15.6,8,Windows 10,1.1631508098056809,10.830989602063529,0,0,1,Intel,Nvidia,HDD,2.8,1920.0,1080.0,4.9573188885088015
Lenovo,Notebook,15.6,8,No OS,1.1631508098056809,10.227501072075105,0,0,1,Intel,Intel,HDD,2.5,1920.0,1080.0,4.9573188885088015
Dell,Notebook,15.6,8,Windows 10,1.1052568313867783,10.726684446704295,0,0,1,Intel,Intel,Hybrid,1.8,1920.0,1080.0,4.9573188885088015
Acer,Notebook,15.6,4,Windows 10,1.1631508098056809,10.248473444922546,0,0,1,Intel,Nvidia,HDD,2.7,1920.0,1080.0,4.9573188885088015
HP,Notebook,17.3,8,Windows 10,1.252762968495368,10.86006688870326,0,0,1,Intel,Nvidia,Hybrid,1.6,1920.0,1080.0,4.854649288865456
Dell,Ultrabook,15.6,8,Windows 10,1.0577902941478545,10.975146590629556,0,1,1,Intel,Intel,SSD,1.6,1920.0,1080.0,4.9573188885088015
Apple,Ultrabook,12.0,8,macOS,0.6523251860396903,11.295438385612048,0,1,0,Intel,Intel,SSD,1.3,2304.0,1440.0,5.426778948237757
HP,Notebook,14.0,8,Windows 10,0.9669838461896731,10.732515239391274,0,0,1,Intel,Intel,SSD,1.6,1920.0,1080.0,5.064811007262561
Lenovo,Notebook,15.6,4,Windows 10,1.1631508098056809,9.964569481536397,0,0,1,AMD,AMD,SSD,2.5,1920.0,1080.0,4.9573188885088015
Acer,Notebook,15.6,4,Windows 10,1.1314021114911006,9.954494305874713,0,0,0,AMD,AMD,HDD,3.0,1366.0,768.0,4.6196120963719745
Dell,Gaming,15.6,16,Windows 10,1.2947271675944,11.182693795440782,0,1,1,Intel,Nvidia,Hybrid,2.8,1920.0,1080.0,4.9573188885088015
HP,Ultrabook,15.6,8,Windows 10,1.0402767116551463,10.525238618990686,0,1,1,Intel,Nvidia,SSD,1.8,1920.0,1080.0,4.9573188885088015
HP,Notebook,15.6,8,Windows 10,1.085189268335969,10.370837263253403,0,0,1,Intel,Intel,SSD,2.5,1920.0,1080.0,4.9573188885088015
Asus,Gaming,15.6,16,Windows 10,1.1631508098056809,11.25420292138043,0,1,1,Intel,Nvidia,Hybrid,2.8,1920.0,1080.0,4.9573188885088015
Dell,Ultrabook,13.3,8,Windows 10,0.7929925155296614,11.38349673063646,0,1,1,Intel,Intel,SSD,1.8,1920.0,1080.0,5.115788496573994
Asus,Gaming,15.6,8,Windows 10,1.2383742310432684,10.525238618990686,0,0,1,AMD,AMD,HDD,3.0,1920.0,1080.0,4.9573188885088015
Acer,Notebook,15.6,8,Windows 10,1.1631508098056809,10.510829537468052,0,0,1,Intel,Nvidia,HDD,1.8,1920.0,1080.0,4.9573188885088015
HP,Notebook,13.3,16,Windows 10,0.9122827104766162,11.06315041150742,0,0,1,Intel,Intel,SSD,1.8,1920.0,1080.0,5.115788496573994
Dell,Gaming,15.6,8,Windows 10,1.2947271675944,11.061478196557058,0,0,1,Intel,Nvidia,SSD,2.5,1920.0,1080.0,4.9573188885088015
Asus,Ultrabook,14.0,8,Windows 10,0.8109302162163288,10.9311715265263,0,0,1,Intel,Intel,SSD,2.7,1920.0,1080.0,5.064811007262561
Acer,2 in 1 Convertible,13.3,8,Windows 10,0.9162907318741551,10.717283879751747,1,1,1,Intel,Intel,SSD,1.6,1920.0,1080.0,5.115788496573994
Dell,Notebook,15.6,8,Linux,1.1631508098056809,10.372355286897466,0,0,1,Intel,AMD,HDD,2.7,1920.0,1080.0,4.9573188885088015
Dell,Notebook,15.6,4,Linux,1.1631508098056809,10.159748614913156,0,0,1,Intel,AMD,SSD,2.0,1920.0,1080.0,4.9573188885088015
Asus,Notebook,15.6,6,Windows 10,1.0986122886681098,10.333435820406644,0,0,1,Intel,Nvidia,SSD,2.4,1920.0,1080.0,4.9573188885088015
HP,Gaming,15.6,12,Windows 10,1.2864740258376797,11.10567456328145,0,1,1,Intel,Nvidia,Hybrid,2.8,1920.0,1080.0,4.9573188885088015
HP,Notebook,15.6,8,Windows 10,1.068153081183401,10.55344848760242,0,0,1,Intel,AMD,SSD,2.7,1920.0,1080.0,4.9573188885088015
HP,Notebook,15.6,4,Windows 10,1.1314021114911006,9.830686725695612,0,0,1,AMD,AMD,HDD,1.5,1920.0,1080.0,4.9573188885088015
Dell,Notebook,15.6,8,Linux,1.1631508098056809,10.447936329228463,0,0,1,Intel,AMD,HDD,1.6,1920.0,1080.0,4.9573188885088015
HP,Ultrabook,13.3,8,Windows 10,0.8671004876833833,10.995768507208373,0,1,1,Intel,Nvidia,SSD,2.7,1920.0,1080.0,5.115788496573994
Microsoft,Ultrabook,13.5,8,Windows 10 S,0.8118187102774439,11.175999925622857,1,0,0,Intel,Intel,SSD,2.5,2256.0,1504.0,5.307487987253548
HP,Notebook,14.0,6,Windows 10,0.9477893989335261,10.466313041010059,0,1,1,Intel,Nvidia,SSD,2.5,1920.0,1080.0,5.064811007262561
Lenovo,Notebook,15.6,4,Windows 10,1.0473189942805592,10.003643789397087,0,0,1,Intel,Intel,HDD,2.0,1920.0,1080.0,4.9573188885088015
Asus,Ultrabook,14.0,8,Windows 10,0.832909122935104,11.059803180619348,0,1,1,Intel,Nvidia,SSD,2.7,1920.0,1080.0,5.064811007262561
MSI,Gaming,15.6,16,Windows 10,1.1631508098056809,11.14492549142712,0,0,1,Intel,Nvidia,Hybrid,2.8,1920.0,1080.0,4.9573188885088015
Lenovo,Notebook,14.0,8,Windows 10,0.9477893989335261,11.275371074510403,0,1,1,Intel,Intel,SSD,2.7,1920.0,1080.0,5.064811007262561
Asus,Ultrabook,15.6,16,Windows 10,0.9162907318741551,11.116028941464197,0,0,1,Intel,Nvidia,Hybrid,1.8,1920.0,1080.0,4.9573188885088015
Dell,Ultrabook,13.3,8,Windows 10,0.8020015854720274,11.204688514352517,1,0,1,Intel,Intel,SSD,2.4,3200.0,1800.0,5.624210736923218
Lenovo,2 in 1 Convertible,13.3,8,Windows 10,0.8628899551470398,11.219087416653776,1,1,1,Intel,Intel,SSD,2.5,1920.0,1080.0,5.115788496573994
HP,Notebook,14.0,4,Windows 10,0.9669838461896731,10.557612160311693,0,1,0,Intel,Intel,HDD,1.6,1366.0,768.0,4.726814234417343
Dell,Ultrabook,13.3,8,Windows 10,0.7929925155296614,11.371294156418369,0,1,1,Intel,Intel,SSD,1.6,1920.0,1080.0,5.115788496573994
HP,2 in 1 Convertible,13.3,8,Windows 10,0.8153648132841945,11.219080268761294,1,1,1,Intel,Intel,SSD,1.6,1920.0,1080.0,5.115788496573994
HP,Notebook,14.0,8,Windows 10,0.9669838461896731,10.963991522444166,0,0,1,Intel,Intel,SSD,1.8,1920.0,1080.0,5.064811007262561
Dell,Notebook,15.6,8,Windows 10,1.1505720275988207,11.005842535245586,0,1,1,Intel,Nvidia,Hybrid,1.8,1920.0,1080.0,4.9573188885088015
Asus,Notebook,17.3,4,Windows 10,1.0986122886681098,10.310648555135304,0,0,1,Intel,Nvidia,HDD,2.0,1920.0,1080.0,4.854649288865456
Asus,Notebook,15.6,8,Windows 10,0.9932517730102833,10.99487446761375,0,0,1,Intel,Nvidia,SSD,1.8,1920.0,1080.0,4.9573188885088015
Acer,Notebook,15.6,6,Windows 10,1.1314021114911006,10.147300806108744,1,1,1,Intel,Intel,HDD,2.4,1920.0,1080.0,4.9573188885088015
MSI,Gaming,15.6,16,Windows 10,1.0296194171811583,11.690469963100075,0,0,1,Intel,Nvidia,Hybrid,2.8,1920.0,1080.0,4.9573188885088015
Lenovo,Notebook,15.6,8,No OS,1.1631508098056809,10.419722121547444,0,0,1,Intel,Nvidia,SSD,2.5,1920.0,1080.0,4.9573188885088015
HP,Notebook,17.3,16,Windows 10,1.252762968495368,11.123135064243138,0,0,1,Intel,Nvidia,SSD,1.8,1920.0,1080.0,4.854649288865456
Acer,Notebook,15.6,4,Windows 10,1.1314021114911006,10.08706998076417,0,0,0,AMD,AMD,SSD,3.0,1366.0,768.0,4.6196120963719745
HP,Notebook,15.6,4,No OS,1.0508216248317612,9.5324615515948,0,0,0,Intel,Intel,HDD,1.6,1366.0,768.0,4.6196120963719745
HP,Notebook,14.0,8,Windows 10,0.9669838461896731,10.675084480373934,0,0,1,Intel,Intel,HDD,1.6,1920.0,1080.0,5.064811007262561
Asus,Notebook,14.0,4,Windows 10 S,0.9745596399981308,9.603213681759023,0,0,0,AMD,AMD,SSD,1.5,1366.0,768.0,4.726814234417343
Dell,Notebook,17.3,16,Windows 10,1.33500106673234,11.216940754140841,0,0,1,Intel,AMD,Hybrid,1.8,1920.0,1080.0,4.854649288865456
HP,Notebook,17.3,8,Windows 10,1.252762968495368,10.808612983780158,0,0,1,Intel,Intel,SSD,1.6,1920.0,1080.0,4.854649288865456
Dell,Notebook,15.6,8,Windows 10,1.2119409739751128,10.435479203158344,0,0,0,Intel,AMD,HDD,2.5,1366.0,768.0,4.6196120963719745
Dell,Notebook,15.6,4,Windows 10,1.1631508098056809,10.082625714367484,0,0,1,Intel,AMD,HDD,2.0,1920.0,1080.0,4.9573188885088015
Acer,Ultrabook,14.0,8,Windows 10,0.9555114450274363,10.760039320283267,0,1,1,Intel,Intel,SSD,1.8,1920.0,1080.0,5.064811007262561
Acer,Notebook,15.6,4,Windows 10,1.1631508098056809,10.324732829606425,0,0,1,Intel,Nvidia,SSD,2.7,1920.0,1080.0,4.9573188885088015
HP,Notebook,15.6,8,Windows 10,1.1151415906193203,10.36918316559119,0,0,0,Intel,Intel,HDD,2.7,1366.0,768.0,4.6196120963719745
HP,Notebook,14.0,8,Windows 10,0.9669838461896731,10.871262720529089,0,0,1,Intel,Intel,SSD,1.8,1920.0,1080.0,5.064811007262561
Lenovo,Notebook,15.6,4,No OS,1.0647107369924282,9.50649203596322,0,0,0,Intel,Intel,HDD,1.1,1366.0,768.0,4.6196120963719745
Asus,Gaming,17.3,8,Windows 10,1.3862943611198906,10.819330984386541,0,0,1,Intel,Nvidia,Hybrid,2.5,1920.0,1080.0,4.854649288865456
Lenovo,Notebook,15.6,4,No OS,1.1631508098056809,10.188204734039374,0,0,1,Intel,Nvidia,HDD,2.5,1920.0,1080.0,4.9573188885088015
HP,Notebook,13.3,4,Windows 10,0.8415671856782186,10.525238618990686,0,1,1,Intel,Intel,SSD,2.5,1920.0,1080.0,5.115788496573994
Acer,Notebook,17.3,4,Windows 10,1.3862943611198906,10.460224916065657,0,1,1,Intel,Nvidia,HDD,2.7,1920.0,1080.0,4.854649288865456
Lenovo,Notebook,14.0,8,Windows 10,1.0116009116784799,10.993101907610118,0,1,1,Intel,AMD,SSD,1.6,1920.0,1080.0,5.064811007262561
Lenovo,Gaming,15.6,8,No OS,1.2237754316221157,10.742925749387153,0,1,1,Intel,Nvidia,SSD,2.8,1920.0,1080.0,4.9573188885088015
Toshiba,Notebook,15.6,4,Windows 10,1.1314021114911006,10.37584964841171,0,0,0,Intel,Intel,HDD,2.3,1366.0,768.0,4.6196120963719745
HP,Notebook,15.6,4,Windows 10,1.0508216248317612,9.88640853285114,0,0,0,AMD,AMD,SSD,2.5,1366.0,768.0,4.6196120963719745
Asus,Ultrabook,14.0,8,Windows 10,0.8109302162163288,10.977734058532482,0,0,1,Intel,Intel,SSD,1.8,1920.0,1080.0,5.064811007262561
HP,Ultrabook,12.5,8,Windows 10,0.6780335427498971,11.58344841861755,1,1,1,Intel,Intel,SSD,1.2,3840.0,2160.0,5.867784887019588
Asus,Notebook,15.6,4,Windows 10,1.0986122886681098,9.816257242491497,0,0,1,Intel,Intel,HDD,1.1,1920.0,1080.0,4.9573188885088015
MSI,Gaming,17.3,16,Windows 10,1.3609765531356006,11.590868616270843,0,0,1,Intel,Nvidia,Hybrid,2.8,1920.0,1080.0,4.854649288865456
Acer,Notebook,15.6,4,Windows 10,1.1314021114911006,10.07816160826124,0,0,0,Intel,Intel,HDD,2.0,1366.0,768.0,4.6196120963719745
Dell,Gaming,15.6,16,Windows 10,1.269760544863939,11.105882705023603,0,0,1,Intel,Nvidia,SSD,2.8,1920.0,1080.0,4.9573188885088015
Dell,Gaming,15.6,8,Windows 10,1.2864740258376797,10.776864937870439,0,0,1,Intel,Nvidia,Other,2.8,1920.0,1080.0,4.9573188885088015
Lenovo,Notebook,15.6,4,Windows 10,1.0647107369924282,10.1861987908373,0,0,0,Intel,Intel,SSD,2.5,1366.0,768.0,4.6196120963719745
MSI,Gaming,17.3,16,Windows 10,1.33500106673234,11.519903064802,0,0,1,Intel,Nvidia,Hybrid,2.8,1920.0,1080.0,4.854649288865456
HP,Ultrabook,14.0,4,Windows 10,0.9082585601768908,10.962144831854813,0,0,1,Intel,Intel,SSD,2.7,1920.0,1080.0,5.064811007262561
HP,Notebook,15.6,6,Windows 10,1.068153081183401,10.403696619569766,0,0,1,Intel,AMD,SSD,1.6,1920.0,1080.0,4.9573188885088015
Lenovo,2 in 1 Convertible,14.0,4,Windows 10,1.007957920399979,10.419722121547444,1,1,1,Intel,Intel,SSD,2.4,1920.0,1080.0,5.064811007262561
Asus,2 in 1 Convertible,13.3,8,Windows 10,0.7419373447293773,11.157167243570104,1,0,1,Intel,Intel,SSD,1.6,1920.0,1080.0,5.115788496573994
Dell,2 in 1 Convertible,15.6,8,Windows 10,0.9400072584914712,10.9311715265263,1,0,1,Intel,Intel,SSD,1.8,1920.0,1080.0,4.9573188885088015
Toshiba,Notebook,15.6,4,Windows 10,1.1314021114911006,10.07816160826124,0,0,0,Intel,Intel,HDD,2.2,1366.0,768.0,4.6196120963719745
Asus,Notebook,15.6,4,Windows 10,1.1085626195212777,9.974544159721564,0,0,0,AMD,AMD,HDD,3.0,1366.0,768.0,4.6196120963719745
Acer,Notebook,17.3,4,Windows 10,1.3862943611198906,10.666426618619608,0,1,1,Intel,Nvidia,SSD,1.6,1920.0,1080.0,4.854649288865456
Dell,Notebook,15.6,8,Windows 10,1.1410330045520618,10.565887855372269,0,0,1,Intel,AMD,SSD,1.6,1920.0,1080.0,4.9573188885088015
Lenovo,Gaming,15.6,16,Windows 10,1.252762968495368,10.959368385934692,0,1,1,Intel,Nvidia,SSD,2.8,1920.0,1080.0,4.9573188885088015
Acer,Notebook,15.6,4,Windows 10,1.1314021114911006,9.82781743779585,0,0,0,Intel,Intel,HDD,1.1,1366.0,768.0,4.6196120963719745
MSI,Gaming,15.6,16,Windows 10,1.2237754316221157,11.470557693018055,0,1,1,Intel,Nvidia,Hybrid,2.8,1920.0,1080.0,4.9573188885088015
Acer,Notebook,15.6,4,Windows 10,1.1314021114911006,9.87141946386704,0,0,0,Intel,Intel,HDD,1.1,1366.0,768.0,4.6196120963719745
Dell,Gaming,15.6,8,Windows 10,1.269760544863939,10.942065068725807,0,0,1,Intel,Nvidia,Hybrid,2.8,1920.0,1080.0,4.9573188885088015
Acer,Notebook,17.3,8,Windows 10,1.3862943611198906,10.725514197260196,0,1,1,Intel,Nvidia,SSD,1.6,1920.0,1080.0,4.854649288865456
HP,Notebook,13.3,4,Windows 10,0.9122827104766162,10.600978286196554,0,1,1,Intel,Intel,HDD,1.6,1920.0,1080.0,5.115788496573994
Huawei,Ultrabook,13.0,8,Windows 10,0.7178397931503169,11.182693795440782,0,1,1,Intel,Intel,SSD,2.5,2160.0,1440.0,5.301771746507025
HP,Notebook,17.3,6,Windows 10,1.3110318766193438,10.525238618990686,0,1,1,Intel,AMD,HDD,2.5,1920.0,1080.0,4.854649288865456
Lenovo,Notebook,15.6,4,No OS,1.1631508098056809,9.708963041637261,0,0,0,AMD,AMD,HDD,2.9,1366.0,768.0,4.6196120963719745
Toshiba,Notebook,15.6,4,Windows 10,1.0986122886681098,10.16796189691066,0,0,0,Intel,Intel,HDD,2.4,1366.0,768.0,4.6196120963719745
HP,Notebook,17.3,8,Windows 10,1.252762968495368,10.803210595055619,0,0,1,Intel,Nvidia,SSD,1.6,1920.0,1080.0,4.854649288865456
Dell,Notebook,15.6,8,Windows 10,1.1939224684724346,10.104652126020449,0,0,0,Intel,Intel,HDD,2.4,1366.0,768.0,4.6196120963719745
Acer,Notebook,15.6,4,Windows 10,1.1314021114911006,10.082625714367484,0,0,0,Intel,Intel,SSD,2.0,1366.0,768.0,4.6196120963719745
MSI,Gaming,18.4,32,Windows 10,1.6863989535702288,11.91258522125164,0,0,1,Intel,Nvidia,Hybrid,2.9,1920.0,1080.0,4.79350045232003
Lenovo,Notebook,15.6,8,Windows 10,1.0647107369924282,10.676315221329915,0,0,1,Intel,AMD,Hybrid,2.5,1920.0,1080.0,4.9573188885088015
HP,2 in 1 Convertible,13.3,8,Windows 10,0.8285518175661483,11.288127045116099,1,1,1,Intel,Intel,SSD,1.6,3840.0,2160.0,5.805930544237805
Dell,Notebook,15.6,16,Linux,1.1052568313867783,10.9311715265263,0,0,1,Intel,AMD,Hybrid,1.8,1920.0,1080.0,4.9573188885088015
Dell,Ultrabook,13.3,8,Windows 10,0.8020015854720274,11.219087416653776,0,0,1,Intel,Intel,SSD,1.6,1920.0,1080.0,5.115788496573994
Lenovo,2 in 1 Convertible,13.9,16,Windows 10,0.8754687373538999,11.497971408335056,1,1,1,Intel,Intel,SSD,1.8,3840.0,2160.0,5.761941503924522
Toshiba,Notebook,15.6,8,Windows 10,1.0986122886681098,10.651407915643352,0,0,0,Intel,Intel,SSD,2.5,1366.0,768.0,4.6196120963719745
Xiaomi,Notebook,15.6,8,No OS,1.0818051703517284,11.064819834822508,0,1,1,Intel,Nvidia,SSD,1.6,1920.0,1080.0,4.9573188885088015
Dell,Notebook,17.3,16,Windows 10,1.3270750014599193,11.320937983275899,1,0,1,Intel,Nvidia,SSD,1.8,1920.0,1080.0,4.854649288865456
Dell,Notebook,15.6,16,Windows 10,1.1184149159642893,11.757542090743819,1,0,1,Intel,Nvidia,SSD,2.8,3840.0,2160.0,5.646943996094081
Lenovo,Gaming,15.6,8,No OS,1.2237754316221157,10.633596165225693,0,1,1,Intel,Nvidia,SSD,2.5,1920.0,1080.0,4.9573188885088015
Acer,Ultrabook,13.3,8,Windows 10,0.7514160886839212,10.87227433519628,0,1,1,Intel,Intel,SSD,1.2,1920.0,1080.0,5.115788496573994
Dell,Notebook,17.3,8,Windows 10,1.33500106673234,10.964913590461473,0,0,1,Intel,AMD,Hybrid,1.8,1920.0,1080.0,4.854649288865456
Lenovo,2 in 1 Convertible,14.0,16,Windows 10,0.883767540168595,11.92147727098776,1,0,0,Intel,Intel,SSD,2.7,2560.0,1440.0,5.350913056059403
Vero,Notebook,14.0,4,Windows 10,0.832909122935104,9.536314842214452,0,1,1,Intel,Intel,Flash Storage,1.1,1920.0,1080.0,5.064811007262561
Xiaomi,Ultrabook,13.3,8,No OS,0.832909122935104,10.883235070683604,0,1,1,Intel,Nvidia,SSD,2.5,1920.0,1080.0,5.115788496573994
Lenovo,Notebook,17.3,8,No OS,1.33500106673234,10.523807017986531,0,0,0,Intel,Nvidia,SSD,1.6,1600.0,900.0,4.673884932133573
Dell,2 in 1 Convertible,13.3,8,Windows 10,0.9631743177730056,10.707794102852903,1,1,1,Intel,Intel,HDD,1.8,1920.0,1080.0,5.115788496573994
HP,Notebook,17.3,8,Windows 10,1.252762968495368,10.793412132233401,0,1,1,Intel,Nvidia,HDD,1.6,1920.0,1080.0,4.854649288865456
Razer,Gaming,17.3,32,Windows 10,1.501852701754163,12.052925243819075,1,0,1,Intel,Nvidia,SSD,2.9,3840.0,2160.0,5.543892827299865
HP,Notebook,13.3,8,Windows 10,0.9122827104766162,10.841471672111513,0,0,1,Intel,Intel,SSD,1.6,1920.0,1080.0,5.115788496573994
HP,Gaming,17.3,16,Windows 10,1.4701758451005928,11.204688514352517,0,1,1,Intel,Nvidia,Hybrid,2.8,1920.0,1080.0,4.854649288865456
HP,Notebook,17.3,8,Windows 10,1.252762968495368,10.927351151014033,0,0,1,Intel,Nvidia,SSD,1.8,1920.0,1080.0,4.854649288865456
Dell,Gaming,15.6,16,Windows 10,1.2947271675944,11.49580575542942,0,1,1,Intel,Nvidia,Hybrid,2.8,3840.0,2160.0,5.646943996094081
Lenovo,Notebook,15.6,4,Windows 10,1.1314021114911006,10.176108270075046,0,0,0,Intel,Intel,SSD,2.3,1366.0,768.0,4.6196120963719745
Acer,Notebook,15.6,8,Windows 10,1.172482137234565,10.58493556391622,0,0,1,Intel,Nvidia,HDD,2.7,1920.0,1080.0,4.9573188885088015
Lenovo,Gaming,15.6,16,Windows 10,1.4350845252893227,11.442371232335963,0,1,1,Intel,Nvidia,Hybrid,2.8,1920.0,1080.0,4.9573188885088015
Dell,Workstation,15.6,16,Windows 10,1.33500106673234,12.000102041442123,0,0,1,Intel,Nvidia,Hybrid,3.0,3840.0,2160.0,5.646943996094081
Lenovo,Gaming,15.6,16,No OS,1.2237754316221157,11.21837237437838,0,0,1,Intel,Nvidia,SSD,2.8,1920.0,1080.0,4.9573188885088015
Dell,Notebook,15.6,6,Windows 10,1.1939224684724346,10.060103191853011,1,0,0,Intel,Intel,HDD,2.4,1366.0,768.0,4.6196120963719745
Dell,Ultrabook,13.3,8,Windows 10,0.7929925155296614,11.550642355641386,1,1,1,Intel,Intel,SSD,1.8,3840.0,2160.0,5.805930544237805
Dell,Ultrabook,13.3,8,Windows 10,0.7884573603642702,11.25420292138043,0,0,1,Intel,Intel,SSD,1.8,1920.0,1080.0,5.115788496573994
Lenovo,Notebook,15.6,8,Windows 10,1.1631508098056809,10.367509577604206,0,0,0,Intel,Intel,SSD,2.5,1366.0,768.0,4.6196120963719745
Acer,Notebook,15.6,8,Linux,1.2237754316221157,10.633596165225693,0,0,1,Intel,Nvidia,HDD,2.8,1920.0,1080.0,4.9573188885088015
Asus,Gaming,17.3,16,Windows 10,1.3609765531356006,11.22478942282313,0,0,1,Intel,Nvidia,Hybrid,2.8,1920.0,1080.0,4.854649288865456
HP,Notebook,15.6,4,No OS,1.1314021114911006,9.830686725695612,0,0,1,Intel,Intel,HDD,2.0,1920.0,1080.0,4.9573188885088015
Lenovo,Notebook,15.6,8,No OS,1.1631508098056809,10.283693654349953,0,0,1,Intel,Intel,SSD,2.5,1920.0,1080.0,4.9573188885088015
Huawei,Ultrabook,13.0,8,Windows 10,0.7178397931503169,11.288127045116099,0,1,1,Intel,Intel,SSD,2.7,2160.0,1440.0,5.301771746507025
Dell,Ultrabook,13.3,8,Windows 10,0.8754687373538999,10.812785217817558,0,1,1,Intel,AMD,SSD,1.8,1920.0,1080.0,5.115788496573994
Lenovo,Notebook,17.3,8,No OS,1.33500106673234,10.354019074857808,0,0,0,Intel,Nvidia,HDD,2.5,1600.0,900.0,4.673884932133573
HP,Notebook,14.0,8,Windows 10,0.9669838461896731,10.91386371451479,0,0,1,Intel,Nvidia,SSD,1.8,1920.0,1080.0,5.064811007262561
Dell,Ultrabook,14.0,8,Windows 10,0.9555114450274363,11.022224638820209,0,0,1,Intel,Intel,SSD,1.6,1920.0,1080.0,5.064811007262561
Dell,2 in 1 Convertible,13.3,16,Windows 10,0.9631743177730056,11.12940950226841,1,0,1,Intel,Intel,SSD,1.8,1920.0,1080.0,5.115788496573994
Dell,Notebook,15.6,8,Linux,1.1631508098056809,10.49377686098958,0,0,1,Intel,AMD,SSD,1.6,1920.0,1080.0,4.9573188885088015
Lenovo,2 in 1 Convertible,14.0,8,Windows 10,1.007957920399979,10.776864937870439,0,1,1,Intel,Intel,SSD,1.6,1920.0,1080.0,5.064811007262561
Toshiba,Ultrabook,13.3,8,Windows 10,0.7884573603642702,11.19301822802371,0,0,1,Intel,Intel,SSD,2.5,1920.0,1080.0,5.115788496573994
HP,Notebook,15.6,8,Windows 10,1.1314021114911006,10.65266812544771,0,0,1,Intel,Intel,HDD,1.6,1920.0,1080.0,4.9573188885088015
Dell,Gaming,17.3,16,Windows 10,1.6900958154515549,11.781996383319656,0,1,1,Intel,Nvidia,Hybrid,2.8,1920.0,1080.0,4.854649288865456
Acer,Notebook,15.6,8,Windows 10,1.1631508098056809,10.699416025415209,0,0,1,Intel,Nvidia,SSD,2.7,1920.0,1080.0,4.9573188885088015
Dell,Notebook,15.6,16,Windows 10,1.1939224684724346,10.73136343865531,1,0,1,Intel,AMD,HDD,2.7,1920.0,1080.0,4.9573188885088015
Asus,Notebook,15.6,8,Windows 10,1.0986122886681098,10.620676402161354,0,0,1,Intel,Nvidia,SSD,2.5,1920.0,1080.0,4.9573188885088015
Asus,Notebook,17.3,8,Windows 10,1.3056264580524357,10.767926518316962,0,0,1,Intel,Nvidia,Hybrid,2.5,1920.0,1080.0,4.854649288865456
HP,Notebook,15.6,8,Windows 10,1.0647107369924282,11.121560284041063,0,0,1,Intel,AMD,HDD,2.7,1920.0,1080.0,4.9573188885088015
Asus,Notebook,15.6,4,Windows 10,1.2149127443642704,9.964544419744591,0,0,0,Intel,Intel,HDD,2.4,1366.0,768.0,4.6196120963719745
HP,Notebook,15.6,4,Windows 10,1.1314021114911006,9.77471055413221,0,0,0,AMD,AMD,HDD,1.5,1366.0,768.0,4.6196120963719745
Lenovo,Gaming,15.6,16,Windows 10,1.4350845252893227,11.288127045116099,0,1,1,Intel,Nvidia,Hybrid,2.8,1920.0,1080.0,4.9573188885088015
Dell,Notebook,14.0,8,Windows 10,0.9555114450274363,10.731351797533883,0,0,1,Intel,Intel,SSD,2.5,1920.0,1080.0,5.064811007262561
Acer,2 in 1 Convertible,13.3,8,Windows 10,0.9555114450274363,10.510829537468052,1,1,1,Intel,Intel,SSD,2.3,1920.0,1080.0,5.115788496573994
Dell,Notebook,15.6,16,Linux,1.2119409739751128,10.776864937870439,0,0,1,Intel,AMD,SSD,2.7,1920.0,1080.0,4.9573188885088015
Acer,Notebook,15.6,4,Linux,1.1314021114911006,9.941755889245979,0,0,0,Intel,Intel,HDD,2.0,1366.0,768.0,4.6196120963719745
Asus,Notebook,15.6,4,Windows 10,1.1631508098056809,10.329963707833757,0,0,1,AMD,AMD,Hybrid,2.5,1920.0,1080.0,4.9573188885088015
Asus,Gaming,17.3,32,Windows 10,1.7404661748405046,12.052925243819075,0,0,1,Intel,Nvidia,Hybrid,2.9,1920.0,1080.0,4.854649288865456
Acer,Gaming,15.6,8,Windows 10,1.252762968495368,10.71610257089814,0,1,1,Intel,Nvidia,SSD,2.5,1920.0,1080.0,4.9573188885088015
Lenovo,Notebook,15.6,8,Windows 10,1.1631508098056809,10.354019074857808,0,0,0,Intel,Intel,SSD,2.0,1366.0,768.0,4.6196120963719745
Asus,Notebook,17.3,8,Windows 10,1.1314021114911006,11.018737334023916,0,0,1,Intel,Nvidia,Hybrid,1.8,1920.0,1080.0,4.854649288865456
Asus,Notebook,17.3,8,No OS,1.3056264580524357,10.765679373749014,0,0,1,Intel,Nvidia,Hybrid,2.7,1920.0,1080.0,4.854649288865456
Dell,Gaming,15.6,8,Windows 10,1.269760544863939,10.754367276099781,0,0,1,Intel,Nvidia,SSD,2.5,1920.0,1080.0,4.9573188885088015
Lenovo,2 in 1 Convertible,13.9,8,Windows 10,0.8671004876833833,10.959368385934692,1,1,1,Intel,Intel,SSD,2.7,1920.0,1080.0,5.071934387835933
Dell,Notebook,15.6,8,Windows 10,1.1631508098056809,10.868221721810269,0,0,1,Intel,AMD,Hybrid,1.8,1920.0,1080.0,4.9573188885088015
HP,Notebook,15.6,8,Windows 10,1.1118575154181303,10.301744074438556,1,0,0,Intel,Intel,HDD,2.5,1366.0,768.0,4.6196120963719745
Asus,Gaming,17.3,16,Windows 10,1.5260563034950494,11.98160146330393,0,0,1,Intel,Nvidia,SSD,2.9,1920.0,1080.0,4.854649288865456
HP,Notebook,13.3,4,Windows 10,0.9122827104766162,10.490301522301456,0,1,1,Intel,Intel,HDD,1.6,1920.0,1080.0,5.115788496573994
Apple,Ultrabook,13.3,8,macOS,0.8628899551470398,11.59627531340492,0,1,0,Intel,Intel,SSD,3.1,2560.0,1600.0,5.429271085303593
Dell,2 in 1 Convertible,15.6,8,Windows 10,1.1249295969854831,10.683668026512203,1,1,1,Intel,Intel,HDD,1.8,1920.0,1080.0,4.9573188885088015
Asus,Gaming,17.3,16,Windows 10,1.667706820558076,11.470557693018055,0,0,1,Intel,Nvidia,Hybrid,2.8,1920.0,1080.0,4.854649288865456
Asus,Notebook,15.6,4,Windows 10,0.9858167945227653,10.126203812574422,0,0,0,AMD,AMD,HDD,3.0,1366.0,768.0,4.6196120963719745
Lenovo,2 in 1 Convertible,13.9,8,Windows 10,0.8628899551470398,11.497971408335056,1,1,1,Intel,Intel,SSD,1.8,1920.0,1080.0,5.071934387835933
Acer,Notebook,17.3,4,Windows 10,1.3862943611198906,10.529521166038387,0,1,1,Intel,Nvidia,SSD,2.7,1920.0,1080.0,4.854649288865456
Dell,Ultrabook,13.3,8,Windows 10,0.8796267475025636,10.830989602063529,0,0,1,Intel,Intel,SSD,1.6,1920.0,1080.0,5.115788496573994
HP,Notebook,15.6,8,Windows 10,1.068153081183401,10.075697828858553,0,0,0,AMD,AMD,SSD,2.5,1366.0,768.0,4.6196120963719745
HP,Notebook,17.3,16,Windows 10,1.3609765531356006,10.94065909478203,0,1,1,Intel,Nvidia,HDD,1.8,1920.0,1080.0,4.854649288865456
MSI,Gaming,17.3,16,Windows 10,1.6370530794670737,11.799214467550595,0,0,1,Intel,Nvidia,Hybrid,2.8,1920.0,1080.0,4.854649288865456
Lenovo,2 in 1 Convertible,15.6,8,Windows 10,1.0986122886681098,11.413367194793471,1,1,1,Intel,Nvidia,SSD,2.8,1920.0,1080.0,4.9573188885088015
Dell,Notebook,17.3,8,Windows 10,1.33500106673234,11.016113851311959,0,0,1,Intel,AMD,Hybrid,1.8,1920.0,1080.0,4.854649288865456
Lenovo,Notebook,15.6,4,No OS,1.1631508098056809,10.071427859772655,0,0,1,Intel,Intel,SSD,2.0,1920.0,1080.0,4.9573188885088015
HP,Notebook,15.6,4,Windows 10,1.1314021114911006,10.557612160311693,0,1,1,Intel,Intel,HDD,1.6,1920.0,1080.0,4.9573188885088015
Dell,Notebook,15.6,4,Windows 10,1.1568811967920856,10.46327361168887,0,0,1,Intel,Intel,HDD,2.5,1920.0,1080.0,4.9573188885088015
Dell,Notebook,15.6,8,Windows 10,1.1755733298042381,10.312419975886602,0,0,1,Intel,AMD,HDD,2.5,1920.0,1080.0,4.9573188885088015
Dell,2 in 1 Convertible,15.6,8,Windows 10,1.3001916620664788,10.65894546204638,1,0,1,Intel,Intel,SSD,1.6,1920.0,1080.0,4.9573188885088015
Asus,2 in 1 Convertible,13.3,8,Windows 10,0.7419373447293773,11.288127045116099,1,0,1,Intel,Intel,SSD,1.8,1920.0,1080.0,5.115788496573994
Lenovo,Notebook,15.6,4,No OS,1.1631508098056809,10.121930473176448,0,0,1,Intel,Intel,HDD,2.5,1920.0,1080.0,4.9573188885088015
HP,Notebook,17.3,8,Windows 10,1.252762968495368,10.901174660077132,0,0,1,Intel,Nvidia,HDD,1.8,1920.0,1080.0,4.854649288865456
Lenovo,Notebook,15.6,8,Windows 10,1.1151415906193203,10.755504261623273,0,0,1,Intel,Intel,SSD,1.8,1920.0,1080.0,4.9573188885088015
Apple,Ultrabook,13.3,8,macOS,0.8628899551470398,11.55570897765527,0,1,0,Intel,Intel,SSD,2.9,2560.0,1600.0,5.429271085303593
Asus,Gaming,17.3,16,Windows 10,1.4350845252893227,11.320937983275899,0,0,1,AMD,AMD,Hybrid,3.0,1920.0,1080.0,4.854649288865456
Dell,Notebook,15.6,8,Linux,1.144222799920162,10.575552291987458,0,0,1,Intel,AMD,SSD,1.8,1920.0,1080.0,4.9573188885088015
Lenovo,2 in 1 Convertible,14.0,16,Windows 10,0.8586616190375187,11.799214467550595,1,0,0,Intel,Intel,SSD,2.6,2560.0,1440.0,5.350913056059403
Toshiba,Notebook,15.6,8,Windows 10,1.1631508098056809,10.675084480373934,0,0,0,Intel,Nvidia,HDD,2.5,1366.0,768.0,4.6196120963719745
Dell,Notebook,15.6,12,Windows 10,1.1939224684724346,10.545166939273855,0,0,0,Intel,Intel,HDD,2.7,1366.0,768.0,4.6196120963719745
Dell,Notebook,17.3,8,Linux,1.33500106673234,10.977734058532482,0,0,1,Intel,AMD,Hybrid,1.8,1920.0,1080.0,4.854649288865456
Acer,Notebook,15.6,8,Windows 10,1.1631508098056809,10.588970437272568,0,1,1,Intel,Nvidia,HDD,1.8,1920.0,1080.0,4.9573188885088015
Lenovo,Notebook,17.3,4,Windows 10,1.33500106673234,10.16796189691066,0,0,0,Intel,Intel,HDD,2.0,1600.0,900.0,4.673884932133573
Lenovo,Notebook,17.3,8,No OS,1.33500106673234,10.719642319211694,0,0,1,Intel,Nvidia,HDD,1.8,1920.0,1080.0,4.854649288865456
Lenovo,Notebook,17.3,6,Windows 10,1.33500106673234,10.731351797533883,0,0,0,Intel,Nvidia,Hybrid,2.7,1600.0,900.0,4.673884932133573
Dell,Notebook,15.6,4,Linux,1.1786549963416462,10.034728073115927,0,0,1,Intel,AMD,HDD,2.0,1920.0,1080.0,4.9573188885088015
Lenovo,Gaming,15.6,8,Windows 10,1.252762968495368,10.695803821362974,0,1,1,Intel,Nvidia,SSD,2.5,1920.0,1080.0,4.9573188885088015
Lenovo,Notebook,15.6,6,Windows 10,1.1631508098056809,10.336895919115271,0,0,1,Intel,Intel,SSD,2.5,1920.0,1080.0,4.9573188885088015
Acer,Notebook,15.6,8,Windows 10,1.3862943611198906,10.833094824406928,0,1,1,Intel,Nvidia,SSD,1.8,1920.0,1080.0,4.9573188885088015
Acer,Notebook,15.6,12,Windows 10,1.1474024528375417,10.466313041010059,1,1,1,Intel,Intel,HDD,2.7,1920.0,1080.0,4.9573188885088015
Lenovo,Notebook,15.6,8,Windows 10,1.0818051703517284,10.975912595539462,0,1,1,Intel,Intel,SSD,2.7,1920.0,1080.0,4.9573188885088015
Asus,Ultrabook,15.6,8,Windows 10,0.9932517730102833,10.86006688870326,0,0,1,Intel,Nvidia,SSD,2.5,1920.0,1080.0,4.9573188885088015
Lenovo,Gaming,15.6,16,Windows 10,1.252762968495368,11.04799884586991,0,1,1,Intel,Nvidia,Hybrid,2.8,1920.0,1080.0,4.9573188885088015
Lenovo,Notebook,15.6,8,No OS,1.1631508098056809,10.466328214969593,0,0,1,Intel,Nvidia,HDD,2.7,1920.0,1080.0,4.9573188885088015
Acer,Notebook,15.6,2,Chrome OS,1.1600209167967532,9.268960161930154,0,0,0,Intel,Intel,SSD,1.5,1366.0,768.0,4.6196120963719745
Asus,Gaming,17.3,8,Windows 10,1.3862943611198906,11.054761232653416,0,0,1,Intel,Nvidia,HDD,2.8,1920.0,1080.0,4.854649288865456
HP,Notebook,17.3,8,Windows 10,1.264126727145683,10.16796189691066,0,0,0,Intel,Intel,HDD,2.0,1600.0,900.0,4.673884932133573
Dell,Notebook,15.6,8,Windows 10,1.0986122886681098,11.487095936335667,0,0,1,Intel,Nvidia,SSD,2.8,1920.0,1080.0,4.9573188885088015
Lenovo,Notebook,15.6,8,Windows 10,1.1151415906193203,10.580884344379838,0,0,1,Intel,Intel,SSD,1.6,1920.0,1080.0,4.9573188885088015
Lenovo,Gaming,15.6,8,Windows 10,1.4350845252893227,11.14492549142712,0,1,1,Intel,Nvidia,HDD,2.8,1920.0,1080.0,4.9573188885088015
Acer,Notebook,15.6,8,Linux,1.252762968495368,10.862111839946362,0,0,1,Intel,Nvidia,SSD,2.8,1920.0,1080.0,4.9573188885088015
Dell,Workstation,17.3,16,Windows 10,1.4861396960896067,11.94279918306742,0,0,1,Intel,Nvidia,SSD,2.9,1920.0,1080.0,4.854649288865456
Lenovo,Notebook,15.6,6,Windows 10,1.2237754316221157,10.188204734039374,0,0,1,AMD,AMD,HDD,2.4,1920.0,1080.0,4.9573188885088015
Asus,Ultrabook,15.6,16,Windows 10,0.9669838461896731,11.267230020589693,0,0,1,Intel,Nvidia,SSD,2.7,1920.0,1080.0,4.9573188885088015
Asus,Notebook,14.0,4,Windows 10,0.832909122935104,10.20804591591181,0,0,0,Intel,Intel,SSD,2.4,1366.0,768.0,4.726814234417343
Asus,Gaming,17.3,16,Windows 10,1.3609765531356006,11.635684190215565,0,0,1,Intel,Nvidia,Hybrid,2.8,1920.0,1080.0,4.854649288865456
Lenovo,Notebook,17.3,6,Windows 10,1.33500106673234,10.451022662038508,0,0,0,Intel,Nvidia,HDD,2.5,1600.0,900.0,4.673884932133573
Lenovo,Notebook,15.6,8,No OS,1.1631508098056809,10.283693654349953,0,0,0,Intel,Nvidia,HDD,2.5,1366.0,768.0,4.6196120963719745
Asus,Gaming,15.6,8,Windows 10,1.252762968495368,11.118403264255047,0,0,1,Intel,Nvidia,Hybrid,2.8,1920.0,1080.0,4.9573188885088015
Lenovo,Notebook,15.6,4,No OS,1.1631508098056809,9.86168941507667,0,0,0,Intel,Intel,HDD,1.1,1366.0,768.0,4.6196120963719745
HP,2 in 1 Convertible,13.3,16,Windows 10,0.8241754429663494,11.563894206696261,1,0,1,Intel,Intel,SSD,2.8,1920.0,1080.0,5.115788496573994
Toshiba,Notebook,15.6,8,Windows 10,1.1631508098056809,10.925435476055437,0,1,1,Intel,Nvidia,SSD,2.5,1920.0,1080.0,4.9573188885088015
Lenovo,Notebook,15.6,8,Windows 10,1.1939224684724346,10.683668026512203,0,0,1,Intel,Nvidia,Hybrid,2.5,1920.0,1080.0,4.9573188885088015
HP,Notebook,15.6,4,Windows 10,1.0508216248317612,10.126203812574422,0,0,1,Intel,Intel,HDD,2.0,1920.0,1080.0,4.9573188885088015
Lenovo,Notebook,13.3,8,Windows 10,0.7419373447293773,10.882334592260529,0,1,1,Intel,Intel,SSD,2.5,1920.0,1080.0,5.115788496573994
Dell,Ultrabook,13.3,16,Windows 10,0.7929925155296614,11.799214467550595,1,1,1,Intel,Intel,SSD,1.8,3840.0,2160.0,5.805930544237805
MSI,Gaming,15.6,16,Windows 10,1.33500106673234,11.624786287779711,0,1,1,Intel,Nvidia,Hybrid,2.8,1920.0,1080.0,4.9573188885088015
Acer,Notebook,15.6,8,Windows 10,1.172482137234565,10.126203812574422,0,0,1,AMD,AMD,SSD,2.2,1920.0,1080.0,4.9573188885088015
Asus,2 in 1 Convertible,11.6,2,Windows 10,0.7419373447293773,9.592400371638025,1,0,0,Intel,Intel,Flash Storage,1.1,1366.0,768.0,4.913347375266901
Dell,Notebook,15.6,8,Windows 10,1.2029723039923526,10.71373575845852,0,0,1,Intel,AMD,Hybrid,1.6,1920.0,1080.0,4.9573188885088015
HP,2 in 1 Convertible,13.3,16,Windows 10,0.8285518175661483,11.779003747004984,1,1,1,Intel,Intel,SSD,1.8,3840.0,2160.0,5.805930544237805
Lenovo,Notebook,13.3,4,Chrome OS,0.8960880245566356,10.106610910488378,0,0,0,Intel,Intel,Flash Storage,1.6,1366.0,768.0,4.777664699022989
HP,Notebook,14.0,8,Windows 10,1.0818051703517284,10.863132749518224,0,0,1,Intel,Intel,SSD,2.5,1920.0,1080.0,5.064811007262561
Acer,Notebook,11.6,4,Windows 10,0.8754687373538999,10.159748614913156,0,0,0,Intel,Intel,Flash Storage,1.6,1366.0,768.0,4.913347375266901
HP,Notebook,14.0,8,Windows 10,0.9082585601768908,11.139522237379978,0,0,1,Intel,Intel,SSD,2.7,1920.0,1080.0,5.064811007262561
Lenovo,Notebook,17.3,4,Windows 10,1.332366019094335,10.354019074857808,0,0,0,Intel,Nvidia,HDD,2.5,1600.0,900.0,4.673884932133573
Asus,Notebook,14.0,8,Windows 10,1.0986122886681098,10.973174165162662,0,0,1,Intel,Intel,SSD,2.7,1920.0,1080.0,5.064811007262561
HP,Notebook,15.6,8,Windows 10,1.1314021114911006,10.780196354025913,0,1,1,Intel,Intel,HDD,1.8,1366.0,768.0,4.6196120963719745
Acer,Notebook,15.6,8,Windows 10,1.1631508098056809,10.466313041010059,0,0,0,AMD,AMD,SSD,2.7,1366.0,768.0,4.6196120963719745
Lenovo,Notebook,14.0,4,Windows 10,0.8919980393051105,9.652379103040136,0,0,0,Intel,Intel,Flash Storage,1.1,1366.0,768.0,4.726814234417343
Acer,Notebook,15.6,6,Windows 10,1.172482137234565,10.283693654349953,0,0,0,Intel,Intel,HDD,2.5,1366.0,768.0,4.6196120963719745
Asus,Ultrabook,15.6,8,Windows 10,0.9932517730102833,10.932029103313662,0,0,1,Intel,Nvidia,SSD,2.7,1920.0,1080.0,4.9573188885088015
HP,Ultrabook,12.5,8,Windows 10,0.8153648132841945,11.17226165597048,0,0,1,Intel,Intel,SSD,2.7,1920.0,1080.0,5.177462845242346
Dell,Notebook,15.6,32,Windows 10,1.1184149159642893,11.853723474786245,1,0,1,Intel,Nvidia,SSD,2.8,3840.0,2160.0,5.646943996094081
MSI,Gaming,17.3,8,Windows 10,1.308332819650179,11.064819834822508,0,0,1,Intel,Nvidia,Hybrid,2.8,1920.0,1080.0,4.854649288865456
Toshiba,Notebook,15.6,8,Windows 10,1.0986122886681098,10.824647211921786,0,1,1,Intel,Intel,SSD,2.5,1920.0,1080.0,4.9573188885088015
Asus,Notebook,14.0,8,Windows 10,1.0986122886681098,11.171512322150534,0,0,1,Intel,Intel,Hybrid,2.7,1920.0,1080.0,5.064811007262561
Lenovo,Notebook,15.6,4,Windows 10,1.0473189942805592,10.082625714367484,0,0,1,Intel,Intel,HDD,2.0,1920.0,1080.0,4.9573188885088015
Asus,Gaming,15.6,8,Windows 10,1.252762968495368,10.882334592260529,0,0,1,Intel,Nvidia,SSD,2.8,1920.0,1080.0,4.9573188885088015
HP,Notebook,14.0,8,Windows 10,0.9082585601768908,11.120771962987872,0,0,1,Intel,Intel,SSD,2.6,1920.0,1080.0,5.064811007262561
Dell,Ultrabook,15.6,8,Windows 10,1.0647107369924282,10.9311715265263,0,1,1,Intel,Nvidia,Hybrid,1.6,1920.0,1080.0,4.9573188885088015
HP,Notebook,15.6,8,Windows 10,1.0438040521731147,11.017863604303702,0,0,1,Intel,Intel,SSD,2.5,1920.0,1080.0,4.9573188885088015
Asus,Notebook,15.6,4,Linux,1.0986122886681098,9.59236400982223,0,0,0,Intel,Intel,HDD,1.1,1366.0,768.0,4.6196120963719745
Dell,Notebook,15.6,8,Windows 10,1.0986122886681098,11.016770367521554,0,0,1,Intel,Nvidia,SSD,1.6,1920.0,1080.0,4.9573188885088015
Dell,Notebook,15.6,4,Linux,1.1631508098056809,9.592036693968193,0,0,0,Intel,Intel,HDD,1.6,1366.0,768.0,4.6196120963719745
Lenovo,Notebook,15.6,12,Windows 10,1.1631508098056809,10.776864937870439,0,0,1,AMD,AMD,HDD,3.6,1920.0,1080.0,4.9573188885088015
HP,Notebook,15.6,8,Windows 10,1.1314021114911006,10.549267406213417,0,1,1,Intel,Nvidia,HDD,2.4,1920.0,1080.0,4.9573188885088015
Lenovo,2 in 1 Convertible,13.9,16,Windows 10,0.8754687373538999,11.624786287779711,1,1,1,Intel,Intel,SSD,1.8,3840.0,2160.0,5.761941503924522
Dell,Ultrabook,13.3,8,Windows 10,0.7884573603642702,11.340119926907802,0,0,1,Intel,Intel,SSD,1.8,1920.0,1080.0,5.115788496573994
Lenovo,Gaming,15.6,16,Windows 10,1.2237754316221157,11.004665214485216,0,1,1,Intel,Nvidia,Hybrid,2.8,1920.0,1080.0,4.9573188885088015
HP,Notebook,14.0,2,Windows 10,0.8919980393051105,9.606840077363517,0,0,0,Intel,Intel,Flash Storage,1.6,1366.0,768.0,4.726814234417343
Dell,Ultrabook,15.6,16,Windows 10,1.0577902941478545,11.358294272381869,0,0,1,Intel,Intel,SSD,1.9,1920.0,1080.0,4.9573188885088015
Asus,2 in 1 Convertible,11.6,4,Windows 10,0.9162907318741551,9.902537101000133,1,0,0,Intel,Intel,Flash Storage,1.1,1366.0,768.0,4.913347375266901
Dell,Ultrabook,15.6,8,Windows 10,1.0647107369924282,10.472364324869146,0,0,1,Intel,AMD,HDD,1.6,1920.0,1080.0,4.9573188885088015
Dell,Notebook,15.6,16,Windows 10,1.1184149159642893,11.590089611405006,1,0,1,Intel,Nvidia,SSD,2.8,3840.0,2160.0,5.646943996094081
HP,Notebook,15.6,8,Windows 10,1.0438040521731147,11.148767161842734,0,0,1,Intel,Intel,SSD,2.7,1920.0,1080.0,4.9573188885088015
MSI,Gaming,17.3,8,Windows 10,1.308332819650179,11.226209858672876,0,0,1,Intel,Nvidia,Hybrid,2.8,1920.0,1080.0,4.854649288865456
HP,Workstation,15.6,8,Windows 10,1.2809338454620642,11.43621746829565,0,0,1,Intel,Nvidia,SSD,2.8,1920.0,1080.0,4.9573188885088015
Toshiba,Notebook,15.6,16,Windows 10,1.2237754316221157,11.221942483842241,0,1,1,Intel,Nvidia,SSD,2.5,1920.0,1080.0,4.9573188885088015
Dell,Notebook,15.6,8,Windows 10,1.1052568313867783,10.853803833731272,0,0,1,Intel,AMD,Hybrid,1.8,1920.0,1080.0,4.9573188885088015
Lenovo,Notebook,15.6,4,No OS,1.1631508098056809,9.750139803606897,0,0,0,Intel,Intel,HDD,1.1,1366.0,768.0,4.6196120963719745
Dell,Gaming,15.6,8,Windows 10,1.2947271675944,10.882334592260529,0,0,1,Intel,Nvidia,HDD,2.5,1920.0,1080.0,4.9573188885088015
Dell,Notebook,15.6,8,Windows 10,1.2119409739751128,10.298823991756509,1,0,0,Intel,Intel,HDD,2.5,1366.0,768.0,4.6196120963719745
Dell,Notebook,14.0,8,Windows 10,0.8586616190375187,11.23890379622848,0,0,1,Intel,Intel,SSD,2.6,1920.0,1080.0,5.064811007262561
HP,Notebook,15.6,4,Windows 10,1.0508216248317612,10.060103191853011,0,0,0,Intel,Intel,HDD,2.0,1366.0,768.0,4.6196120963719745
Asus,Notebook,14.0,8,Windows 10,1.0986122886681098,10.82676581465962,0,0,1,Intel,Intel,SSD,2.5,1920.0,1080.0,5.064811007262561
Lenovo,Notebook,17.3,6,Windows 10,1.33500106673234,10.55344848760242,0,0,0,Intel,Nvidia,Hybrid,2.5,1600.0,900.0,4.673884932133573
HP,Notebook,15.6,8,Windows 10,1.0508216248317612,10.435494852273417,0,0,1,Intel,Intel,HDD,2.5,1920.0,1080.0,4.9573188885088015
Lenovo,Notebook,15.6,8,No OS,1.1631508098056809,10.188204734039374,0,0,0,Intel,Nvidia,SSD,2.0,1366.0,768.0,4.6196120963719745
HP,Notebook,15.6,8,Windows 10,1.1118575154181303,9.939188617449547,0,0,0,Intel,Intel,HDD,1.6,1366.0,768.0,4.6196120963719745
Dell,Notebook,17.3,8,Windows 10,1.33500106673234,10.964913590461473,0,0,1,Intel,AMD,Hybrid,1.6,1920.0,1080.0,4.854649288865456
Lenovo,Gaming,15.6,8,No OS,1.2237754316221157,10.671383142982906,0,1,1,Intel,Nvidia,Hybrid,2.5,1920.0,1080.0,4.9573188885088015
Dell,Notebook,15.6,8,Windows 10,1.2029723039923526,10.776864937870439,0,0,1,Intel,AMD,SSD,2.7,1920.0,1080.0,4.9573188885088015
HP,Ultrabook,14.0,8,Windows 10,0.8586616190375187,11.442942818102907,0,1,1,Intel,Intel,SSD,2.7,1920.0,1080.0,5.064811007262561
Asus,2 in 1 Convertible,15.6,12,Windows 10,1.1817271953786161,10.977734058532482,1,0,1,Intel,Nvidia,Hybrid,2.7,1920.0,1080.0,4.9573188885088015
Acer,Notebook,15.6,4,Windows 10,1.1314021114911006,10.030044429673623,0,0,0,AMD,AMD,SSD,3.0,1366.0,768.0,4.6196120963719745
Asus,Gaming,17.3,16,Windows 10,1.4469189829363254,11.671327551888611,0,1,1,AMD,AMD,Hybrid,3.0,1920.0,1080.0,4.854649288865456
Lenovo,Notebook,17.3,4,Windows 10,1.2809338454620642,10.16796189691066,0,0,0,AMD,AMD,SSD,2.2,1600.0,900.0,4.673884932133573
Dell,2 in 1 Convertible,13.3,8,Windows 10,0.9631743177730056,10.742937256552272,1,0,1,Intel,Intel,SSD,1.8,1920.0,1080.0,5.115788496573994
HP,Notebook,15.6,4,Windows 10,1.068153081183401,10.167941447588701,0,0,1,AMD,AMD,SSD,3.0,1920.0,1080.0,4.9573188885088015
Lenovo,Netbook,11.6,4,Windows 10,0.9516578757114464,10.29095296708588,0,1,0,Intel,Intel,SSD,1.1,1366.0,768.0,4.913347375266901
Dell,Notebook,15.6,4,Windows 10,1.0296194171811583,9.708963041637261,0,0,0,Intel,Intel,HDD,1.6,1366.0,768.0,4.6196120963719745
Asus,Notebook,14.0,4,Windows 10,0.9162907318741551,9.63161845996438,0,0,0,Intel,Intel,Flash Storage,1.1,1366.0,768.0,4.726814234417343
Acer,Notebook,15.6,8,Linux,1.2237754316221157,10.71610257089814,0,0,1,Intel,Nvidia,HDD,2.8,1920.0,1080.0,4.9573188885088015
HP,Gaming,17.3,8,Windows 10,1.4701758451005928,11.058125354295145,0,1,1,Intel,Nvidia,Hybrid,2.8,1920.0,1080.0,4.854649288865456
Lenovo,Notebook,15.6,4,No OS,1.0473189942805592,9.975784027776756,0,0,1,Intel,Intel,SSD,2.0,1920.0,1080.0,4.9573188885088015
Asus,Gaming,15.6,8,Windows 10,1.1939224684724346,11.387128654624775,0,1,1,Intel,Nvidia,Hybrid,2.8,1920.0,1080.0,4.9573188885088015
Lenovo,Notebook,14.0,8,Windows 10,0.9162907318741551,10.977734058532482,0,1,1,Intel,Nvidia,SSD,2.5,1920.0,1080.0,5.064811007262561
Asus,Ultrabook,13.3,16,Windows 10,0.7419373447293773,11.442314055786095,1,0,1,Intel,Intel,SSD,2.7,1920.0,1080.0,5.115788496573994
Lenovo,Ultrabook,14.0,8,Windows 10,0.7561219797213337,11.708376781321808,0,1,0,Intel,Intel,SSD,2.7,2560.0,1440.0,5.350913056059403
Lenovo,Notebook,13.3,4,Windows 10,0.9162907318741551,10.283693654349953,0,1,1,Intel,Intel,SSD,2.4,1920.0,1080.0,5.115788496573994
Dell,Workstation,15.6,8,Windows 10,1.172482137234565,11.197410561265002,0,0,1,Intel,AMD,HDD,2.6,1920.0,1080.0,4.9573188885088015
Dell,Workstation,15.6,8,Windows 10,1.0986122886681098,11.641791742848616,0,1,1,Intel,Nvidia,SSD,2.7,1920.0,1080.0,4.9573188885088015
Lenovo,2 in 1 Convertible,14.0,16,Windows 10,0.883767540168595,11.803208053148005,1,0,0,Intel,Intel,SSD,2.7,2560.0,1440.0,5.350913056059403
Asus,Gaming,17.3,8,Windows 10,1.3862943611198906,10.921593081430734,0,0,1,Intel,Nvidia,HDD,2.8,1920.0,1080.0,4.854649288865456
Asus,Gaming,17.3,16,Windows 10,1.3862943611198906,11.347690851338031,0,0,1,Intel,Nvidia,Hybrid,2.8,1920.0,1080.0,4.854649288865456
Acer,Notebook,15.6,12,Windows 10,1.1631508098056809,10.518045621772615,0,1,0,Intel,Nvidia,HDD,1.6,1366.0,768.0,4.6196120963719745
MSI,Gaming,17.3,8,Windows 10,1.308332819650179,11.182693795440782,0,0,1,Intel,Nvidia,SSD,2.8,1920.0,1080.0,4.854649288865456
Dell,Notebook,15.6,8,Linux,1.2029723039923526,10.633429274704698,0,0,1,Intel,AMD,SSD,2.7,1920.0,1080.0,4.9573188885088015
HP,Ultrabook,15.6,4,Windows 10,1.068153081183401,10.188204734039374,0,0,1,AMD,AMD,SSD,3.0,1920.0,1080.0,4.9573188885088015
Lenovo,Notebook,15.6,8,Windows 10,1.1314021114911006,11.089987951528633,0,1,1,Intel,AMD,SSD,1.8,1920.0,1080.0,4.9573188885088015
Lenovo,Notebook,14.0,8,Windows 10,1.0647107369924282,10.819330984386541,0,1,1,Intel,Intel,SSD,2.5,1920.0,1080.0,5.064811007262561
Dell,Workstation,15.6,8,Windows 10,1.0224509277025458,11.881009595905924,1,0,1,Intel,Nvidia,SSD,2.8,3840.0,2160.0,5.646943996094081
Lenovo,Ultrabook,14.0,16,Windows 10,0.7561219797213337,11.848404351239447,0,1,0,Intel,Intel,SSD,2.7,2560.0,1440.0,5.350913056059403
Lenovo,Notebook,15.6,4,Windows 10,1.1631508098056809,9.699207462149198,0,0,0,Intel,Intel,HDD,1.1,1366.0,768.0,4.6196120963719745
Asus,Gaming,17.3,16,Windows 10,1.3609765531356006,11.307942507277987,0,0,1,Intel,Nvidia,Hybrid,2.8,1920.0,1080.0,4.854649288865456
Lenovo,Notebook,15.6,8,Windows 10,1.1314021114911006,11.018300564589259,0,1,1,Intel,AMD,Hybrid,1.6,1920.0,1080.0,4.9573188885088015
Acer,Notebook,15.6,8,Linux,1.252762968495368,10.754367276099781,0,0,1,Intel,Nvidia,SSD,2.8,1920.0,1080.0,4.9573188885088015
MSI,Gaming,17.3,16,Windows 10,1.33500106673234,11.693810323540696,0,0,1,Intel,Nvidia,Hybrid,2.8,1920.0,1080.0,4.854649288865456
Asus,Ultrabook,14.0,8,Windows 10,0.7419373447293773,11.51086774932477,0,0,1,Intel,Intel,SSD,2.7,1920.0,1080.0,5.064811007262561
Toshiba,Ultrabook,13.3,16,Windows 10,0.7884573603642702,11.44122707973651,0,0,1,Intel,Intel,SSD,2.5,1920.0,1080.0,5.115788496573994
Dell,Ultrabook,14.0,8,Windows 10,0.8586616190375187,11.402121270453206,0,0,1,Intel,Intel,SSD,2.8,1920.0,1080.0,5.064811007262561
Lenovo,Notebook,15.6,4,Windows 10,1.1631508098056809,9.989322070632241,0,0,1,Intel,Intel,HDD,2.0,1920.0,1080.0,4.9573188885088015
Lenovo,Notebook,11.6,2,Windows 10,0.7654678421395714,9.694129542502065,0,0,0,Intel,Intel,Flash Storage,1.1,1366.0,768.0,4.913347375266901
Lenovo,Workstation,15.6,8,Windows 10,1.3001916620664788,11.538252022916238,0,0,1,Intel,Nvidia,SSD,2.8,1920.0,1080.0,4.9573188885088015
Lenovo,Ultrabook,14.0,8,Windows 10,0.9932517730102833,11.547559135248338,0,1,1,Intel,Nvidia,SSD,2.8,2560.0,1440.0,5.350913056059403
HP,Notebook,15.6,4,Windows 10,1.1314021114911006,10.126203812574422,0,0,1,Intel,AMD,HDD,2.0,1920.0,1080.0,4.9573188885088015
Acer,2 in 1 Convertible,13.3,8,Windows 10,0.9555114450274363,10.646363808731104,1,1,1,Intel,Intel,SSD,2.5,1920.0,1080.0,5.115788496573994
Asus,2 in 1 Convertible,13.3,8,Windows 10,0.8197798314933114,10.808612983780158,1,1,1,Intel,Intel,SSD,2.5,1920.0,1080.0,5.115788496573994
Dell,Notebook,15.6,4,Linux,1.1939224684724346,10.370687003747133,0,0,1,Intel,AMD,SSD,2.5,1920.0,1080.0,4.9573188885088015
Dell,Notebook,13.3,4,Windows 10,0.9745596399981308,10.510829537468052,0,0,0,Intel,Intel,SSD,2.0,1366.0,768.0,4.777664699022989
HP,Ultrabook,14.0,8,Windows 10,0.8878912573524571,11.288793925756666,0,0,1,Intel,Intel,SSD,2.5,1920.0,1080.0,5.064811007262561
Dell,Notebook,15.6,8,Windows 10,1.144222799920162,10.267072328504518,0,0,0,Intel,Intel,HDD,2.5,1366.0,768.0,4.6196120963719745
Lenovo,Ultrabook,14.0,8,Windows 10,1.0116009116784799,11.078388532907343,0,1,1,Intel,AMD,SSD,1.8,1920.0,1080.0,5.064811007262561
Lenovo,2 in 1 Convertible,15.6,16,Windows 10,1.0986122886681098,11.524653620496773,1,1,1,Intel,Nvidia,SSD,2.8,3840.0,2160.0,5.646943996094081
Chuwi,Notebook,12.3,6,Windows 10,0.8754687373538999,10.082625714367484,0,1,0,Intel,Intel,Flash Storage,1.1,2736.0,1824.0,5.592249004846925
HP,Notebook,15.6,8,Windows 10,1.1969481893889715,11.23890379622848,0,0,1,Intel,Intel,SSD,2.9,1920.0,1080.0,4.9573188885088015
Asus,Notebook,15.6,8,Linux,1.1939224684724346,10.367509577604206,0,0,1,Intel,Nvidia,HDD,2.4,1920.0,1080.0,4.9573188885088015
Dell,Gaming,17.3,16,Windows 10,1.6900958154515549,11.91258522125164,0,1,0,Intel,Nvidia,Hybrid,2.9,2560.0,1440.0,5.14038144505599
Dell,Gaming,15.6,8,Windows 10,1.2864740258376797,11.030890063374128,0,1,1,Intel,Nvidia,Hybrid,2.8,1920.0,1080.0,4.9573188885088015
Dell,Notebook,15.6,8,Windows 10,1.1052568313867783,11.016464046926865,0,0,1,Intel,AMD,Hybrid,1.8,1920.0,1080.0,4.9573188885088015
Dell,Ultrabook,14.0,8,Linux,0.9555114450274363,10.977734058532482,0,0,1,Intel,Intel,SSD,2.8,1920.0,1080.0,5.064811007262561
HP,Gaming,17.3,12,Windows 10,1.4701758451005928,11.57597274976738,0,0,1,Intel,Nvidia,Hybrid,2.8,1920.0,1080.0,4.854649288865456
Mediacom,2 in 1 Convertible,11.6,4,Windows 10,0.7701082216960736,9.676067369454655,1,1,1,Intel,Intel,SSD,1.1,1920.0,1080.0,5.251780063034041
Samsung,Netbook,11.6,4,Chrome OS,0.7654678421395714,9.570342175774599,0,0,0,Intel,Intel,Flash Storage,1.6,1366.0,768.0,4.913347375266901
Lenovo,Notebook,13.3,8,Windows 10,0.8754687373538999,10.893285218834153,0,1,1,Intel,Intel,SSD,2.7,1920.0,1080.0,5.115788496573994
Lenovo,Notebook,14.0,4,Windows 10,0.9932517730102833,10.370853957360486,0,1,1,Intel,Intel,SSD,2.7,1920.0,1080.0,5.064811007262561
Lenovo,Workstation,15.6,16,Windows 10,1.1939224684724346,11.777369104499687,0,1,1,Intel,Nvidia,SSD,2.8,3840.0,2160.0,5.646943996094081
Lenovo,Notebook,15.6,16,Windows 10,1.252762968495368,11.779003747004984,0,0,1,Intel,Nvidia,SSD,2.9,1920.0,1080.0,4.9573188885088015
Asus,Gaming,17.3,8,Windows 10,1.4350845252893227,11.4110101190053,0,0,1,AMD,AMD,Hybrid,3.2,1920.0,1080.0,4.854649288865456
HP,Notebook,15.6,4,Windows 10,1.1314021114911006,9.824939893387057,0,0,0,Intel,Intel,HDD,1.6,1366.0,768.0,4.6196120963719745
Google,Ultrabook,12.3,16,Chrome OS,0.7419373447293773,11.671327551888611,1,0,0,Intel,Intel,SSD,1.3,2400.0,1600.0,5.461742335596244
Lenovo,Ultrabook,14.0,24,Windows 10,0.8415671856782186,11.751264655532276,0,0,0,Intel,Intel,SSD,2.7,2560.0,1440.0,5.350913056059403
Asus,Notebook,15.6,4,Linux,1.0986122886681098,10.301744074438556,0,0,1,Intel,Intel,SSD,2.5,1920.0,1080.0,4.9573188885088015
Lenovo,Notebook,17.3,8,Windows 10,1.33500106673234,10.227501072075105,0,0,0,AMD,AMD,HDD,2.5,1600.0,900.0,4.673884932133573
Dell,Notebook,15.6,4,Windows 10,1.1631508098056809,10.594325067871669,0,0,1,Intel,AMD,SSD,1.6,1920.0,1080.0,4.9573188885088015
Lenovo,Ultrabook,12.5,8,Windows 10,0.8586616190375187,11.240304338273628,0,1,1,Intel,Intel,SSD,2.5,1920.0,1080.0,5.177462845242346
Lenovo,Notebook,15.6,4,Windows 10,1.1631508098056809,9.830686725695612,0,0,1,Intel,Intel,SSD,1.1,1920.0,1080.0,4.9573188885088015
HP,Gaming,15.6,8,Windows 10,1.1631508098056809,10.977734058532482,0,1,1,Intel,Nvidia,Hybrid,2.8,1920.0,1080.0,4.9573188885088015
Dell,Notebook,14.0,8,Windows 10,0.9707789171582247,11.04799884586991,0,0,1,Intel,Nvidia,SSD,2.8,1920.0,1080.0,5.064811007262561
Acer,Notebook,15.6,4,Linux,1.2237754316221157,10.066460798816403,0,0,0,Intel,Intel,HDD,2.5,1366.0,768.0,4.6196120963719745
Dell,Workstation,15.6,8,Windows 10,1.172482137234565,11.572966763745677,0,0,1,Intel,Nvidia,HDD,3.0,1920.0,1080.0,4.9573188885088015
MSI,Gaming,15.6,8,Windows 10,1.1631508098056809,10.910696783979338,0,0,1,Intel,Nvidia,SSD,2.5,1920.0,1080.0,4.9573188885088015
Microsoft,Ultrabook,13.5,16,Windows 10 S,0.8109302162163288,11.834595255385269,1,0,0,Intel,Intel,SSD,2.5,2256.0,1504.0,5.307487987253548
HP,Notebook,15.6,8,Windows 10,1.068153081183401,10.354019074857808,0,0,0,Intel,Intel,SSD,2.5,1366.0,768.0,4.6196120963719745
Dell,Workstation,15.6,16,Windows 10,1.1537315878891892,11.563894206696261,0,1,1,Intel,Nvidia,SSD,2.7,1920.0,1080.0,4.9573188885088015
HP,Workstation,15.6,8,Windows 10,1.1969481893889715,11.311207243266212,0,1,1,Intel,Intel,SSD,2.9,1920.0,1080.0,4.9573188885088015
Lenovo,Notebook,14.0,8,Windows 10,0.9745596399981308,11.17972427264563,0,0,1,Intel,Intel,SSD,2.5,1920.0,1080.0,5.064811007262561
Dell,Notebook,15.6,8,Windows 10,1.2119409739751128,10.862111839946362,0,0,1,Intel,AMD,Hybrid,1.8,1920.0,1080.0,4.9573188885088015
Dell,2 in 1 Convertible,11.6,4,Windows 10,0.9042181506398859,10.147300806108744,1,0,0,Intel,Intel,HDD,1.6,1366.0,768.0,4.913347375266901
Dell,Notebook,17.3,8,Windows 10,1.6900958154515549,11.5992121460979,0,1,1,Intel,Nvidia,HDD,2.7,1920.0,1080.0,4.854649288865456
Microsoft,Ultrabook,13.5,4,Windows 10 S,0.8118187102774439,10.87227433519628,1,0,0,Intel,Intel,SSD,2.2,2256.0,1504.0,5.307487987253548
Microsoft,Ultrabook,13.5,8,Windows 10 S,0.8109302162163288,11.470557693018055,1,0,0,Intel,Intel,SSD,2.5,2256.0,1504.0,5.307487987253548
HP,Notebook,17.3,8,Windows 10,1.252762968495368,10.436902270731546,0,0,0,Intel,Intel,SSD,2.0,1600.0,900.0,4.673884932133573
Acer,Notebook,15.6,4,Windows 10,1.172482137234565,10.274544773906094,0,0,1,Intel,Nvidia,HDD,2.0,1920.0,1080.0,4.9573188885088015
Acer,Netbook,11.6,4,Windows 10,0.8754687373538999,10.0509502029849,0,0,0,Intel,Intel,SSD,1.6,1366.0,768.0,4.913347375266901
Asus,Notebook,15.6,8,Windows 10,1.2149127443642704,10.594325067871669,0,0,1,Intel,Intel,HDD,2.5,1920.0,1080.0,4.9573188885088015
Lenovo,Notebook,14.0,8,No OS,0.9162907318741551,10.65894546204638,0,1,1,Intel,AMD,SSD,2.7,1920.0,1080.0,5.064811007262561
Lenovo,Notebook,15.6,8,Windows 10,1.3001916620664788,11.620489351422806,0,0,1,Intel,Nvidia,SSD,2.9,1920.0,1080.0,4.9573188885088015
Asus,Notebook,15.6,4,Windows 10,1.0986122886681098,9.692650465103508,0,0,0,Intel,Intel,HDD,1.1,1366.0,768.0,4.6196120963719745
Acer,Notebook,15.6,4,Windows 10,1.1631508098056809,10.126203812574422,0,0,0,Intel,Nvidia,HDD,2.0,1366.0,768.0,4.6196120963719745
Dell,Notebook,15.6,8,Windows 10,1.1052568313867783,10.607587531607622,0,0,1,Intel,AMD,HDD,1.6,1920.0,1080.0,4.9573188885088015
HP,Gaming,17.3,12,Windows 10,1.5644405465033646,11.413367194793471,0,1,1,Intel,Nvidia,HDD,2.8,1920.0,1080.0,4.854649288865456
Lenovo,Ultrabook,14.0,12,Windows 10,0.8754687373538999,11.502827047152728,0,1,1,Intel,Intel,SSD,2.6,2560.0,1440.0,5.350913056059403
HP,2 in 1 Convertible,13.3,8,Windows 10,0.8285518175661483,11.57597274976738,1,1,1,Intel,Intel,SSD,1.8,3840.0,2160.0,5.805930544237805
HP,Notebook,15.6,8,Windows 10,1.0647107369924282,11.02656673726564,0,0,1,Intel,AMD,HDD,2.5,1920.0,1080.0,4.9573188885088015
Google,Ultrabook,12.3,8,Chrome OS,0.7419373447293773,11.126277204319269,1,0,0,Intel,Intel,SSD,1.2,2400.0,1600.0,5.461742335596244
Dell,Ultrabook,13.3,8,Windows 10,0.883767540168595,11.494096996627102,1,0,1,Intel,Intel,SSD,1.6,1920.0,1080.0,5.115788496573994
Asus,Notebook,15.6,12,Windows 10,1.1184149159642893,11.14492549142712,0,1,1,Intel,Intel,Hybrid,2.6,3840.0,2160.0,5.646943996094081
Dell,Notebook,14.0,8,Windows 10,1.0260415958332743,10.582236575309748,0,0,0,Intel,Intel,SSD,2.3,1366.0,768.0,4.726814234417343
Dell,Workstation,15.6,8,Windows 10,1.0224509277025458,11.76212062696966,0,0,1,Intel,Nvidia,SSD,2.8,1920.0,1080.0,4.9573188885088015
Lenovo,Notebook,14.0,8,Windows 10,0.9932517730102833,11.193751624635278,0,0,1,Intel,Intel,SSD,2.5,1920.0,1080.0,5.064811007262561
Dell,Notebook,15.6,8,Windows 10,1.1631508098056809,10.490301522301456,0,0,1,Intel,AMD,HDD,1.6,1920.0,1080.0,4.9573188885088015
Toshiba,Notebook,13.3,8,Windows 10,0.7178397931503169,11.397348045153949,0,1,1,Intel,Intel,SSD,2.5,1920.0,1080.0,5.115788496573994
Dell,Notebook,15.6,8,Windows 10,1.1505720275988207,11.116028941464197,0,1,1,Intel,Nvidia,SSD,1.8,1920.0,1080.0,4.9573188885088015
Dell,Notebook,15.6,4,Windows 10,1.1568811967920856,10.349936178119012,0,0,0,Intel,Intel,HDD,2.4,1366.0,768.0,4.6196120963719745
HP,Notebook,13.3,4,Windows 10,0.9122827104766162,10.563136893021344,0,1,1,Intel,Intel,SSD,1.6,1920.0,1080.0,5.115788496573994
Chuwi,Notebook,15.6,4,Windows 10,1.0612565021243408,9.492687639628008,0,0,1,Intel,Intel,Flash Storage,1.44,1920.0,1080.0,4.9573188885088015
Lenovo,Notebook,15.6,4,Windows 10,1.1939224684724346,10.312419975886602,0,0,0,Intel,Intel,SSD,2.0,1366.0,768.0,4.6196120963719745
Lenovo,Notebook,14.0,8,Windows 10,1.0116009116784799,10.9311715265263,0,1,1,Intel,Intel,SSD,1.6,1920.0,1080.0,5.064811007262561
Dell,Workstation,15.6,16,Windows 10,1.1537315878891892,11.732620195934564,0,1,1,Intel,Nvidia,SSD,2.7,1920.0,1080.0,4.9573188885088015
Dell,Notebook,15.6,16,Windows 10,1.1184149159642893,11.524653620496773,0,0,1,Intel,Nvidia,SSD,2.8,1920.0,1080.0,4.9573188885088015
Lenovo,Ultrabook,12.5,16,Windows 10,0.8586616190375187,11.470001679901523,0,1,1,Intel,Intel,SSD,2.7,1920.0,1080.0,5.177462845242346
Asus,Ultrabook,12.5,16,Windows 10,0.6471032420585385,11.551155302753232,0,0,1,Intel,Intel,SSD,2.7,1920.0,1080.0,5.177462845242346
Lenovo,Notebook,15.6,8,Windows 10,1.1939224684724346,10.895253540833279,0,1,1,Intel,Nvidia,SSD,2.5,1920.0,1080.0,4.9573188885088015
Toshiba,Ultrabook,13.3,32,Windows 10,0.7178397931503169,11.91258522125164,1,0,1,Intel,Intel,SSD,2.7,1920.0,1080.0,5.115788496573994
Asus,Gaming,15.6,8,Windows 10,1.095273387402595,11.183434800359647,0,0,1,Intel,Nvidia,Hybrid,2.8,1920.0,1080.0,4.9573188885088015
Acer,Notebook,15.6,8,Windows 10,1.1631508098056809,10.336895919115271,0,0,0,AMD,AMD,HDD,2.5,1366.0,768.0,4.6196120963719745
Asus,Gaming,17.3,24,Windows 10,1.673351238177753,11.121560284041063,1,1,1,Intel,Nvidia,Hybrid,2.6,1920.0,1080.0,4.854649288865456
Lenovo,Ultrabook,12.5,8,Windows 10,0.832909122935104,10.977734058532482,0,1,0,Intel,Intel,SSD,2.3,1366.0,768.0,4.839193758526338
Lenovo,Notebook,15.6,8,Windows 10,1.1537315878891892,10.776753699300672,0,0,1,Intel,Intel,SSD,1.8,1920.0,1080.0,4.9573188885088015
HP,Notebook,14.0,8,Windows 10,0.9082585601768908,11.442371232335963,0,0,1,Intel,Intel,SSD,2.8,1920.0,1080.0,5.064811007262561
Lenovo,Notebook,13.3,8,Windows 10,0.8754687373538999,10.830989602063529,0,1,1,Intel,Intel,SSD,2.4,1920.0,1080.0,5.115788496573994
Lenovo,Notebook,15.6,8,Windows 10,1.1939224684724346,10.790124525660513,0,1,1,Intel,Intel,SSD,2.5,1920.0,1080.0,4.9573188885088015
Asus,Netbook,11.6,4,Windows 10 S,0.7884573603642702,9.804561844579837,0,0,0,Intel,Intel,Flash Storage,1.1,1366.0,768.0,4.913347375266901
HP,Notebook,15.6,8,Windows 10,1.068153081183401,10.403680464840251,0,0,0,Intel,AMD,SSD,2.5,1366.0,768.0,4.6196120963719745
Lenovo,2 in 1 Convertible,13.9,8,Windows 10,0.8754687373538999,11.352706476813816,1,1,1,Intel,Intel,SSD,1.6,1920.0,1080.0,5.071934387835933
Lenovo,Notebook,14.0,4,Windows 10,1.1314021114911006,9.676067369454655,0,0,0,Intel,Intel,HDD,1.1,1366.0,768.0,4.726814234417343
Lenovo,Netbook,11.6,4,Chrome OS,0.8109302162163288,9.55536167525287,0,0,0,Intel,Intel,SSD,1.6,1366.0,768.0,4.913347375266901
Lenovo,Notebook,13.3,8,Windows 10,0.8919980393051105,10.830989602063529,0,0,1,Intel,Intel,SSD,2.5,1920.0,1080.0,5.115788496573994
Asus,Notebook,15.6,8,Windows 10,1.0986122886681098,11.085455823148253,0,0,1,Intel,Intel,Hybrid,2.7,1920.0,1080.0,4.9573188885088015
Acer,Notebook,15.6,4,Windows 10,1.1631508098056809,10.393956579593214,0,1,1,Intel,Nvidia,HDD,1.6,1920.0,1080.0,4.9573188885088015
HP,Ultrabook,13.3,8,Windows 10,0.8501509293696101,11.163232376768585,0,1,1,Intel,Intel,SSD,2.7,1920.0,1080.0,5.115788496573994
Lenovo,Gaming,15.6,8,No OS,1.2237754316221157,11.022224638820209,0,1,1,Intel,Nvidia,Hybrid,2.8,1920.0,1080.0,4.9573188885088015
Dell,Ultrabook,13.3,8,Windows 10,0.8285518175661483,10.776864937870439,1,1,1,Intel,Intel,SSD,2.5,1920.0,1080.0,5.115788496573994
Acer,Notebook,15.6,4,Windows 10,1.1631508098056809,10.435494852273417,0,0,1,Intel,Nvidia,HDD,2.7,1920.0,1080.0,4.9573188885088015
Dell,Notebook,15.6,8,Windows 10,1.1568811967920856,10.704212089745168,0,0,1,Intel,Intel,HDD,2.5,1920.0,1080.0,4.9573188885088015
Dell,Notebook,15.6,16,Windows 10,1.1631508098056809,11.08155941273309,0,0,1,Intel,AMD,Hybrid,1.8,1920.0,1080.0,4.9573188885088015
Xiaomi,Notebook,15.6,16,No OS,1.0818051703517284,11.219766233564348,0,1,1,Intel,Nvidia,SSD,1.8,1920.0,1080.0,4.9573188885088015
Asus,Netbook,11.6,2,Windows 10,0.7419373447293773,9.476895841062142,0,0,0,Intel,Intel,Flash Storage,1.1,1366.0,768.0,4.913347375266901
HP,Notebook,15.6,4,Windows 10,1.1118575154181303,10.232248764043675,1,0,0,Intel,Intel,HDD,1.6,1366.0,768.0,4.6196120963719745
Asus,Gaming,15.6,24,Windows 10,1.1755733298042381,11.971210954208564,0,0,1,Intel,Nvidia,SSD,2.8,1920.0,1080.0,4.9573188885088015
HP,Notebook,15.6,8,Windows 10,1.1118575154181303,10.765679373749014,0,0,1,Intel,Nvidia,SSD,2.5,1920.0,1080.0,4.9573188885088015
Asus,Gaming,17.3,16,Windows 10,1.3862943611198906,11.291457009898608,0,0,1,Intel,Nvidia,Hybrid,2.8,1920.0,1080.0,4.854649288865456
Lenovo,Gaming,15.6,8,Windows 10,1.4350845252893227,11.219087416653776,0,1,1,Intel,Nvidia,Hybrid,2.8,1920.0,1080.0,4.9573188885088015
HP,Ultrabook,13.3,8,Windows 10,0.8415671856782186,11.219087416653776,0,1,1,Intel,Intel,SSD,2.7,1920.0,1080.0,5.115788496573994
Dell,Notebook,14.0,8,Windows 10,0.9707789171582247,11.129980089482057,0,0,1,Intel,Intel,SSD,2.6,1920.0,1080.0,5.064811007262561
HP,Notebook,15.6,4,Windows 10,0.9669838461896731,10.510829537468052,0,0,0,Intel,Intel,SSD,2.0,1366.0,768.0,4.6196120963719745
Dell,Notebook,17.3,8,Linux,1.33500106673234,10.765679373749014,0,1,1,Intel,AMD,Hybrid,1.6,1920.0,1080.0,4.854649288865456
Lenovo,Notebook,14.0,8,Windows 7,1.1052568313867783,11.175999925622857,0,0,1,Intel,Intel,SSD,2.3,1920.0,1080.0,5.064811007262561
Lenovo,Notebook,15.6,4,Windows 10,1.1631508098056809,10.65894546204638,0,0,1,Intel,Nvidia,HDD,2.7,1920.0,1080.0,4.9573188885088015
Lenovo,Notebook,15.6,8,No OS,1.1631508098056809,10.104652126020449,0,0,0,Intel,Nvidia,HDD,2.0,1366.0,768.0,4.6196120963719745
Dell,Notebook,15.6,4,Windows 10,1.1939224684724346,10.347204956314746,0,0,1,Intel,AMD,HDD,2.5,1920.0,1080.0,4.9573188885088015
Dell,Notebook,15.6,8,Windows 10,1.0647107369924282,11.20323715505582,0,0,1,Intel,Intel,SSD,2.8,1920.0,1080.0,4.9573188885088015
Dell,Gaming,17.3,16,Windows 10,1.6900958154515549,11.986182456289773,0,1,1,Intel,Nvidia,Hybrid,2.8,1920.0,1080.0,4.854649288865456
Toshiba,Notebook,15.6,8,Windows 10,1.0986122886681098,10.732515239391274,0,1,1,Intel,Intel,HDD,2.5,1920.0,1080.0,4.9573188885088015
Asus,Notebook,15.6,8,Windows 10,1.0986122886681098,11.14492549142712,0,1,1,Intel,Nvidia,Hybrid,2.7,3840.0,2160.0,5.646943996094081
Mediacom,Notebook,13.3,4,Windows 10,0.7884573603642702,9.88640853285114,0,1,1,Intel,Intel,SSD,1.1,1920.0,1080.0,5.115788496573994
Asus,Gaming,15.6,8,Windows 10,1.1939224684724346,11.38349673063646,0,1,1,Intel,Nvidia,Hybrid,2.5,1920.0,1080.0,4.9573188885088015
Dell,Notebook,15.6,8,Windows 10,1.0750024230289759,11.197410561265002,0,0,1,Intel,Nvidia,SSD,2.8,1920.0,1080.0,4.9573188885088015
Dell,Notebook,15.6,8,Windows 10,1.1631508098056809,10.656953538743746,0,0,1,Intel,AMD,SSD,1.6,1920.0,1080.0,4.9573188885088015
HP,Notebook,15.6,4,Windows 10,1.0508216248317612,9.964544419744591,0,0,1,Intel,Intel,SSD,1.6,1920.0,1080.0,4.9573188885088015
HP,Gaming,17.3,12,Windows 10,1.2864740258376797,11.470557693018055,0,0,1,Intel,Nvidia,HDD,2.8,1920.0,1080.0,4.854649288865456
Lenovo,Notebook,14.0,8,Windows 10,1.0543120297715298,10.731351797533883,0,1,1,Intel,Nvidia,SSD,2.7,1920.0,1080.0,5.064811007262561
Dell,Ultrabook,13.3,8,Windows 10,0.7884573603642702,11.219087416653776,1,0,1,Intel,Intel,SSD,1.8,3200.0,1800.0,5.624210736923218
Dell,Notebook,14.0,4,Windows 10,0.9555114450274363,10.576640004149553,0,0,1,Intel,Intel,SSD,2.0,1920.0,1080.0,5.064811007262561
HP,Ultrabook,13.3,8,Windows 10,0.8501509293696101,11.018737334023916,0,1,1,Intel,Intel,SSD,2.7,3200.0,1800.0,5.624210736923218
Acer,Gaming,15.6,8,Linux,1.2237754316221157,10.65769314316572,0,0,1,Intel,Nvidia,HDD,2.5,1920.0,1080.0,4.9573188885088015
Asus,Notebook,15.6,4,Windows 10,1.0986122886681098,9.830686725695612,0,0,0,AMD,AMD,HDD,1.8,1366.0,768.0,4.6196120963719745
HP,Notebook,15.6,4,Windows 10,1.1314021114911006,10.534494400670454,0,0,1,Intel,Intel,SSD,2.4,1920.0,1080.0,4.9573188885088015
Lenovo,Notebook,14.0,4,Windows 10,1.0543120297715298,10.641268652988298,0,0,1,Intel,Intel,HDD,2.5,1920.0,1080.0,5.064811007262561
Lenovo,Notebook,15.6,4,No OS,1.1474024528375417,10.111923799719232,0,0,1,Intel,Intel,HDD,2.3,1920.0,1080.0,4.9573188885088015
HP,Notebook,15.6,4,Windows 10,1.0508216248317612,9.959544582297465,0,0,1,Intel,Intel,HDD,2.0,1920.0,1080.0,4.9573188885088015
Lenovo,Notebook,15.6,8,Windows 10,1.095273387402595,11.430870367130519,0,1,1,Intel,Intel,SSD,2.7,1920.0,1080.0,4.9573188885088015
Lenovo,Notebook,15.6,4,Windows 10,1.1631508098056809,10.188204734039374,0,0,1,Intel,Intel,SSD,2.0,1920.0,1080.0,4.9573188885088015
Dell,Notebook,15.6,8,Windows 10,1.0647107369924282,10.9939706755559,0,0,1,Intel,Intel,SSD,2.5,1920.0,1080.0,4.9573188885088015
Dell,Gaming,17.3,16,Windows 10,1.6900958154515549,11.876204593197345,0,1,1,Intel,Nvidia,Hybrid,2.8,1920.0,1080.0,4.854649288865456
HP,Notebook,17.3,8,Windows 10,1.2947271675944,10.274820461681916,0,0,0,Intel,Intel,HDD,2.0,1600.0,900.0,4.673884932133573
HP,Notebook,17.3,8,Windows 10,1.2892326482767593,11.130191046138895,0,0,1,Intel,Nvidia,HDD,2.7,1920.0,1080.0,4.854649288865456
Asus,Notebook,15.6,4,Linux,1.0986122886681098,9.387290863723349,0,0,0,Intel,Intel,HDD,1.1,1366.0,768.0,4.6196120963719745
Mediacom,Notebook,13.3,4,Windows 10,0.8544153281560676,9.51689817169677,0,1,1,Intel,Intel,Flash Storage,1.44,1920.0,1080.0,5.115788496573994
Lenovo,Notebook,17.3,6,Windows 10,1.33500106673234,10.830989602063529,0,0,0,Intel,Nvidia,Hybrid,2.7,1600.0,900.0,4.673884932133573
HP,Notebook,15.6,6,Windows 10,1.068153081183401,10.319298688776522,0,1,1,AMD,AMD,SSD,2.5,1920.0,1080.0,4.9573188885088015
Dell,Notebook,15.6,4,Windows 10,1.1568811967920856,10.401918032928819,0,0,0,Intel,AMD,HDD,2.0,1366.0,768.0,4.6196120963719745
Acer,2 in 1 Convertible,11.6,4,Windows 10,0.8109302162163288,9.830686725695612,1,1,1,Intel,Intel,Flash Storage,2.0,1920.0,1080.0,5.251780063034041
Lenovo,Notebook,15.6,4,Windows 10,1.1151415906193203,10.421310636870407,0,0,1,Intel,Intel,SSD,2.7,1920.0,1080.0,4.9573188885088015
HP,Ultrabook,13.3,16,Windows 10,0.7701082216960736,11.558818102026148,1,1,1,Intel,Intel,SSD,1.2,3200.0,1800.0,5.624210736923218
Lenovo,Notebook,17.3,8,Windows 10,1.4816045409242156,11.98160146330393,0,1,1,Intel,Nvidia,SSD,2.8,1920.0,1080.0,4.854649288865456
Asus,Notebook,15.6,8,Windows 10,1.252762968495368,10.707794102852903,0,0,1,Intel,Nvidia,Hybrid,2.5,1920.0,1080.0,4.9573188885088015
Dell,Ultrabook,13.3,8,Windows 10,0.7929925155296614,11.352706476813816,1,1,1,Intel,Intel,SSD,1.6,3840.0,2160.0,5.805930544237805
Dell,Notebook,15.6,4,Windows 10,1.0750024230289759,10.841471672111513,0,0,0,Intel,Intel,HDD,2.6,1366.0,768.0,4.6196120963719745
Fujitsu,Notebook,15.6,8,Windows 10,1.1631508098056809,10.580884344379838,0,0,0,Intel,Intel,HDD,2.5,1366.0,768.0,4.6196120963719745
Lenovo,Notebook,15.6,4,Windows 10,1.1631508098056809,9.816257242491497,0,0,1,Intel,Intel,HDD,1.1,1920.0,1080.0,4.9573188885088015
Lenovo,Notebook,14.0,4,Windows 10,1.1052568313867783,10.873284927533353,0,0,0,Intel,Intel,HDD,2.5,1366.0,768.0,4.726814234417343
HP,Workstation,17.3,8,Windows 10,1.420695787837223,11.504434994721837,0,0,0,Intel,Nvidia,HDD,2.8,1600.0,900.0,4.673884932133573
HP,Notebook,14.0,8,Windows 10,1.0784095813505903,9.939188617449547,0,0,0,Intel,Intel,HDD,1.6,1366.0,768.0,4.726814234417343
HP,Notebook,15.6,6,Windows 10,1.0818051703517284,10.451022662038508,0,1,1,AMD,AMD,SSD,3.0,1920.0,1080.0,4.9573188885088015
Lenovo,Notebook,15.6,8,Windows 10,1.1939224684724346,10.697009339741529,0,0,1,Intel,Intel,SSD,2.5,1920.0,1080.0,4.9573188885088015
Lenovo,Notebook,15.6,4,Windows 10,1.1151415906193203,10.505007263781431,0,0,1,Intel,Intel,HDD,1.6,1920.0,1080.0,4.9573188885088015
Mediacom,Notebook,14.0,4,Windows 10,0.8754687373538999,9.49308929643757,0,0,1,Intel,Intel,SSD,1.44,1920.0,1080.0,5.064811007262561
Toshiba,Ultrabook,14.0,16,Windows 10,0.8064758658669485,11.506587421942397,1,0,1,Intel,Intel,SSD,2.7,1920.0,1080.0,5.064811007262561
Lenovo,Gaming,17.3,32,Windows 10,1.7227665977411035,11.862776660000488,0,1,1,Intel,Nvidia,Hybrid,2.7,1920.0,1080.0,4.854649288865456
MSI,Gaming,17.3,16,Windows 10,1.6370530794670737,11.887258424442937,0,0,1,Intel,Nvidia,Hybrid,2.9,1920.0,1080.0,4.854649288865456
Dell,Notebook,15.6,8,Linux,1.1631508098056809,10.594338418582844,0,0,1,Intel,AMD,SSD,2.7,1920.0,1080.0,4.9573188885088015
Mediacom,Notebook,14.0,4,Windows 10,0.8960880245566356,9.939188617449547,0,1,1,Intel,Intel,SSD,1.1,1920.0,1080.0,5.064811007262561
Dell,Notebook,15.6,8,Windows 10,1.0647107369924282,10.891818824899195,0,0,0,Intel,Intel,HDD,2.6,1366.0,768.0,4.6196120963719745
HP,Notebook,13.3,4,Windows 10,0.9122827104766162,10.55344848760242,0,0,1,Intel,Intel,SSD,2.4,1920.0,1080.0,5.115788496573994
Dell,Notebook,15.6,16,Windows 10,1.0750024230289759,11.313414686766107,0,0,1,Intel,Nvidia,SSD,2.8,1920.0,1080.0,4.9573188885088015
Dell,Netbook,11.6,4,Chrome OS,0.8153648132841945,9.662600003493079,0,0,0,Intel,Intel,Flash Storage,1.6,1366.0,768.0,4.913347375266901
MSI,Gaming,17.3,16,Windows 10,1.7047480922384253,11.737314000969286,0,0,1,Intel,Nvidia,Hybrid,2.7,1920.0,1080.0,4.854649288865456
HP,Gaming,17.3,16,Windows 10,1.5644405465033646,11.287459719448945,0,1,1,Intel,Nvidia,Hybrid,2.8,1920.0,1080.0,4.854649288865456
Lenovo,Ultrabook,14.0,12,Windows 10,0.8754687373538999,11.397945945786494,0,1,1,Intel,Intel,SSD,2.6,1920.0,1080.0,5.064811007262561
Lenovo,Notebook,15.6,12,Windows 10,1.1631508098056809,10.387410112463472,1,0,0,Intel,Intel,HDD,1.8,1366.0,768.0,4.6196120963719745
Asus,Gaming,17.3,8,Windows 10,1.3164082336557241,11.454306455567952,0,1,1,Intel,Nvidia,Hybrid,2.5,1920.0,1080.0,4.854649288865456
Asus,2 in 1 Convertible,15.6,8,Windows 10,1.1631508098056809,10.580884344379838,1,0,0,Intel,Intel,HDD,2.5,1366.0,768.0,4.6196120963719745
Lenovo,Notebook,15.6,12,Windows 10,1.1631508098056809,10.830989602063529,0,0,1,AMD,AMD,SSD,3.6,1920.0,1080.0,4.9573188885088015
Dell,2 in 1 Convertible,11.6,4,Windows 10,0.8712933659434192,10.377509348127942,1,0,0,Intel,Intel,SSD,1.0,1366.0,768.0,4.913347375266901
Samsung,Notebook,15.6,16,Windows 10,1.252762968495368,11.413367194793471,0,0,1,Intel,Nvidia,Hybrid,2.8,1920.0,1080.0,4.9573188885088015
Lenovo,Notebook,17.3,4,No OS,1.33500106673234,10.246584937175161,0,0,1,Intel,Intel,HDD,2.0,1920.0,1080.0,4.854649288865456
Lenovo,Notebook,15.6,8,Windows 10,1.1908875647772805,10.104652126020449,0,0,0,Intel,Intel,HDD,2.3,1366.0,768.0,4.6196120963719745
Lenovo,2 in 1 Convertible,13.3,8,Windows 10,0.8628899551470398,11.588895274257608,1,1,1,Intel,Intel,SSD,2.7,1920.0,1080.0,5.115788496573994
Lenovo,Notebook,14.0,8,Windows 10,0.9932517730102833,11.271308832122036,0,1,1,Intel,Intel,SSD,2.5,1920.0,1080.0,5.064811007262561
Dell,2 in 1 Convertible,12.5,8,Windows 10,0.8501509293696101,11.396151170363474,1,0,1,Intel,Intel,SSD,2.5,1920.0,1080.0,5.177462845242346
Dell,Workstation,15.6,8,Windows 10,1.1184149159642893,11.450343854500035,1,0,1,Intel,Nvidia,SSD,2.8,1920.0,1080.0,4.9573188885088015
HP,Notebook,15.6,8,Windows 10,1.0438040521731147,11.081362552451946,0,0,1,Intel,Intel,SSD,2.7,1920.0,1080.0,4.9573188885088015
HP,Notebook,15.6,4,Windows 10,1.1314021114911006,10.480595580990489,0,0,0,Intel,Intel,HDD,2.4,1366.0,768.0,4.6196120963719745
Acer,Notebook,14.0,4,Windows 10,0.9555114450274363,9.771675823299722,0,0,1,Intel,Intel,Flash Storage,1.1,1920.0,1080.0,5.064811007262561
MSI,Gaming,17.3,16,Windows 10,1.6370530794670737,11.671327551888611,0,0,1,Intel,Nvidia,Hybrid,2.7,1920.0,1080.0,4.854649288865456
Dell,Notebook,15.6,4,Linux,1.1568811967920856,10.117638793948517,0,0,0,Intel,AMD,HDD,2.0,1366.0,768.0,4.6196120963719745
MSI,Gaming,15.6,16,Windows 10,1.0296194171811583,11.715798714845754,0,0,1,Intel,Nvidia,Hybrid,2.8,3840.0,2160.0,5.646943996094081
Toshiba,Notebook,15.6,8,Windows 10,1.1631508098056809,11.219087416653776,0,1,1,Intel,Intel,SSD,2.5,1920.0,1080.0,4.9573188885088015
Lenovo,Notebook,15.6,6,Windows 10,1.2237754316221157,10.310648555135304,0,0,1,Intel,Intel,HDD,2.5,1920.0,1080.0,4.9573188885088015
Lenovo,2 in 1 Convertible,15.6,8,Windows 10,1.0986122886681098,11.14492549142712,1,1,1,Intel,Intel,SSD,2.8,1920.0,1080.0,4.9573188885088015
Acer,Notebook,14.0,4,Windows 10,0.9555114450274363,9.830686725695612,0,0,0,Intel,Intel,Flash Storage,1.6,1366.0,768.0,4.726814234417343
Lenovo,Notebook,15.6,32,Windows 10,1.252762968495368,12.052925243819075,0,1,1,Intel,Nvidia,SSD,3.1,3840.0,2160.0,5.646943996094081
Dell,Gaming,15.6,16,Windows 10,1.2781522025001875,10.754378652356438,0,0,1,Intel,Nvidia,HDD,2.6,1920.0,1080.0,4.9573188885088015
Dell,Notebook,15.6,4,Linux,1.1568811967920856,10.071202618702882,0,0,0,Intel,Intel,HDD,2.0,1366.0,768.0,4.6196120963719745
Dell,Notebook,15.6,4,Linux,1.1786549963416462,9.858935694046775,0,0,0,Intel,Intel,HDD,2.0,1366.0,768.0,4.6196120963719745
Dell,Notebook,15.6,4,Linux,1.0750024230289759,10.742925749387153,0,0,0,Intel,Intel,HDD,2.6,1366.0,768.0,4.6196120963719745
Asus,Gaming,17.3,8,Windows 10,1.3862943611198906,11.038625258642542,0,0,1,Intel,Nvidia,Hybrid,2.8,1920.0,1080.0,4.854649288865456
Dell,Notebook,15.6,4,Linux,1.1568811967920856,10.319474445348318,0,0,1,Intel,AMD,SSD,2.5,1920.0,1080.0,4.9573188885088015
HP,Ultrabook,15.6,8,Windows 10,1.0438040521731147,11.211913881327705,0,0,1,Intel,Intel,SSD,2.7,1920.0,1080.0,4.9573188885088015
MSI,Gaming,15.6,16,Windows 10,1.3711807233098425,11.702161236727294,0,0,1,Intel,Nvidia,Hybrid,2.8,1920.0,1080.0,4.9573188885088015
Acer,2 in 1 Convertible,11.6,4,Chrome OS,0.8109302162163288,9.913146751905726,1,1,0,Intel,Intel,Flash Storage,1.6,1366.0,768.0,4.913347375266901
HP,Notebook,14.0,8,Windows 10,1.1969481893889715,11.000226754739211,0,0,0,Intel,Intel,SSD,2.6,1366.0,768.0,4.726814234417343
Lenovo,Notebook,14.0,8,Windows 7,0.9745596399981308,11.265184359047494,0,0,1,Intel,Intel,SSD,2.3,1920.0,1080.0,5.064811007262561
Dell,Notebook,15.6,4,Windows 10,1.1631508098056809,10.629737732680555,0,0,1,Intel,AMD,HDD,1.6,1920.0,1080.0,4.9573188885088015
Fujitsu,Notebook,15.6,8,Windows 10,1.1631508098056809,10.65894546204638,0,0,0,Intel,Intel,SSD,2.5,1366.0,768.0,4.6196120963719745
HP,Notebook,15.6,4,Windows 7,1.0577902941478545,10.81291397887887,0,0,0,Intel,Intel,HDD,2.3,1366.0,768.0,4.6196120963719745
Lenovo,Notebook,15.6,8,Windows 10,1.1631508098056809,10.776864937870439,0,0,1,Intel,Nvidia,HDD,2.7,1920.0,1080.0,4.9573188885088015
Mediacom,Notebook,14.0,2,Windows 10,0.8754687373538999,9.452103105493551,0,0,1,Intel,Intel,Flash Storage,1.44,1920.0,1080.0,5.064811007262561
Lenovo,Notebook,15.6,4,No OS,1.1631508098056809,10.124069425552399,0,0,1,Intel,Intel,SSD,2.5,1920.0,1080.0,4.9573188885088015
Asus,2 in 1 Convertible,13.3,6,Windows 10,0.9162907318741551,10.435510501143598,1,0,1,Intel,Intel,HDD,2.5,1920.0,1080.0,5.115788496573994
Dell,Notebook,15.6,8,Windows 10,1.0986122886681098,11.482163118760115,0,0,1,Intel,Nvidia,SSD,2.8,1920.0,1080.0,4.9573188885088015
Asus,Ultrabook,14.0,16,Windows 10,0.7419373447293773,11.525180069637228,0,0,1,Intel,Intel,SSD,2.7,1920.0,1080.0,5.064811007262561
Dell,Gaming,15.6,16,Windows 10,1.2864740258376797,11.274695179037376,0,0,1,Intel,Nvidia,Hybrid,2.8,1920.0,1080.0,4.9573188885088015
Lenovo,Notebook,15.6,4,Windows 10,1.0296194171811583,10.695803821362974,0,0,1,Intel,Intel,SSD,1.6,1920.0,1080.0,4.9573188885088015
Lenovo,Notebook,15.6,4,Windows 10,1.1631508098056809,10.336895919115271,0,0,1,Intel,Nvidia,HDD,2.0,1920.0,1080.0,4.9573188885088015
Asus,Notebook,15.6,8,Windows 10,1.0986122886681098,9.964569481536397,0,0,0,Intel,Intel,HDD,1.1,1366.0,768.0,4.6196120963719745
Asus,Notebook,15.6,8,Windows 10,1.095273387402595,10.78530512664034,0,0,1,Intel,Nvidia,HDD,2.5,1920.0,1080.0,4.9573188885088015
Dell,Ultrabook,13.3,8,Windows 10,0.8020015854720274,11.508729875782148,1,0,1,Intel,Intel,SSD,1.6,3200.0,1800.0,5.624210736923218
Lenovo,Notebook,14.0,2,Windows 10,0.883767540168595,9.49308929643757,0,0,0,Intel,Intel,Flash Storage,1.6,1366.0,768.0,4.726814234417343
Lenovo,2 in 1 Convertible,13.3,8,Windows 10,0.8628899551470398,11.447173809349158,1,1,1,Intel,Intel,SSD,2.7,1920.0,1080.0,5.115788496573994
Dell,Notebook,15.6,16,Windows 10,1.1184149159642893,11.75837611262137,1,0,1,Intel,Nvidia,SSD,2.8,3840.0,2160.0,5.646943996094081
Lenovo,Gaming,15.6,8,Windows 10,1.252762968495368,10.986791937486872,0,1,1,Intel,Nvidia,Hybrid,2.8,1920.0,1080.0,4.9573188885088015
HP,Notebook,17.0,8,Windows 10,1.2809338454620642,10.231155141758178,0,0,0,AMD,AMD,HDD,3.0,1600.0,900.0,4.691216181742974
Lenovo,Ultrabook,14.0,16,Windows 10,0.76080582903376,11.77941199046351,0,1,1,Intel,Intel,SSD,2.7,1920.0,1080.0,5.064811007262561
Asus,Gaming,15.6,8,No OS,1.252762968495368,11.039481042980592,0,1,1,Intel,Nvidia,HDD,2.8,1920.0,1080.0,4.9573188885088015
Acer,Notebook,15.6,4,Windows 10,1.2237754316221157,10.08485031650177,0,0,0,Intel,Intel,HDD,2.0,1366.0,768.0,4.6196120963719745
Lenovo,Notebook,14.0,4,Windows 10,0.8878912573524571,9.588757629430335,0,0,0,Intel,Intel,Flash Storage,1.6,1366.0,768.0,4.726814234417343
Acer,Ultrabook,14.0,8,Windows 10,1.0296194171811583,10.798867571413842,0,1,1,Intel,Intel,SSD,2.5,1920.0,1080.0,5.064811007262561
Razer,Gaming,14.0,16,Windows 10,1.0818051703517284,11.838450282382281,0,0,1,Intel,Nvidia,SSD,2.8,1920.0,1080.0,5.064811007262561
Toshiba,Notebook,13.3,8,Windows 10,0.7884573603642702,11.076428408072776,0,0,1,Intel,Intel,SSD,2.3,1920.0,1080.0,5.115788496573994
Lenovo,Ultrabook,12.5,8,Windows 10,0.8586616190375187,11.343281447506488,0,1,1,Intel,Intel,SSD,2.7,1920.0,1080.0,5.177462845242346
Asus,Gaming,17.3,32,Windows 10,1.5686159179138452,11.91258522125164,0,1,1,Intel,Nvidia,SSD,2.7,1920.0,1080.0,4.854649288865456
Acer,Gaming,15.6,8,Linux,1.2237754316221157,10.539443024584216,0,0,1,Intel,Nvidia,HDD,2.5,1920.0,1080.0,4.9573188885088015
Dell,Ultrabook,13.3,8,Windows 10,0.7884573603642702,11.254823838538709,0,0,1,Intel,Intel,SSD,1.6,1920.0,1080.0,5.115788496573994
MSI,Gaming,15.6,8,Windows 10,1.1631508098056809,11.058796822674717,0,0,1,Intel,Nvidia,Hybrid,2.8,1920.0,1080.0,4.9573188885088015
HP,Notebook,15.6,4,No OS,1.0508216248317612,9.875235803727964,0,0,0,Intel,Intel,HDD,2.0,1366.0,768.0,4.6196120963719745
Toshiba,Notebook,15.6,8,Windows 10,1.0986122886681098,10.945369335798414,0,1,1,Intel,Intel,HDD,2.5,1920.0,1080.0,4.9573188885088015
Dell,Notebook,15.6,8,Windows 10,1.1631508098056809,10.798867571413842,0,0,1,Intel,AMD,SSD,1.8,1920.0,1080.0,4.9573188885088015
Dell,Notebook,15.6,16,Windows 10,1.1631508098056809,11.00996549237106,0,0,1,Intel,AMD,Hybrid,1.8,1920.0,1080.0,4.9573188885088015
Lenovo,Gaming,15.6,8,Windows 10,1.4609379041156565,11.062314653570054,0,1,1,Intel,Nvidia,Hybrid,2.6,1920.0,1080.0,4.9573188885088015
Dell,Gaming,17.3,32,Windows 10,1.6900958154515549,12.02988945197694,0,1,1,Intel,Nvidia,Hybrid,2.8,3840.0,2160.0,5.543892827299865
Dell,Notebook,14.0,8,Windows 10,0.9400072584914712,11.089532407259076,0,0,1,Intel,Intel,SSD,2.4,1920.0,1080.0,5.064811007262561
Lenovo,Notebook,15.6,4,Windows 10,1.1631508098056809,10.01347673934858,0,0,0,Intel,Intel,HDD,1.1,1366.0,768.0,4.6196120963719745
Lenovo,Notebook,15.6,4,Windows 10,1.1631508098056809,10.257862854323571,0,0,1,Intel,Intel,HDD,2.3,1920.0,1080.0,4.9573188885088015
HP,Notebook,15.6,6,Windows 10,1.1118575154181303,10.265311417998271,0,0,0,Intel,AMD,HDD,2.0,1920.0,1080.0,4.9573188885088015
MSI,Gaming,17.3,8,Windows 10,1.308332819650179,11.279934910664343,0,0,1,Intel,Nvidia,Hybrid,2.8,1920.0,1080.0,4.854649288865456
Toshiba,Notebook,15.6,4,Windows 10,1.1314021114911006,10.1861987908373,0,0,0,Intel,Intel,SSD,2.1,1366.0,768.0,4.6196120963719745
Dell,Notebook,15.6,8,Windows 10,1.1184149159642893,10.837292019680758,0,0,1,Intel,Intel,HDD,2.5,1920.0,1080.0,4.9573188885088015
HP,Notebook,15.6,8,Windows 10,1.1314021114911006,10.588970437272568,0,0,1,Intel,AMD,HDD,2.7,1920.0,1080.0,4.9573188885088015
Toshiba,Notebook,15.6,8,Windows 10,1.0986122886681098,11.112854382911248,0,1,1,Intel,Intel,SSD,2.5,1920.0,1080.0,4.9573188885088015
Acer,Notebook,15.6,4,Linux,1.1314021114911006,9.996629929808053,0,0,0,Intel,Intel,SSD,2.0,1366.0,768.0,4.6196120963719745
Microsoft,Ultrabook,13.5,8,Windows 10 S,0.8118187102774439,11.508114390288002,1,0,0,Intel,Intel,SSD,2.8,2256.0,1504.0,5.307487987253548
Lenovo,Notebook,15.6,8,Windows 10,1.0647107369924282,10.682385182116725,0,0,1,Intel,AMD,Hybrid,2.5,1920.0,1080.0,4.9573188885088015
Lenovo,2 in 1 Convertible,13.3,8,Windows 10,0.832909122935104,10.916769232749665,1,1,1,Intel,Intel,SSD,2.5,1920.0,1080.0,5.115788496573994
Lenovo,Notebook,15.6,4,Windows 10,1.1631508098056809,9.830686725695612,0,0,0,AMD,AMD,SSD,2.2,1366.0,768.0,4.6196120963719745
HP,2 in 1 Convertible,14.0,4,Windows 10,0.9669838461896731,10.525238618990686,1,1,1,Intel,Nvidia,SSD,2.4,1920.0,1080.0,5.064811007262561
MSI,Gaming,15.6,16,Windows 10,1.2237754316221157,11.141069005645882,0,0,1,Intel,Nvidia,Hybrid,2.8,1920.0,1080.0,4.9573188885088015
Asus,Ultrabook,14.0,8,Windows 10,0.7419373447293773,11.00996549237106,0,0,1,Intel,Intel,SSD,2.5,1920.0,1080.0,5.064811007262561
HP,2 in 1 Convertible,11.6,8,Chrome OS,0.8754687373538999,10.180156704786587,1,0,0,Intel,Intel,Flash Storage,1.1,1366.0,768.0,4.913347375266901
LG,Ultrabook,15.6,8,Windows 10,0.7371640659767197,11.715798714845754,0,1,1,Intel,Intel,SSD,1.8,1920.0,1080.0,4.9573188885088015
Acer,Gaming,15.6,16,Windows 10,1.252762968495368,11.14492549142712,0,0,1,Intel,Nvidia,SSD,2.5,1920.0,1080.0,4.9573188885088015
MSI,Gaming,15.6,8,Windows 10,1.1631508098056809,10.881232905211656,0,0,1,Intel,Nvidia,SSD,2.5,1920.0,1080.0,4.9573188885088015
Asus,Notebook,15.6,4,Windows 10,1.0508216248317612,10.01347673934858,0,0,0,Intel,Intel,SSD,1.1,1366.0,768.0,4.6196120963719745
Dell,Gaming,15.6,16,Windows 10,1.43746264769429,11.601652935295686,0,0,1,Intel,Nvidia,Hybrid,2.5,1920.0,1080.0,4.9573188885088015
HP,Notebook,17.3,4,Windows 10,1.252762968495368,10.525238618990686,0,1,1,Intel,AMD,SSD,2.0,1920.0,1080.0,4.854649288865456
Lenovo,2 in 1 Convertible,13.3,8,Windows 10,0.7839015438284094,11.288127045116099,1,1,1,Intel,Intel,SSD,1.8,1920.0,1080.0,5.115788496573994
Dell,Gaming,15.6,16,Windows 10,1.501852701754163,11.917841088806224,0,0,1,Intel,Nvidia,Hybrid,2.9,1920.0,1080.0,4.9573188885088015
HP,Notebook,15.6,4,Windows 10,1.0508216248317612,10.393320181279313,0,0,0,Intel,AMD,HDD,2.5,1366.0,768.0,4.6196120963719745
Dell,Notebook,15.6,4,Windows 10,1.1631508098056809,10.277609818883528,0,0,0,Intel,AMD,HDD,2.0,1366.0,768.0,4.6196120963719745
HP,Notebook,17.3,6,Windows 10,1.2947271675944,10.319474445348318,0,1,1,AMD,AMD,HDD,2.4,1920.0,1080.0,4.854649288865456
Lenovo,Notebook,15.6,4,Windows 10,1.1314021114911006,9.737671428556059,0,0,0,Intel,Intel,HDD,1.6,1366.0,768.0,4.6196120963719745
Acer,Notebook,14.0,4,Chrome OS,0.8960880245566356,9.902537101000133,0,0,0,Intel,Intel,Flash Storage,1.6,1366.0,768.0,4.726814234417343
Lenovo,Notebook,14.0,4,Windows 10,0.9932517730102833,10.525238618990686,0,0,1,Intel,Intel,SSD,2.5,1920.0,1080.0,5.064811007262561
HP,Workstation,17.3,8,Windows 10,1.420695787837223,11.529376474020564,0,0,1,Intel,Nvidia,HDD,2.8,1920.0,1080.0,4.854649288865456
Lenovo,2 in 1 Convertible,14.0,8,Windows 10,0.883767540168595,11.834981427528328,1,0,0,Intel,Intel,SSD,2.7,2560.0,1440.0,5.350913056059403
Toshiba,Notebook,13.3,8,Windows 10,0.9162907318741551,10.855964397819733,0,1,1,Intel,Intel,SSD,2.5,1920.0,1080.0,5.115788496573994
Acer,Netbook,11.6,4,Windows 10,0.8754687373538999,9.570342175774599,0,0,0,Intel,Intel,Flash Storage,1.6,1366.0,768.0,4.913347375266901
Lenovo,2 in 1 Convertible,14.0,16,Windows 10,0.8671004876833833,11.442371232335963,1,0,1,Intel,Intel,SSD,2.7,1920.0,1080.0,5.064811007262561
Asus,2 in 1 Convertible,12.5,4,Chrome OS,0.7884573603642702,10.48137314092762,1,0,1,Intel,Intel,Flash Storage,0.9,1920.0,1080.0,5.177462845242346
Toshiba,Ultrabook,13.3,16,Windows 10,0.8586616190375187,11.513001062112693,1,0,1,Intel,Intel,SSD,2.5,1920.0,1080.0,5.115788496573994
HP,Notebook,15.6,4,Windows 10,1.1314021114911006,10.510829537468052,0,1,1,Intel,AMD,HDD,2.7,1920.0,1080.0,4.9573188885088015
Dell,Gaming,15.6,8,Windows 10,1.269760544863939,10.683668026512203,0,0,1,Intel,Nvidia,HDD,2.5,1920.0,1080.0,4.9573188885088015
Lenovo,Notebook,15.6,4,Windows 10,1.1631508098056809,9.964569481536397,0,0,1,AMD,AMD,SSD,2.9,1920.0,1080.0,4.9573188885088015
Lenovo,Notebook,15.6,8,Windows 10,1.1631508098056809,10.037061694246896,0,0,0,AMD,AMD,HDD,3.6,1366.0,768.0,4.6196120963719745
Lenovo,Notebook,15.6,4,Windows 10,1.1314021114911006,10.407646684542572,0,0,1,Intel,Intel,HDD,2.5,1920.0,1080.0,4.9573188885088015
Lenovo,Notebook,15.6,4,No OS,1.0647107369924282,10.08485031650177,0,0,0,Intel,Intel,HDD,2.0,1366.0,768.0,4.6196120963719745
Dell,Notebook,15.6,8,Windows 10,1.1568811967920856,10.653926749121963,0,0,1,Intel,Intel,SSD,2.5,1920.0,1080.0,4.9573188885088015
Acer,2 in 1 Convertible,13.3,8,Windows 10,0.9555114450274363,10.882334592260529,1,1,1,Intel,Intel,SSD,1.6,1920.0,1080.0,5.115788496573994
Lenovo,Workstation,15.6,16,Windows 7,1.1568811967920856,11.50121111915713,0,0,1,Intel,Nvidia,SSD,2.5,1920.0,1080.0,4.9573188885088015
Lenovo,Notebook,14.0,8,Windows 10,1.0296194171811583,11.058125354295145,0,0,1,Intel,Intel,SSD,2.3,1920.0,1080.0,5.064811007262561
HP,Notebook,17.3,6,Windows 10,1.3110318766193438,10.460240182687231,0,1,1,AMD,AMD,HDD,2.5,1920.0,1080.0,4.854649288865456
Lenovo,Gaming,15.6,8,Windows 10,1.252762968495368,11.10567456328145,0,1,1,Intel,Nvidia,Hybrid,2.8,1920.0,1080.0,4.9573188885088015
Dell,Notebook,14.0,8,Linux,0.9707789171582247,10.968593383882295,0,0,1,Intel,Nvidia,SSD,2.8,1920.0,1080.0,5.064811007262561
Dell,Notebook,15.6,8,Linux,1.091923300517313,10.563136893021344,0,0,1,Intel,Intel,HDD,2.5,1920.0,1080.0,4.9573188885088015
Asus,Notebook,14.0,4,Windows 10,0.9162907318741551,9.67271749319976,0,0,1,Intel,Intel,Flash Storage,1.1,1920.0,1080.0,5.064811007262561
Dell,Notebook,15.6,16,Windows 10,1.0750024230289759,11.238665508885735,0,0,1,Intel,Intel,SSD,2.6,1920.0,1080.0,4.9573188885088015
Lenovo,Notebook,14.0,8,Windows 10,1.0543120297715298,10.729102520292825,0,1,1,Intel,Nvidia,SSD,2.5,1920.0,1080.0,5.064811007262561
Dell,Notebook,15.6,8,Windows 10,1.0647107369924282,11.04799884586991,0,0,1,Intel,Intel,SSD,2.6,1920.0,1080.0,4.9573188885088015
Lenovo,Notebook,15.6,4,Windows 10,1.1600209167967532,9.67271749319976,0,0,0,AMD,AMD,HDD,2.0,1366.0,768.0,4.6196120963719745
Mediacom,Notebook,14.0,4,Windows 10,0.8754687373538999,9.55536167525287,0,1,1,Intel,Intel,HDD,1.92,1920.0,1200.0,5.0920640612700145
HP,Notebook,17.3,8,Windows 10,1.2892326482767593,11.065653502526553,0,0,1,Intel,Nvidia,SSD,2.7,1920.0,1080.0,4.854649288865456
Lenovo,Ultrabook,14.0,8,Windows 10,0.7747271675523681,11.406065817286411,0,1,1,Intel,Intel,SSD,2.5,2560.0,1440.0,5.350913056059403
HP,2 in 1 Convertible,13.3,8,Windows 10,0.9477893989335261,10.704929519567553,1,1,0,Intel,Intel,SSD,2.5,1366.0,768.0,4.777664699022989
Lenovo,Ultrabook,14.0,8,Windows 10,0.8415671856782186,11.288127045116099,0,1,1,Intel,Intel,SSD,2.5,1920.0,1080.0,5.064811007262561
Dell,Gaming,17.3,32,Windows 10,1.6789639750827108,12.052925243819075,0,0,1,Intel,Nvidia,Hybrid,2.8,3840.0,2160.0,5.543892827299865
MSI,Gaming,17.3,8,Windows 10,1.308332819650179,11.182308255773881,0,0,1,Intel,Nvidia,Hybrid,2.8,1920.0,1080.0,4.854649288865456
Lenovo,Notebook,15.6,4,No OS,1.0647107369924282,10.16980062557119,0,0,0,Intel,Intel,HDD,2.5,1366.0,768.0,4.6196120963719745
Dell,Notebook,15.6,8,Windows 10,1.1631508098056809,10.55344848760242,0,0,1,Intel,AMD,Hybrid,1.6,1920.0,1080.0,4.9573188885088015
Dell,2 in 1 Convertible,13.3,4,Windows 10,0.9969486348916096,10.451022662038508,1,0,1,Intel,Intel,HDD,2.4,1920.0,1080.0,5.115788496573994
Dell,Notebook,15.6,8,Linux,1.199964782928397,10.354901509558161,0,0,0,Intel,AMD,HDD,2.5,1366.0,768.0,4.6196120963719745
HP,Notebook,15.6,4,Windows 10,1.1314021114911006,10.16796189691066,0,0,1,AMD,AMD,HDD,3.0,1920.0,1080.0,4.9573188885088015
Acer,Gaming,17.3,16,Windows 10,1.6486586255873816,11.543433331271078,0,1,1,Intel,Nvidia,Hybrid,2.6,1920.0,1080.0,4.854649288865456
Dell,Notebook,15.6,12,Windows 10,1.1786549963416462,10.451022662038508,0,0,0,Intel,Intel,HDD,2.5,1366.0,768.0,4.6196120963719745
HP,Notebook,15.6,6,Windows 10,1.1314021114911006,10.452562263733816,0,0,1,AMD,AMD,Hybrid,3.0,1920.0,1080.0,4.9573188885088015
Acer,Notebook,15.6,4,Windows 10,1.2237754316221157,10.301744074438556,0,0,0,Intel,Intel,HDD,2.5,1366.0,768.0,4.6196120963719745
Lenovo,Notebook,13.3,8,Windows 10,0.8919980393051105,10.842513861303702,0,1,1,Intel,Intel,SSD,2.5,1920.0,1080.0,5.115788496573994
Lenovo,Notebook,15.6,4,Windows 10,1.0473189942805592,10.633596165225693,0,0,1,Intel,Intel,HDD,2.7,1920.0,1080.0,4.9573188885088015
HP,Workstation,15.6,16,Windows 10,1.2809338454620642,11.76667829570779,0,0,1,Intel,Nvidia,SSD,2.8,1920.0,1080.0,4.9573188885088015
Dell,2 in 1 Convertible,13.3,8,Windows 10,0.9360933591703348,10.466313041010059,1,0,1,Intel,Intel,HDD,1.6,1920.0,1080.0,5.115788496573994
MSI,Gaming,15.6,16,Windows 10,1.0296194171811583,11.622630578778884,0,0,1,Intel,Nvidia,Hybrid,2.8,1920.0,1080.0,4.9573188885088015
Acer,Notebook,15.6,4,Windows 10,1.2237754316221157,9.993713191579683,0,0,0,Intel,Intel,HDD,2.0,1366.0,768.0,4.6196120963719745
Dell,Notebook,15.6,8,Windows 10,1.0986122886681098,11.071469797141466,0,0,1,Intel,Nvidia,Hybrid,2.7,1920.0,1080.0,4.9573188885088015
Dell,Notebook,15.6,8,Windows 10,1.0986122886681098,10.47537629020214,0,0,0,Intel,Intel,SSD,2.0,1366.0,768.0,4.6196120963719745
Toshiba,Notebook,14.0,8,Windows 10,0.8109302162163288,11.311858913389603,1,1,1,Intel,Intel,SSD,2.5,1920.0,1080.0,5.064811007262561
Lenovo,2 in 1 Convertible,14.0,8,Windows 10,0.9932517730102833,10.882334592260529,1,0,1,Intel,Intel,SSD,2.5,1920.0,1080.0,5.064811007262561
Lenovo,Workstation,15.6,16,Windows 10,1.252762968495368,12.052925243819075,0,1,1,Intel,Nvidia,SSD,2.8,3840.0,2160.0,5.646943996094081
Acer,Notebook,14.0,2,Chrome OS,0.9858167945227653,9.77471055413221,0,0,0,Intel,Intel,Flash Storage,1.6,1366.0,768.0,4.726814234417343
Samsung,Ultrabook,13.3,16,Windows 10,0.5933268452777344,11.38349673063646,0,0,1,Intel,Intel,SSD,2.7,1920.0,1080.0,5.115788496573994
HP,Notebook,15.6,8,Windows 10,1.0508216248317612,10.265311417998271,0,0,1,Intel,Intel,SSD,2.0,1920.0,1080.0,4.9573188885088015
Dell,Notebook,14.0,8,Windows 10,0.9555114450274363,11.002634844730991,0,0,0,Intel,Intel,SSD,2.5,1366.0,768.0,4.726814234417343
HP,Workstation,17.3,16,Windows 7,1.3862943611198906,12.052925243819075,0,1,1,Intel,Nvidia,SSD,2.9,1920.0,1080.0,4.854649288865456
Lenovo,Netbook,11.6,4,Windows 10,0.8754687373538999,10.138915342683557,1,0,0,Intel,Intel,SSD,1.6,1366.0,768.0,4.913347375266901
HP,Notebook,15.6,8,Windows 10,1.0438040521731147,11.525180069637228,0,0,1,Intel,Intel,SSD,2.4,1920.0,1080.0,4.9573188885088015
Asus,Notebook,15.6,4,No OS,1.2383742310432684,10.336895919115271,0,0,0,Intel,Nvidia,HDD,2.3,1366.0,768.0,4.6196120963719745
Lenovo,Ultrabook,14.0,4,Windows 10,0.9932517730102833,10.97500061838249,0,0,1,Intel,Intel,SSD,2.3,1920.0,1080.0,5.064811007262561
Asus,Notebook,15.6,4,Windows 10,1.2149127443642704,10.72070180499537,0,0,0,Intel,Intel,SSD,2.7,1366.0,768.0,4.6196120963719745
Lenovo,2 in 1 Convertible,13.3,8,Windows 10,0.832909122935104,11.064819834822508,1,1,1,Intel,Intel,SSD,1.8,3200.0,1800.0,5.624210736923218
HP,Notebook,15.6,8,Windows 10,1.1631508098056809,10.977734058532482,0,1,1,Intel,Nvidia,Hybrid,2.5,1920.0,1080.0,4.9573188885088015
HP,Workstation,15.6,8,Windows 7,1.2781522025001875,11.328654970229907,0,0,1,Intel,Nvidia,SSD,2.6,1920.0,1080.0,4.9573188885088015
Dell,Gaming,15.6,16,Windows 10,1.6900958154515549,11.9372828985939,0,1,1,Intel,Nvidia,Hybrid,2.8,3840.0,2160.0,5.646943996094081
Acer,Notebook,15.6,4,Windows 10,1.1314021114911006,10.370853957360486,0,0,0,Intel,Intel,SSD,2.5,1366.0,768.0,4.6196120963719745
Lenovo,Gaming,15.6,8,Windows 10,1.252762968495368,10.930217800083259,0,1,1,Intel,Nvidia,Hybrid,2.8,1920.0,1080.0,4.9573188885088015
Dell,Ultrabook,12.5,16,Windows 10,0.7793248768009976,11.503365110066554,0,0,1,Intel,Intel,SSD,2.8,1920.0,1080.0,5.177462845242346
Google,Ultrabook,12.3,8,Chrome OS,0.7419373447293773,11.327372934196768,1,0,0,Intel,Intel,SSD,1.2,2400.0,1600.0,5.461742335596244
Asus,Ultrabook,13.3,8,Windows 10,0.7884573603642702,11.004665214485216,0,1,1,Intel,Intel,SSD,2.5,3200.0,1800.0,5.624210736923218
Dell,Notebook,13.3,4,Windows 10,0.9745596399981308,10.719642319211694,0,0,0,Intel,Intel,HDD,2.0,1366.0,768.0,4.777664699022989
Acer,Notebook,13.3,4,Windows 10,0.9555114450274363,10.460224916065657,0,0,0,Intel,Intel,SSD,2.3,1366.0,768.0,4.777664699022989
Asus,Notebook,17.3,4,Windows 10,1.33500106673234,10.129056767548002,0,0,0,Intel,Nvidia,HDD,1.1,1366.0,768.0,4.517250051379597
Dell,Gaming,15.6,16,Windows 10,1.3137236682850553,10.977734058532482,1,1,1,Intel,Nvidia,Hybrid,2.6,3840.0,2160.0,5.646943996094081
Samsung,Ultrabook,13.3,8,Windows 10,0.8372475245337022,11.352706476813816,1,0,1,Intel,Intel,SSD,2.7,1920.0,1080.0,5.115788496573994
Acer,Notebook,15.6,4,Linux,1.1314021114911006,9.67271749319976,0,0,0,Intel,Intel,HDD,1.1,1366.0,768.0,4.6196120963719745
Dell,Notebook,15.6,16,Windows 10,1.1939224684724346,11.049922324623227,0,0,1,Intel,AMD,SSD,2.7,1920.0,1080.0,4.9573188885088015
Samsung,2 in 1 Convertible,15.0,16,Windows 10,0.9969486348916096,11.470557693018055,1,0,1,Intel,AMD,SSD,2.7,1920.0,1080.0,4.996269112948607
Toshiba,Notebook,14.0,4,Windows 10,1.0116009116784799,10.903137333094854,0,1,0,Intel,Intel,SSD,2.3,1366.0,768.0,4.726814234417343
Dell,Gaming,15.6,8,Windows 10,1.2864740258376797,10.977734058532482,0,0,1,Intel,Nvidia,HDD,2.8,1920.0,1080.0,4.9573188885088015
HP,Ultrabook,12.5,4,Windows 10,0.8153648132841945,11.101663386852145,0,0,0,Intel,Intel,SSD,2.3,1366.0,768.0,4.839193758526338
Asus,2 in 1 Convertible,15.6,12,Windows 10,1.1939224684724346,10.707794102852903,1,0,1,Intel,Nvidia,HDD,2.7,1920.0,1080.0,4.9573188885088015
Lenovo,Notebook,15.6,16,Windows 7,1.252762968495368,11.74621417964167,0,0,1,Intel,Nvidia,SSD,2.7,3840.0,2160.0,5.646943996094081
Acer,Notebook,14.0,4,Windows 10,1.0296194171811583,10.430789099779544,0,1,1,Intel,Intel,SSD,2.4,1920.0,1080.0,5.064811007262561
Razer,Gaming,14.0,16,Windows 10,1.0818051703517284,11.947688629354552,0,0,1,Intel,Nvidia,SSD,2.8,1920.0,1080.0,5.064811007262561
Asus,Notebook,15.6,8,Windows 10,1.0986122886681098,10.341891891660163,0,0,0,Intel,Intel,SSD,1.1,1920.0,1080.0,4.9573188885088015
Dell,Gaming,17.3,32,Windows 10,1.6900958154515549,12.052925243819075,0,1,1,Intel,Nvidia,Hybrid,2.8,1920.0,1080.0,4.854649288865456
Asus,Gaming,17.3,16,Windows 10,1.667706820558076,11.73773962004856,0,1,1,Intel,Nvidia,Hybrid,2.6,1920.0,1080.0,4.854649288865456
Toshiba,Ultrabook,14.0,16,Windows 10,0.9042181506398859,11.45091090263386,0,1,1,Intel,Nvidia,SSD,2.6,1920.0,1080.0,5.064811007262561
Lenovo,Notebook,15.6,8,No OS,1.1631508098056809,9.771675823299722,0,0,0,Intel,Intel,HDD,1.6,1366.0,768.0,4.6196120963719745
Lenovo,Ultrabook,14.0,16,Windows 10,0.9932517730102833,11.715798714845754,0,0,1,Intel,Intel,SSD,2.7,1920.0,1080.0,5.064811007262561
MSI,Gaming,14.0,16,Windows 10,0.9555114450274363,11.520432020155333,0,1,1,Intel,Nvidia,Hybrid,2.8,1920.0,1080.0,5.064811007262561
MSI,Gaming,15.6,8,Windows 10,1.1631508098056809,10.968593383882295,0,0,1,Intel,Nvidia,Hybrid,2.5,1920.0,1080.0,4.9573188885088015
Lenovo,Gaming,15.6,4,Windows 10,1.2237754316221157,10.882334592260529,0,1,1,Intel,Nvidia,HDD,2.8,1920.0,1080.0,4.9573188885088015
Acer,Gaming,17.3,16,Windows 10,1.6486586255873816,11.715798714845754,0,1,1,Intel,Nvidia,Hybrid,2.8,1920.0,1080.0,4.854649288865456
Dell,Gaming,15.6,8,Windows 10,1.2864740258376797,10.868221721810269,0,0,1,Intel,Nvidia,SSD,2.5,1920.0,1080.0,4.9573188885088015
Asus,Gaming,15.6,8,Windows 10,1.1755733298042381,11.175253388829377,0,0,1,Intel,Nvidia,Hybrid,2.8,1920.0,1080.0,4.9573188885088015
Vero,Notebook,14.0,4,Windows 10,0.7975071958841881,9.288366771342575,0,0,0,Intel,Intel,Flash Storage,1.1,1920.0,1080.0,5.064811007262561
Lenovo,2 in 1 Convertible,13.3,8,Windows 10,0.8628899551470398,11.561359375212575,1,1,1,Intel,Intel,SSD,2.7,1920.0,1080.0,5.115788496573994
Lenovo,2 in 1 Convertible,15.6,8,Windows 10,1.1249295969854831,10.841471672111513,1,0,1,Intel,AMD,SSD,2.5,1920.0,1080.0,4.9573188885088015
Apple,Ultrabook,12.0,8,Mac OS X,0.6523251860396903,11.036053502633294,0,1,0,Intel,Intel,Flash Storage,1.2,2304.0,1440.0,5.426778948237757
Lenovo,2 in 1 Convertible,14.0,8,Windows 10,0.883767540168595,11.729192628025002,1,1,0,Intel,Intel,SSD,2.5,2560.0,1440.0,5.350913056059403
Asus,Notebook,14.0,4,Windows 10,0.9669838461896731,9.676067369454655,0,0,0,Intel,Intel,Flash Storage,1.1,1366.0,768.0,4.726814234417343
Dell,Notebook,15.6,8,Windows 10,1.0818051703517284,10.672618444949634,0,0,0,Intel,Intel,SSD,2.5,1366.0,768.0,4.6196120963719745
Lenovo,2 in 1 Convertible,13.9,8,Windows 10,0.8671004876833833,11.182693795440782,1,1,1,Intel,Intel,SSD,2.7,1920.0,1080.0,5.071934387835933
Dell,Notebook,15.6,8,Windows 10,1.0986122886681098,10.580884344379838,0,0,1,Intel,AMD,SSD,2.0,1920.0,1080.0,4.9573188885088015
HP,Workstation,15.6,8,Windows 10,1.420695787837223,11.608407193695559,0,0,1,Intel,Nvidia,SSD,2.8,1920.0,1080.0,4.9573188885088015
Asus,Notebook,15.6,8,Windows 10,1.2149127443642704,10.977734058532482,0,0,1,Intel,Intel,SSD,2.5,1920.0,1080.0,4.9573188885088015
Dell,Ultrabook,13.3,8,Windows 10,0.8285518175661483,11.288127045116099,0,0,1,Intel,Intel,SSD,2.5,1920.0,1080.0,5.115788496573994
Dell,Notebook,15.6,8,Windows 10,1.1184149159642893,11.442371232335963,1,0,1,Intel,Nvidia,SSD,2.5,3840.0,2160.0,5.646943996094081
Dell,Netbook,11.6,4,Windows 10,0.9669838461896731,10.587627287586777,0,0,0,Intel,Intel,SSD,1.1,1366.0,768.0,4.913347375266901
HP,Netbook,12.5,8,Windows 10,0.8153648132841945,11.211913881327705,0,0,0,Intel,Intel,SSD,2.6,1366.0,768.0,4.839193758526338
Toshiba,Notebook,15.6,4,Windows 10,1.1314021114911006,10.634879008150335,0,0,0,Intel,Intel,HDD,2.3,1366.0,768.0,4.6196120963719745
HP,Notebook,15.6,8,Windows 10,1.1118575154181303,10.419722121547444,0,0,0,AMD,AMD,HDD,2.5,1366.0,768.0,4.6196120963719745
Dell,Gaming,15.6,16,Windows 10,1.2864740258376797,11.40152586178726,0,0,1,Intel,Nvidia,SSD,2.8,3840.0,2160.0,5.646943996094081
Lenovo,Notebook,15.6,4,Windows 10,1.2237754316221157,10.387410112463472,0,0,1,Intel,Nvidia,HDD,2.5,1920.0,1080.0,4.9573188885088015
HP,Gaming,17.3,12,Windows 10,1.556037135706985,11.442371232335963,0,1,1,Intel,AMD,HDD,2.8,1920.0,1080.0,4.854649288865456
MSI,Gaming,17.3,16,Windows 10,1.3609765531356006,11.765023364035509,0,0,1,Intel,Nvidia,Hybrid,2.8,1920.0,1080.0,4.854649288865456
Samsung,Ultrabook,13.3,8,Windows 10,0.5933268452777344,11.288127045116099,0,0,1,Intel,Intel,SSD,2.5,1920.0,1080.0,5.115788496573994
Dell,Notebook,15.6,8,Windows 10,1.091923300517313,10.843554965468284,0,0,1,Intel,Nvidia,HDD,2.7,1920.0,1080.0,4.9573188885088015
Dell,Notebook,15.6,8,Windows 10,1.1568811967920856,10.64737719980591,0,0,1,Intel,AMD,SSD,2.5,1920.0,1080.0,4.9573188885088015
Lenovo,Ultrabook,14.0,8,Windows 10,0.8415671856782186,11.503365110066554,0,0,1,Intel,Intel,SSD,2.7,1920.0,1080.0,5.064811007262561
Razer,Ultrabook,12.5,16,Windows 10,0.8285518175661483,11.470557693018055,1,1,1,Intel,Intel,SSD,2.5,3840.0,2160.0,5.867784887019588
HP,Netbook,11.6,4,Chrome OS,0.8020015854720274,9.928853109380423,0,0,0,Intel,Intel,Flash Storage,1.6,1366.0,768.0,4.913347375266901
Dell,Gaming,17.3,16,Windows 10,1.6789639750827108,11.801620516185737,0,1,1,Intel,Nvidia,Hybrid,2.8,1920.0,1080.0,4.854649288865456
Dell,Notebook,14.0,4,Windows 10,1.0152306797290587,10.602303634468553,0,0,0,Intel,Intel,HDD,2.3,1366.0,768.0,4.726814234417343
Lenovo,Notebook,15.6,4,Windows 10,1.1314021114911006,10.16980062557119,0,0,0,Intel,Intel,HDD,2.0,1366.0,768.0,4.6196120963719745
Toshiba,Ultrabook,14.0,4,Windows 10,0.8109302162163288,10.969511220360992,0,0,0,Intel,Intel,SSD,2.5,1366.0,768.0,4.726814234417343
Lenovo,Ultrabook,14.0,8,Windows 10,0.7561219797213337,11.799214467550595,0,1,1,Intel,Intel,SSD,2.7,1920.0,1080.0,5.064811007262561
MSI,Gaming,15.6,8,Windows 10,1.2237754316221157,11.064819834822508,0,0,1,Intel,Nvidia,SSD,2.5,1920.0,1080.0,4.9573188885088015
Lenovo,Ultrabook,14.0,8,Windows 10,0.7561219797213337,11.511934974596555,0,1,1,Intel,Intel,Flash Storage,2.5,1920.0,1080.0,5.064811007262561
Toshiba,Notebook,14.0,4,Windows 10,1.0116009116784799,10.188204734039374,0,0,0,Intel,Intel,SSD,2.1,1366.0,768.0,4.726814234417343
Asus,2 in 1 Convertible,13.3,8,Windows 10,0.7419373447293773,11.189343155145377,1,0,1,Intel,Intel,SSD,2.5,1920.0,1080.0,5.115788496573994
Dell,Notebook,14.0,4,Windows 10,1.0152306797290587,10.347204956314746,0,0,0,Intel,Intel,HDD,2.0,1366.0,768.0,4.726814234417343
Acer,Netbook,11.6,4,Chrome OS,0.8544153281560676,9.847731684081172,0,1,0,Intel,Intel,Flash Storage,1.6,1366.0,768.0,4.913347375266901
Acer,Notebook,14.0,8,Windows 10,0.9162907318741551,10.403696619569766,0,1,1,Intel,Intel,SSD,2.4,1920.0,1080.0,5.064811007262561
Razer,Gaming,17.3,32,Windows 10,1.501852701754163,12.052925243819075,1,0,1,Intel,Nvidia,SSD,2.9,3840.0,2160.0,5.543892827299865
Lenovo,Ultrabook,14.0,16,Windows 10,0.7419373447293773,11.624786287779711,0,1,1,Intel,Intel,SSD,2.6,2560.0,1440.0,5.350913056059403
Asus,Notebook,15.6,4,Linux,1.1314021114911006,10.227501072075105,0,0,1,Intel,Nvidia,HDD,2.5,1920.0,1080.0,4.9573188885088015
Lenovo,Notebook,14.0,8,Windows 10,0.9932517730102833,11.053918430933363,0,0,1,Intel,Intel,SSD,2.3,1920.0,1080.0,5.064811007262561
Lenovo,Notebook,14.0,8,Windows 10,0.8415671856782186,11.38410296807344,0,1,1,Intel,Intel,SSD,2.6,1920.0,1080.0,5.064811007262561
Dell,Gaming,15.6,16,Windows 10,1.43746264769429,11.903840474588977,0,0,1,Intel,Nvidia,Hybrid,2.8,1920.0,1080.0,4.9573188885088015
Asus,Gaming,17.3,16,Windows 10,1.3609765531356006,11.76667829570779,0,0,1,Intel,Nvidia,Hybrid,2.8,1920.0,1080.0,4.854649288865456
Toshiba,Notebook,15.6,4,Windows 10,1.0986122886681098,10.48137314092762,0,0,0,Intel,Intel,HDD,2.4,1366.0,768.0,4.6196120963719745
Lenovo,Notebook,14.0,4,Chrome OS,0.9162907318741551,9.75944395695215,0,0,0,Intel,Intel,Flash Storage,1.6,1366.0,768.0,4.726814234417343
Asus,Notebook,15.6,8,Windows 10,1.1939224684724346,10.355715374098414,0,0,1,Intel,Intel,HDD,2.5,1920.0,1080.0,4.9573188885088015
Asus,Gaming,17.3,16,Windows 10,1.3164082336557241,11.470557693018055,0,0,1,Intel,Nvidia,Hybrid,2.6,1920.0,1080.0,4.854649288865456
Dell,Gaming,17.3,32,Windows 10,1.6900958154515549,12.005940899919567,0,1,1,Intel,Nvidia,Hybrid,2.8,1920.0,1080.0,4.854649288865456
HP,Notebook,17.3,8,Windows 10,1.2892326482767593,10.789026250550961,0,0,0,Intel,Nvidia,HDD,2.5,1600.0,900.0,4.673884932133573
Dell,Notebook,15.6,8,Windows 10,1.1568811967920856,10.546456269685057,0,0,0,Intel,Intel,SSD,2.5,1366.0,768.0,4.6196120963719745
HP,Ultrabook,14.0,8,Windows 7,0.9321640810304452,11.50926477280514,0,0,1,Intel,Intel,SSD,2.5,1920.0,1080.0,5.064811007262561
Dell,Notebook,15.6,4,Windows 10,1.1568811967920856,10.580884344379838,0,0,1,Intel,AMD,SSD,2.7,1920.0,1080.0,4.9573188885088015
HP,2 in 1 Convertible,11.6,4,Chrome OS,0.8754687373538999,10.397213811896178,1,0,0,Intel,Intel,Flash Storage,1.1,1366.0,768.0,4.913347375266901
Asus,Ultrabook,13.3,8,Windows 10,0.8960880245566356,10.90900234494248,0,1,1,Intel,Nvidia,SSD,2.3,1920.0,1080.0,5.115788496573994
HP,2 in 1 Convertible,13.3,8,Windows 10,0.8241754429663494,11.706183335023768,1,0,1,Intel,Intel,SSD,2.5,1920.0,1080.0,5.115788496573994
HP,Ultrabook,14.0,8,Windows 10,0.9321640810304452,11.267230020589693,0,0,1,Intel,Intel,SSD,2.5,1920.0,1080.0,5.064811007262561
HP,Notebook,15.6,4,No OS,1.0508216248317612,9.676067369454655,0,0,0,Intel,Intel,SSD,1.6,1366.0,768.0,4.6196120963719745
Asus,Gaming,15.6,16,Windows 10,1.1314021114911006,11.524653620496773,0,0,1,Intel,Nvidia,Hybrid,2.8,1920.0,1080.0,4.9573188885088015
Dell,Notebook,17.3,8,Linux,1.3428648031925547,10.73831223092719,0,0,1,Intel,AMD,HDD,2.7,1920.0,1080.0,4.854649288865456
Lenovo,Ultrabook,14.0,8,Windows 10,1.085189268335969,11.526757756206273,0,1,1,Intel,Nvidia,SSD,2.8,1920.0,1080.0,5.064811007262561
Asus,Notebook,15.6,8,Windows 10,1.1939224684724346,10.643813122864238,0,1,1,Intel,Nvidia,SSD,2.7,1920.0,1080.0,4.9573188885088015
Dell,Notebook,15.6,8,Windows 10,1.0647107369924282,10.82676581465962,0,0,1,Intel,Intel,SSD,2.5,1920.0,1080.0,4.9573188885088015
Asus,Notebook,15.6,4,Windows 10,1.0986122886681098,10.082625714367484,0,0,0,Intel,Intel,HDD,1.1,1366.0,768.0,4.6196120963719745
HP,2 in 1 Convertible,13.3,8,Windows 10,0.8241754429663494,11.822940196780332,1,0,1,Intel,Intel,SSD,2.8,1920.0,1080.0,5.115788496573994
Dell,Notebook,13.3,8,Windows 10,0.9631743177730056,10.451022662038508,1,0,1,Intel,Intel,HDD,2.3,1920.0,1080.0,5.115788496573994
Lenovo,Notebook,15.6,4,No OS,1.1631508098056809,10.126203812574422,0,0,1,Intel,Intel,HDD,2.0,1920.0,1080.0,4.9573188885088015
Lenovo,Notebook,15.6,8,Windows 10,1.1939224684724346,10.721595608536562,0,1,1,Intel,Intel,HDD,2.5,1920.0,1080.0,4.9573188885088015
HP,Notebook,15.6,8,Windows 10,1.0438040521731147,11.182693795440782,0,0,1,Intel,AMD,SSD,2.6,1920.0,1080.0,4.9573188885088015
Toshiba,Notebook,13.3,4,Windows 10,0.7178397931503169,11.13408962950052,0,0,1,Intel,Intel,SSD,2.5,1920.0,1080.0,5.115788496573994
Lenovo,Gaming,15.6,8,No OS,1.252762968495368,10.900191877143605,0,1,1,Intel,Nvidia,HDD,2.5,1920.0,1080.0,4.9573188885088015
Dell,Ultrabook,13.3,16,Windows 10,0.8285518175661483,11.689800549960745,1,0,1,Intel,Intel,SSD,2.5,3200.0,1800.0,5.624210736923218
HP,Notebook,15.6,4,Windows 10,1.1216775615991057,10.789026250550961,0,0,1,Intel,Intel,HDD,2.3,1920.0,1080.0,4.9573188885088015
Toshiba,Ultrabook,13.3,8,Windows 10,0.7884573603642702,10.974087808763938,0,0,0,Intel,Intel,SSD,2.3,1366.0,768.0,4.777664699022989
Lenovo,2 in 1 Convertible,13.3,8,Windows 10,0.8628899551470398,11.551155302753232,1,1,1,Intel,Intel,SSD,2.7,1920.0,1080.0,5.115788496573994
Acer,Notebook,14.0,8,Windows 10,0.9400072584914712,10.780196354025913,0,1,1,Intel,Intel,SSD,2.5,1920.0,1080.0,5.064811007262561
Dell,Workstation,15.6,8,Windows 10,1.172482137234565,11.458815998363187,0,0,1,Intel,Nvidia,HDD,2.8,1920.0,1080.0,4.9573188885088015
Lenovo,Notebook,15.6,4,Windows 10,1.2178757094949273,10.936874862286206,0,0,0,Intel,Intel,HDD,2.5,1366.0,768.0,4.6196120963719745
Lenovo,Notebook,15.6,4,No OS,1.1631508098056809,10.147300806108744,0,0,1,Intel,AMD,HDD,2.0,1920.0,1080.0,4.9573188885088015
Toshiba,Notebook,15.6,8,Windows 10,1.0986122886681098,11.211193689375161,0,1,1,Intel,Intel,SSD,2.7,1920.0,1080.0,4.9573188885088015
Lenovo,Notebook,13.3,4,Windows 10,0.8919980393051105,10.57545706085876,0,1,1,Intel,Intel,SSD,2.4,1920.0,1080.0,5.115788496573994
Samsung,Ultrabook,15.0,16,Windows 10,0.8020015854720274,11.497971408335056,0,0,1,Intel,Nvidia,SSD,2.7,1920.0,1080.0,4.996269112948607
Dell,Ultrabook,12.5,8,Windows 10,0.9555114450274363,11.408055939867921,0,0,1,Intel,Intel,SSD,2.8,1920.0,1080.0,5.177462845242346
Asus,Notebook,15.6,4,Linux,1.0986122886681098,9.964544419744591,0,0,0,Intel,Intel,HDD,1.1,1366.0,768.0,4.6196120963719745
Xiaomi,Ultrabook,13.3,8,Windows 10,0.8241754429663494,10.816127628868836,0,1,1,Intel,Nvidia,SSD,2.3,1920.0,1080.0,5.115788496573994
Dell,Notebook,15.6,4,Windows 10,1.1568811967920856,10.79176967999097,0,0,1,Intel,Nvidia,Hybrid,2.5,1920.0,1080.0,4.9573188885088015
HP,Notebook,15.6,4,Windows 10,1.1118575154181303,10.707794102852903,0,0,1,Intel,Intel,SSD,2.5,1920.0,1080.0,4.9573188885088015
HP,2 in 1 Convertible,13.3,4,Windows 10,0.8241754429663494,11.413955596667712,1,0,1,Intel,Intel,SSD,2.5,1920.0,1080.0,5.115788496573994
HP,2 in 1 Convertible,15.6,4,Windows 10,1.1939224684724346,10.504715258348757,1,0,0,Intel,Intel,HDD,2.5,1366.0,768.0,4.6196120963719745
Asus,Notebook,14.1,4,Windows 10,0.9745596399981308,9.82781743779585,0,0,0,Intel,Intel,Flash Storage,1.1,1366.0,768.0,4.719760012040914
Lenovo,Notebook,15.6,8,Windows 10,1.1631508098056809,10.48137314092762,0,1,1,Intel,Nvidia,HDD,2.5,1920.0,1080.0,4.9573188885088015
Dell,Notebook,15.6,4,Windows 10,1.1631508098056809,9.88640853285114,0,0,0,Intel,Intel,HDD,1.6,1366.0,768.0,4.6196120963719745
HP,2 in 1 Convertible,13.3,4,Windows 10,0.8241754429663494,11.470557693018055,1,0,1,Intel,Intel,SSD,2.5,1920.0,1080.0,5.115788496573994
Dell,Notebook,15.6,4,Linux,1.1568811967920856,10.097436910330954,0,0,0,Intel,AMD,HDD,2.0,1366.0,768.0,4.6196120963719745
Asus,Gaming,17.3,12,Windows 10,1.1631508098056809,11.198067750426901,0,0,1,Intel,Nvidia,Hybrid,2.5,1920.0,1080.0,4.854649288865456
Acer,Netbook,11.6,4,Chrome OS,0.8109302162163288,9.669356357545784,0,1,0,Intel,Intel,Flash Storage,1.6,1366.0,768.0,4.913347375266901
Lenovo,Notebook,17.3,4,Windows 10,1.33500106673234,9.913146751905726,0,0,0,AMD,AMD,HDD,2.2,1600.0,900.0,4.673884932133573
HP,Notebook,14.0,4,Windows 10,1.0818051703517284,11.118403264255047,0,0,1,Intel,Intel,SSD,2.5,1920.0,1080.0,5.064811007262561
HP,2 in 1 Convertible,13.3,16,Windows 10,0.883767540168595,11.219087416653776,1,0,1,Intel,Intel,SSD,2.7,3200.0,1800.0,5.624210736923218
Samsung,Ultrabook,15.0,8,Windows 10,0.7747271675523681,11.413367194793471,0,0,1,Intel,Intel,SSD,2.7,1920.0,1080.0,4.996269112948607
Lenovo,Ultrabook,14.0,8,Windows 10,0.8415671856782186,11.470557693018055,0,1,1,Intel,Intel,SSD,2.5,1920.0,1080.0,5.064811007262561
MSI,Gaming,17.3,16,Windows 10,1.2325602611778486,11.857505600707027,0,1,1,Intel,Nvidia,Hybrid,2.6,3840.0,2160.0,5.543892827299865
Toshiba,Notebook,13.3,8,Windows 10,0.7178397931503169,11.271987019514093,0,0,1,Intel,Intel,SSD,2.5,1920.0,1080.0,5.115788496573994
Dell,Gaming,15.6,8,Linux,1.2864740258376797,10.809689968037551,0,0,1,Intel,Nvidia,HDD,2.8,1920.0,1080.0,4.9573188885088015
HP,Notebook,15.6,8,Windows 10,1.1118575154181303,10.77797664352652,0,0,1,Intel,Nvidia,HDD,2.7,1920.0,1080.0,4.9573188885088015
Dell,Notebook,15.6,4,Windows 10,1.1568811967920856,10.395586521939395,0,0,0,Intel,AMD,HDD,2.0,1366.0,768.0,4.6196120963719745
Dell,Notebook,15.6,8,Windows 10,1.0647107369924282,10.816127628868836,0,0,1,Intel,Intel,HDD,2.6,1920.0,1080.0,4.9573188885088015
Dell,2 in 1 Convertible,13.3,8,Windows 10,0.8064758658669485,11.583001451010114,1,0,1,Intel,Intel,SSD,1.3,3200.0,1800.0,5.624210736923218
Asus,Gaming,17.3,32,Windows 10,1.5216989981260935,11.12940950226841,0,1,1,Intel,Nvidia,SSD,2.7,1920.0,1080.0,4.854649288865456
Dell,2 in 1 Convertible,13.3,16,Windows 10,0.7975071958841881,11.38349673063646,1,0,1,Intel,Intel,SSD,1.3,1920.0,1080.0,5.115788496573994
Lenovo,Ultrabook,14.0,8,Windows 10,0.7561219797213337,11.600677334394318,0,1,1,Intel,Intel,Flash Storage,2.7,1920.0,1080.0,5.064811007262561
Lenovo,Notebook,15.6,8,Windows 10,1.0818051703517284,11.557794687522952,0,1,1,Intel,Intel,SSD,2.5,1920.0,1080.0,4.9573188885088015
LG,Ultrabook,15.6,16,Windows 10,0.7323678937132266,11.624786287779711,1,1,1,Intel,Intel,SSD,2.7,1920.0,1080.0,4.9573188885088015
HP,Netbook,12.5,8,Windows 10,0.8153648132841945,11.277396024236554,0,0,1,Intel,Intel,SSD,2.7,1920.0,1080.0,5.177462845242346
Acer,Notebook,15.6,4,Chrome OS,1.1631508098056809,9.858935694046775,0,1,1,Intel,Intel,Flash Storage,1.5,1920.0,1080.0,4.9573188885088015
Lenovo,Notebook,15.6,8,Windows 10,1.2809338454620642,10.646351134841678,0,1,1,Intel,Nvidia,Hybrid,2.3,1920.0,1080.0,4.9573188885088015
LG,Ultrabook,14.0,8,Windows 10,0.6830968447064438,11.524653620496773,1,1,1,Intel,Intel,SSD,2.7,1920.0,1080.0,5.064811007262561
Dell,Notebook,14.0,8,Windows 10,0.9555114450274363,11.069811447777305,0,0,1,Intel,Intel,SSD,2.8,1920.0,1080.0,5.064811007262561
HP,Ultrabook,12.5,8,Windows 10,0.7371640659767197,12.01472447112858,1,0,1,Intel,Intel,SSD,1.2,3840.0,2160.0,5.867784887019588
Lenovo,Notebook,15.6,6,Windows 10,1.1631508098056809,10.646351134841678,0,0,1,Intel,Nvidia,SSD,2.7,1920.0,1080.0,4.9573188885088015
HP,Notebook,15.6,8,Windows 10,1.1118575154181303,10.902146664686498,0,0,1,Intel,Nvidia,SSD,2.7,1920.0,1080.0,4.9573188885088015
Acer,Notebook,15.6,4,Windows 10,1.2237754316221157,10.188204734039374,0,0,1,Intel,Intel,HDD,2.4,1920.0,1080.0,4.9573188885088015
Lenovo,Notebook,13.3,4,Windows 10,0.8919980393051105,10.756639955878697,0,0,1,Intel,Intel,SSD,2.5,1920.0,1080.0,5.115788496573994
HP,Notebook,13.3,8,Windows 10,0.9122827104766162,10.842513861303702,0,0,1,Intel,Intel,SSD,2.5,1920.0,1080.0,5.115788496573994
MSI,Gaming,17.3,16,Windows 10,1.308332819650179,11.352706476813816,0,0,1,Intel,Nvidia,Hybrid,2.8,1920.0,1080.0,4.854649288865456
Dell,Gaming,15.6,16,Windows 10,1.2809338454620642,11.182693795440782,0,0,1,Intel,Nvidia,Hybrid,2.8,1920.0,1080.0,4.9573188885088015
MSI,Gaming,15.6,8,Windows 10,1.1631508098056809,10.996581389185152,0,0,1,Intel,Nvidia,Hybrid,2.5,1920.0,1080.0,4.9573188885088015
Dell,Notebook,15.6,4,Windows 10,1.1568811967920856,10.504992665534715,0,0,0,Intel,AMD,HDD,2.5,1366.0,768.0,4.6196120963719745
HP,Ultrabook,15.6,8,Windows 10,1.0438040521731147,11.143376971334334,0,0,1,Intel,AMD,SSD,2.5,1920.0,1080.0,4.9573188885088015
HP,Ultrabook,13.3,8,Windows 10,0.8712933659434192,11.022224638820209,1,0,1,Intel,Intel,SSD,2.7,3200.0,1800.0,5.624210736923218
Toshiba,Notebook,15.6,16,Windows 10,1.2237754316221157,11.563894206696261,0,1,1,Intel,Nvidia,SSD,2.6,1920.0,1080.0,4.9573188885088015
Lenovo,2 in 1 Convertible,13.3,8,Windows 10,0.8628899551470398,11.484906576452703,1,1,1,Intel,Intel,SSD,2.5,1920.0,1080.0,5.115788496573994
Dell,Notebook,15.6,4,Windows 10,1.0818051703517284,10.568494278523755,0,0,0,Intel,Intel,HDD,2.3,1366.0,768.0,4.6196120963719745
Lenovo,Ultrabook,12.5,8,Windows 10,0.8586616190375187,11.38410296807344,0,1,1,Intel,Intel,SSD,2.7,1920.0,1080.0,5.177462845242346
HP,Notebook,15.6,8,Windows 10,1.1969481893889715,11.036053502633294,0,0,1,Intel,Intel,SSD,2.3,1920.0,1080.0,4.9573188885088015
Dell,Notebook,15.6,4,Windows 10,1.1568811967920856,10.538116369060559,0,0,0,Intel,Intel,HDD,2.5,1366.0,768.0,4.6196120963719745
HP,Notebook,14.0,4,Windows 10,1.0818051703517284,11.022224638820209,0,0,0,Intel,Intel,HDD,2.3,1366.0,768.0,4.726814234417343
Lenovo,Notebook,15.6,4,Windows 10,1.1631508098056809,9.708963041637261,0,0,0,Intel,Intel,HDD,1.1,1366.0,768.0,4.6196120963719745
HP,Ultrabook,12.5,4,Windows 10,0.8153648132841945,11.340119926907802,0,0,1,Intel,Intel,HDD,2.3,1920.0,1080.0,5.177462845242346
HP,Notebook,15.6,4,No OS,1.0508216248317612,9.641706597910368,0,0,0,Intel,Intel,HDD,1.6,1366.0,768.0,4.6196120963719745
Lenovo,2 in 1 Convertible,13.3,16,Windows 10,0.832909122935104,11.470557693018055,1,1,1,Intel,Intel,SSD,2.2,3200.0,1800.0,5.624210736923218
Toshiba,Notebook,14.0,4,Windows 10,0.9042181506398859,10.983178625350842,0,1,1,Intel,Intel,SSD,2.3,1920.0,1080.0,5.064811007262561
HP,Netbook,12.5,8,Windows 10,0.8153648132841945,11.395552195348275,0,0,1,Intel,Intel,SSD,2.3,1920.0,1080.0,5.177462845242346
Dell,Notebook,15.6,4,Windows 10,1.1568811967920856,10.301028278836414,0,0,0,Intel,Intel,HDD,2.0,1366.0,768.0,4.6196120963719745
MSI,Gaming,15.6,8,Windows 10,1.1631508098056809,11.064819834822508,0,0,1,Intel,Nvidia,Hybrid,2.8,1920.0,1080.0,4.9573188885088015
Dell,Ultrabook,14.0,8,Windows 10,0.8586616190375187,11.377414056264131,0,0,1,Intel,Intel,SSD,2.5,1920.0,1080.0,5.064811007262561
Dell,Gaming,17.3,16,Windows 10,1.6789639750827108,11.897828889772077,0,0,0,Intel,Nvidia,Hybrid,2.7,2560.0,1440.0,5.14038144505599
HP,Gaming,17.3,8,Windows 10,1.3217558399823195,11.219087416653776,0,1,1,Intel,Nvidia,Hybrid,2.3,1920.0,1080.0,4.854649288865456
Asus,Notebook,17.3,4,Windows 10,1.33500106673234,10.248473444922546,0,0,0,Intel,Nvidia,HDD,1.6,1600.0,900.0,4.673884932133573
Acer,Notebook,15.6,4,Windows 10,1.172482137234565,10.403696619569766,0,0,0,Intel,Intel,HDD,2.5,1366.0,768.0,4.6196120963719745
Toshiba,Notebook,15.6,8,Windows 10,1.1631508098056809,10.995768507208373,0,0,0,Intel,Intel,SSD,2.3,1366.0,768.0,4.6196120963719745
Lenovo,2 in 1 Convertible,11.3,8,Windows 10,0.7419373447293773,11.14492549142712,1,1,1,Intel,Intel,SSD,1.2,1920.0,1080.0,5.2778469559288625
Lenovo,Gaming,15.6,16,Windows 10,1.252762968495368,10.882334592260529,0,1,1,AMD,AMD,Hybrid,2.1,1920.0,1080.0,4.9573188885088015
Dell,Ultrabook,12.5,8,Windows 10,0.8586616190375187,11.270086934565564,1,0,1,Intel,Intel,SSD,2.5,1920.0,1080.0,5.177462845242346
Lenovo,Notebook,15.6,8,No OS,1.1631508098056809,10.505007263781431,0,0,1,Intel,Nvidia,HDD,2.7,1920.0,1080.0,4.9573188885088015
Dell,Notebook,17.3,4,Windows 10,1.2119409739751128,10.466313041010059,0,0,0,Intel,AMD,HDD,2.0,1600.0,900.0,4.673884932133573
Acer,Notebook,14.0,4,Chrome OS,0.9858167945227653,9.830686725695612,0,0,0,Intel,Intel,Flash Storage,1.6,1366.0,768.0,4.726814234417343
HP,Workstation,15.6,8,Windows 10,1.0986122886681098,11.693810323540696,0,1,1,Intel,Nvidia,SSD,2.7,1920.0,1080.0,4.9573188885088015
Dell,Ultrabook,14.0,8,Windows 10,0.8586616190375187,11.457127302039982,0,0,1,Intel,Intel,SSD,2.8,1920.0,1080.0,5.064811007262561
Toshiba,Notebook,13.3,8,Windows 7,0.7884573603642702,11.261765596172962,0,0,1,Intel,Intel,SSD,2.3,1920.0,1080.0,5.115788496573994
Asus,2 in 1 Convertible,12.5,8,Chrome OS,0.7884573603642702,11.030890063374128,0,0,1,Intel,Intel,Flash Storage,1.2,1920.0,1080.0,5.177462845242346
Lenovo,Ultrabook,14.0,8,Windows 10,0.9932517730102833,11.281426947930884,0,1,1,Intel,Intel,SSD,2.6,1920.0,1080.0,5.064811007262561
Dell,Gaming,17.3,16,Windows 10,1.6789639750827108,12.031993744520154,0,1,1,Intel,Nvidia,Hybrid,2.8,3840.0,2160.0,5.543892827299865
Dell,2 in 1 Convertible,13.3,8,Windows 10,0.8064758658669485,11.524653620496773,1,0,1,Intel,Intel,SSD,1.2,1920.0,1080.0,5.115788496573994
HP,2 in 1 Convertible,11.6,4,Windows 10,0.8960880245566356,10.628448273058389,1,0,0,Intel,Intel,SSD,1.1,1366.0,768.0,4.913347375266901
Dell,Ultrabook,13.3,8,Windows 10,0.832909122935104,11.120771962987872,0,0,1,Intel,Intel,SSD,2.5,3200.0,1800.0,5.624210736923218
Acer,2 in 1 Convertible,11.6,4,Chrome OS,0.8109302162163288,9.939188617449547,1,1,0,Intel,Intel,Flash Storage,1.6,1366.0,768.0,4.913347375266901
Toshiba,Notebook,13.3,8,Windows 10,0.7884573603642702,11.311858913389603,0,0,1,Intel,Intel,SSD,2.4,1920.0,1080.0,5.115788496573994
Lenovo,Ultrabook,12.5,8,Windows 10,0.8586616190375187,11.448640778280634,0,1,1,Intel,Intel,SSD,2.6,1920.0,1080.0,5.177462845242346
Acer,Notebook,15.6,12,Windows 10,1.2237754316221157,10.8922946477693,0,0,1,Intel,Nvidia,Hybrid,2.5,1920.0,1080.0,4.9573188885088015
Toshiba,Ultrabook,12.5,8,Windows 10,0.7419373447293773,11.465542410357644,1,0,1,Intel,Intel,SSD,2.7,1920.0,1080.0,5.177462845242346
HP,Notebook,15.6,8,Windows 10,1.1118575154181303,10.71669339976126,0,0,0,Intel,Nvidia,HDD,2.5,1366.0,768.0,4.6196120963719745
Dell,Notebook,15.6,4,Linux,1.1786549963416462,10.118971185438866,0,0,0,Intel,AMD,HDD,2.0,1366.0,768.0,4.6196120963719745
Dell,Notebook,15.6,4,Windows 10,1.0647107369924282,10.690967162330788,0,0,0,Intel,Intel,HDD,2.5,1366.0,768.0,4.6196120963719745
HP,Notebook,15.6,4,Windows 10,1.1118575154181303,10.505007263781431,0,0,1,Intel,Intel,HDD,2.4,1920.0,1080.0,4.9573188885088015
Dell,Gaming,17.3,32,Windows 10,1.6900958154515549,12.030407207546824,0,1,1,Intel,Nvidia,Hybrid,2.8,1920.0,1080.0,4.854649288865456
Lenovo,Notebook,15.6,6,Windows 10,1.2237754316221157,10.519499876854974,0,0,1,Intel,Nvidia,SSD,2.5,1920.0,1080.0,4.9573188885088015
Dell,2 in 1 Convertible,13.3,16,Windows 10,0.7975071958841881,11.524653620496773,1,0,1,Intel,Intel,SSD,1.3,3200.0,1800.0,5.624210736923218
Dell,Ultrabook,14.0,8,Windows 10,0.9162907318741551,11.557789593289227,1,0,0,Intel,Intel,SSD,2.6,2560.0,1440.0,5.350913056059403
Dell,Gaming,17.3,32,Windows 10,1.6900958154515549,11.912942425504665,0,0,1,Intel,Nvidia,Hybrid,2.6,1920.0,1080.0,4.854649288865456
Toshiba,Notebook,14.0,8,Windows 10,1.0818051703517284,11.048846649301595,0,0,1,Intel,Intel,SSD,2.3,1920.0,1080.0,5.064811007262561
Asus,Gaming,17.3,16,Windows 10,1.3164082336557241,11.601116472588652,0,0,1,Intel,Nvidia,Hybrid,2.8,1920.0,1080.0,4.854649288865456
HP,Notebook,15.6,8,Windows 10,1.1118575154181303,10.862111839946362,0,1,1,Intel,Nvidia,Hybrid,2.7,1920.0,1080.0,4.9573188885088015
Lenovo,Notebook,14.0,4,Windows 7,0.9932517730102833,10.885333039007671,0,0,0,Intel,Intel,Other,2.3,1366.0,768.0,4.726814234417343
Asus,2 in 1 Convertible,15.6,16,Windows 10,1.1939224684724346,11.470557693018055,1,0,1,Intel,Nvidia,Hybrid,2.7,3840.0,2160.0,5.646943996094081
HP,Notebook,15.6,6,Windows 10,1.1118575154181303,10.336895919115271,0,0,0,Intel,Intel,HDD,2.7,1366.0,768.0,4.6196120963719745
Asus,Gaming,17.3,16,Windows 10,1.3837912309017721,11.442371232335963,0,0,1,Intel,Nvidia,Hybrid,2.8,1920.0,1080.0,4.854649288865456
Dell,2 in 1 Convertible,15.6,12,Windows 10,1.1600209167967532,11.14492549142712,1,1,1,Intel,Intel,SSD,2.7,1920.0,1080.0,4.9573188885088015
Toshiba,Notebook,13.3,4,Windows 7,0.7884573603642702,11.061478196557058,0,0,1,Intel,Intel,SSD,2.3,1920.0,1080.0,5.115788496573994
Lenovo,Notebook,15.6,6,Windows 10,1.1631508098056809,10.283693654349953,0,0,1,AMD,AMD,SSD,3.6,1920.0,1080.0,4.9573188885088015
Fujitsu,Notebook,15.6,4,Windows 10,1.1939224684724346,10.451022662038508,0,0,0,Intel,Intel,SSD,2.3,1366.0,768.0,4.6196120963719745
Toshiba,Notebook,14.0,4,Windows 10,1.0116009116784799,10.794505603612874,0,0,0,Intel,Intel,HDD,2.3,1366.0,768.0,4.726814234417343
Dell,Notebook,15.6,4,Windows 10,1.1786549963416462,10.370853957360486,0,0,0,Intel,AMD,HDD,2.5,1366.0,768.0,4.6196120963719745
HP,Notebook,15.6,8,Windows 10,1.1118575154181303,10.667668054781249,0,0,1,Intel,Intel,HDD,2.5,1920.0,1080.0,4.9573188885088015
Lenovo,Gaming,15.6,8,Windows 10,1.252762968495368,11.056444708137915,0,1,1,Intel,Nvidia,Hybrid,2.8,1920.0,1080.0,4.9573188885088015
Dell,Notebook,15.6,8,Windows 10,1.2119409739751128,10.594325067871669,0,0,0,Intel,AMD,HDD,2.7,1366.0,768.0,4.6196120963719745
Dell,Notebook,14.0,8,Windows 10,0.9555114450274363,10.995768507208373,0,0,1,Intel,Intel,SSD,2.5,1920.0,1080.0,5.064811007262561
HP,Netbook,12.5,8,Windows 10,0.6780335427498971,11.52938171507289,0,0,1,Intel,Intel,SSD,1.2,1920.0,1080.0,5.177462845242346
HP,Notebook,15.6,4,Windows 10,1.1314021114911006,10.188204734039374,0,0,1,Intel,AMD,Hybrid,2.0,1920.0,1080.0,4.9573188885088015
Lenovo,Notebook,15.6,4,No OS,1.0647107369924282,9.57634600136217,0,0,0,Intel,Intel,SSD,1.1,1366.0,768.0,4.6196120963719745
Lenovo,Notebook,15.6,8,Windows 10,1.1939224684724346,11.182693795440782,0,0,1,Intel,Intel,SSD,2.3,1920.0,1080.0,4.9573188885088015
Dell,2 in 1 Convertible,13.3,8,Windows 10,0.9858167945227653,10.765679373749014,1,0,1,Intel,Intel,SSD,2.5,1920.0,1080.0,5.115788496573994
Asus,Notebook,13.3,8,Windows 10,0.8754687373538999,11.023094568124744,0,0,1,Intel,Intel,SSD,2.5,3200.0,1800.0,5.624210736923218
HP,Ultrabook,13.3,8,Windows 10,0.7466879474879752,11.182693795440782,1,1,1,Intel,Intel,SSD,2.7,1920.0,1080.0,5.115788496573994
Acer,Notebook,15.6,4,Windows 10,1.2237754316221157,9.915781669229606,0,0,0,Intel,Intel,HDD,1.1,1366.0,768.0,4.6196120963719745
Asus,Gaming,15.6,16,Windows 10,1.252762968495368,11.470557693018055,0,0,1,Intel,Nvidia,Hybrid,2.8,1920.0,1080.0,4.9573188885088015
HP,Ultrabook,14.0,8,Windows 10,0.9082585601768908,11.620010772319315,0,0,1,Intel,Intel,SSD,2.7,1920.0,1080.0,5.064811007262561
Acer,Gaming,15.6,8,Windows 10,1.308332819650179,11.114442921914945,0,1,1,Intel,Nvidia,Hybrid,2.8,1920.0,1080.0,4.9573188885088015
HP,Notebook,13.3,8,Windows 10,0.8501509293696101,11.056444708137915,0,1,1,Intel,Intel,SSD,2.5,1920.0,1080.0,5.115788496573994
Dell,Notebook,15.6,4,Windows 10,1.1568811967920856,10.280044140256999,0,0,0,Intel,Intel,SSD,2.4,1366.0,768.0,4.6196120963719745
HP,Notebook,14.0,4,Windows 10,0.9707789171582247,10.633596165225693,0,0,0,Intel,Intel,HDD,2.5,1366.0,768.0,4.726814234417343
Toshiba,Notebook,13.3,4,Windows 10,0.7884573603642702,11.061478196557058,0,0,1,Intel,Intel,SSD,2.3,1920.0,1080.0,5.115788496573994
HP,Notebook,14.0,4,Windows 10,0.9082585601768908,10.978634456594794,0,0,0,Intel,Intel,SSD,2.4,1366.0,768.0,4.726814234417343
HP,Notebook,14.0,4,Windows 10,1.0818051703517284,11.069811447777305,0,0,1,Intel,Intel,SSD,2.5,1920.0,1080.0,5.064811007262561
HP,Ultrabook,14.0,8,Windows 7,0.8878912573524571,11.25420292138043,0,0,1,Intel,Intel,SSD,2.6,1920.0,1080.0,5.064811007262561
HP,Notebook,14.0,8,Windows 10,0.9707789171582247,10.931419346481935,0,0,1,Intel,Nvidia,SSD,2.5,1920.0,1080.0,5.064811007262561
HP,Notebook,14.0,4,Windows 10,0.9707789171582247,10.503546383198644,0,0,0,Intel,Intel,HDD,2.4,1366.0,768.0,4.726814234417343
Dell,Gaming,15.6,8,Windows 10,1.2947271675944,10.830989602063529,0,0,1,Intel,Nvidia,Other,2.5,1920.0,1080.0,4.9573188885088015
HP,Ultrabook,12.5,4,Windows 10,0.8153648132841945,11.314461355427948,0,0,1,Intel,Intel,HDD,2.5,1920.0,1080.0,5.177462845242346
HP,Notebook,14.0,4,Windows 10,0.9082585601768908,11.347062125633828,0,0,1,Intel,Intel,SSD,2.5,1920.0,1080.0,5.064811007262561
HP,Ultrabook,14.0,8,Windows 10,0.9321640810304452,11.518425798364119,0,0,1,Intel,Intel,SSD,2.5,1920.0,1080.0,5.064811007262561
HP,Notebook,13.3,4,Windows 10,0.9122827104766162,10.660196214585818,0,0,0,Intel,Intel,HDD,2.4,1366.0,768.0,4.777664699022989
Toshiba,Notebook,13.3,8,Windows 10,0.9162907318741551,11.073952176081768,0,0,0,Intel,Intel,SSD,2.3,1366.0,768.0,4.777664699022989
HP,Notebook,15.6,4,Windows 10,1.1118575154181303,10.621962929026408,0,0,0,Intel,Intel,SSD,2.4,1366.0,768.0,4.6196120963719745
Lenovo,Notebook,17.3,16,Windows 7,1.2237754316221157,11.971210954208564,0,1,1,Intel,Nvidia,SSD,2.7,3840.0,2160.0,5.543892827299865
Toshiba,Notebook,14.0,8,Windows 10,0.9042181506398859,11.28210502158141,0,1,1,Intel,Intel,SSD,2.3,1920.0,1080.0,5.064811007262561
HP,Notebook,14.0,8,Windows 10,0.8878912573524571,11.684877779846692,0,0,1,Intel,Intel,SSD,2.5,1920.0,1080.0,5.064811007262561
Dell,2 in 1 Convertible,15.6,4,Windows 10,1.1249295969854831,10.655171228057007,1,1,1,Intel,Intel,HDD,2.3,1920.0,1080.0,4.9573188885088015
Toshiba,Ultrabook,13.3,8,Windows 10,0.7884573603642702,11.347062125633828,0,0,1,Intel,Intel,SSD,2.3,1920.0,1080.0,5.115788496573994
HP,Notebook,13.3,8,Windows 10,0.7466879474879752,11.022224638820209,0,1,1,Intel,Intel,SSD,2.5,1920.0,1080.0,5.115788496573994
HP,Notebook,14.0,8,Windows 10,0.9707789171582247,11.053437715931404,0,0,1,Intel,Nvidia,SSD,2.7,1920.0,1080.0,5.064811007262561
Dell,Notebook,15.6,8,Windows 10,1.128171090909654,10.928728168172187,0,0,1,Intel,Intel,HDD,2.4,1920.0,1080.0,4.9573188885088015
HP,Ultrabook,12.5,4,Windows 10,0.8153648132841945,11.327372934196768,0,0,0,Intel,Intel,SSD,2.5,1366.0,768.0,4.839193758526338
HP,Notebook,14.0,4,Windows 10,1.1969481893889715,11.056444708137915,0,0,0,Intel,Intel,HDD,2.5,1366.0,768.0,4.726814234417343
HP,Notebook,14.0,4,Windows 10,1.0818051703517284,10.94160291956712,0,0,0,Intel,Intel,HDD,2.5,1366.0,768.0,4.726814234417343
Dell,Ultrabook,13.3,8,Windows 10,0.8285518175661483,11.3682201040106,1,0,1,Intel,Intel,SSD,2.5,3200.0,1800.0,5.624210736923218
HP,Notebook,17.3,8,Windows 10,1.2892326482767593,10.960294724688996,0,0,1,Intel,Nvidia,SSD,2.5,1920.0,1080.0,4.854649288865456
HP,Notebook,14.0,4,Windows 10,0.9707789171582247,10.855964397819733,0,0,0,Intel,Intel,SSD,2.5,1366.0,768.0,4.726814234417343
Acer,Notebook,15.6,6,Windows 10,1.1314021114911006,9.989322070632241,0,0,0,AMD,AMD,HDD,3.0,1366.0,768.0,4.6196120963719745
MSI,Gaming,17.3,8,Windows 10,1.308332819650179,11.058796822674717,0,0,1,Intel,Nvidia,Hybrid,2.8,1920.0,1080.0,4.854649288865456
HP,Notebook,14.0,8,Windows 7,1.0818051703517284,11.061478196557058,0,0,1,Intel,Intel,SSD,2.3,1920.0,1080.0,5.064811007262561
HP,Notebook,15.6,8,Windows 10,1.0438040521731147,11.089524270653731,0,0,1,Intel,Intel,SSD,2.5,1920.0,1080.0,4.9573188885088015
HP,Ultrabook,12.5,8,Windows 10,0.8153648132841945,11.182693795440782,0,0,1,Intel,Intel,SSD,2.5,1920.0,1080.0,5.177462845242346
HP,Notebook,15.6,4,Windows 10,1.1118575154181303,10.58493556391622,0,0,0,Intel,Intel,HDD,2.5,1366.0,768.0,4.6196120963719745
Toshiba,Ultrabook,14.0,8,Windows 10,0.9042181506398859,11.428554236084064,0,1,1,Intel,Intel,SSD,2.6,1920.0,1080.0,5.064811007262561
Dell,Notebook,15.6,8,Windows 7,1.128171090909654,10.944382023868503,0,0,1,Intel,Intel,SSD,2.4,1920.0,1080.0,4.9573188885088015
HP,Notebook,14.0,8,Windows 10,0.9707789171582247,10.893790032506047,0,0,1,Intel,Intel,SSD,2.5,1920.0,1080.0,5.064811007262561
Lenovo,2 in 1 Convertible,15.6,4,Windows 10,1.0296194171811583,10.717283879751747,1,1,1,Intel,Intel,SSD,2.5,1920.0,1080.0,4.9573188885088015
Vero,Notebook,14.0,2,Windows 10,0.8960880245566356,9.326559874840855,0,0,0,Intel,Intel,Flash Storage,1.44,1366.0,768.0,4.726814234417343
Toshiba,Notebook,15.6,16,Windows 10,1.2237754316221157,11.237501289913949,0,1,1,Intel,Nvidia,SSD,2.5,1920.0,1080.0,4.9573188885088015
Lenovo,Notebook,15.6,8,Windows 10,1.1939224684724346,10.93174332609208,0,0,1,Intel,Intel,SSD,2.3,1920.0,1080.0,4.9573188885088015
HP,Notebook,14.0,4,Windows 10,0.9321640810304452,10.883335073806908,0,0,1,Intel,Intel,HDD,2.3,1920.0,1080.0,5.064811007262561
HP,Notebook,15.6,8,Windows 10,1.0438040521731147,11.62685178594317,0,0,1,Intel,Intel,Hybrid,2.4,1920.0,1080.0,4.9573188885088015
HP,Notebook,14.0,8,Windows 7,0.8878912573524571,11.26791097888584,0,0,1,Intel,Intel,SSD,2.3,1920.0,1080.0,5.064811007262561
MSI,Gaming,17.3,16,Windows 10,1.5644405465033646,11.31876651223924,0,1,1,Intel,Nvidia,Hybrid,2.7,1920.0,1080.0,4.854649288865456
Lenovo,Gaming,17.3,16,Windows 10,1.7227665977411035,11.711871951929755,0,1,1,Intel,Nvidia,Hybrid,2.6,1920.0,1080.0,4.854649288865456
Asus,Netbook,11.6,4,Chrome OS,0.7884573603642702,9.638239413697464,0,0,0,Intel,Intel,Flash Storage,1.6,1366.0,768.0,4.913347375266901
Lenovo,Notebook,14.0,16,Windows 7,0.7419373447293773,11.846497786613819,0,1,0,Intel,Intel,SSD,2.6,2560.0,1440.0,5.350913056059403
HP,Notebook,15.6,8,Windows 10,1.068153081183401,10.862111839946362,0,1,1,Intel,Nvidia,HDD,2.7,1920.0,1080.0,4.9573188885088015
Dell,2 in 1 Convertible,15.6,8,Windows 10,1.1939224684724346,10.973174165162662,1,1,1,Intel,Intel,SSD,2.7,1920.0,1080.0,4.9573188885088015
HP,Notebook,15.6,4,Windows 10,1.1118575154181303,10.862111839946362,0,0,0,Intel,Intel,SSD,2.5,1366.0,768.0,4.6196120963719745
Dell,Ultrabook,13.3,16,Windows 10,0.7884573603642702,11.696031047668868,1,0,1,Intel,Intel,SSD,2.7,3200.0,1800.0,5.624210736923218
HP,Notebook,15.6,4,Windows 10,1.1969481893889715,10.533998188720084,0,0,0,Intel,Intel,HDD,2.3,1366.0,768.0,4.6196120963719745
HP,Notebook,15.6,4,No OS,1.085189268335969,10.188204734039374,0,0,0,Intel,Intel,HDD,2.5,1366.0,768.0,4.6196120963719745
Acer,Notebook,15.6,8,Windows 10,1.2237754316221157,10.082625714367484,0,0,0,AMD,AMD,HDD,2.2,1366.0,768.0,4.6196120963719745
Dell,2 in 1 Convertible,13.3,12,Windows 10,0.9555114450274363,11.14492549142712,1,1,1,Intel,Intel,SSD,2.7,1920.0,1080.0,5.115788496573994
MSI,Gaming,15.6,16,Windows 10,1.3711807233098425,11.481613522876666,0,0,1,Intel,Nvidia,Hybrid,2.6,1920.0,1080.0,4.9573188885088015
HP,Notebook,15.6,8,Windows 10,1.1118575154181303,10.950992494439637,0,0,1,Intel,Intel,SSD,2.7,1920.0,1080.0,4.9573188885088015
Asus,Gaming,17.3,16,No OS,1.6094379124341003,10.881333108748292,0,1,1,Intel,Nvidia,HDD,2.6,1920.0,1080.0,4.854649288865456
Dell,Notebook,15.6,4,Windows 10,1.1786549963416462,10.301744074438556,0,0,1,Intel,Intel,HDD,2.5,1920.0,1080.0,4.9573188885088015
Dell,Notebook,15.6,16,Windows 10,1.199964782928397,10.873274826663733,0,0,1,Intel,AMD,HDD,2.7,1920.0,1080.0,4.9573188885088015
MSI,Gaming,15.6,16,Windows 10,1.0296194171811583,11.540327768882529,0,0,1,Intel,Nvidia,Hybrid,2.6,1920.0,1080.0,4.9573188885088015
Dell,Ultrabook,13.3,8,Windows 10,0.8285518175661483,11.260394811673141,0,0,1,Intel,Intel,SSD,2.7,1920.0,1080.0,5.115788496573994
Asus,Gaming,17.3,64,Windows 10,1.5216989981260935,12.052925243819075,0,1,1,Intel,Nvidia,SSD,2.7,1920.0,1080.0,4.854649288865456
Dell,2 in 1 Convertible,13.3,8,Windows 10,0.9631743177730056,10.6577056741208,1,0,1,Intel,Intel,SSD,2.5,1920.0,1080.0,5.115788496573994
Dell,Gaming,15.6,16,Windows 10,1.43746264769429,11.167757207320276,0,0,1,Intel,Nvidia,Hybrid,2.6,3840.0,2160.0,5.646943996094081
Apple,Ultrabook,12.0,8,Mac OS X,0.6523251860396903,11.14569500709198,0,1,0,Intel,Intel,Flash Storage,1.1,2304.0,1440.0,5.426778948237757
Dell,Notebook,15.6,4,Windows 10,1.1184149159642893,10.15350258585783,0,0,0,Intel,Intel,HDD,2.3,1366.0,768.0,4.6196120963719745
HP,Notebook,15.6,4,Windows 10,1.1969481893889715,11.064819834822508,0,0,0,Intel,Intel,HDD,2.3,1366.0,768.0,4.6196120963719745
HP,Ultrabook,12.5,8,Windows 7,0.8153648132841945,11.064819834822508,0,0,1,Intel,Intel,SSD,2.3,1920.0,1080.0,5.177462845242346
HP,Notebook,13.3,8,Windows 10,0.9122827104766162,10.969511220360992,0,0,1,Intel,Intel,SSD,2.7,1920.0,1080.0,5.115788496573994
Lenovo,Ultrabook,12.5,8,Windows 10,0.832909122935104,11.421859484994322,1,1,1,Intel,Intel,SSD,2.5,1920.0,1080.0,5.177462845242346
Lenovo,Notebook,17.3,8,Windows 10,1.3862943611198906,10.466313041010059,0,0,0,Intel,AMD,HDD,2.3,1600.0,900.0,4.673884932133573
Lenovo,Notebook,15.6,4,Windows 10,1.1939224684724346,10.86006688870326,0,1,1,Intel,Nvidia,HDD,2.3,1920.0,1080.0,4.9573188885088015
MSI,Gaming,17.3,16,Windows 10,1.5644405465033646,11.799214467550595,0,0,1,Intel,Nvidia,Hybrid,2.8,1920.0,1080.0,4.854649288865456
Lenovo,Notebook,15.6,4,Windows 10,1.1314021114911006,10.267164922165646,0,0,0,Intel,Intel,HDD,2.3,1366.0,768.0,4.6196120963719745
HP,Notebook,15.6,4,Windows 7,1.1969481893889715,10.821460868072135,0,0,1,Intel,Intel,HDD,2.3,1920.0,1080.0,4.9573188885088015
Lenovo,Ultrabook,12.5,8,Windows 10,0.688134638736401,11.219087416653776,1,1,0,Intel,Intel,SSD,1.2,2560.0,1440.0,5.463733345978586
Lenovo,Gaming,17.3,32,Windows 10,1.7227665977411035,12.052925243819075,0,1,1,Intel,Nvidia,SSD,2.7,1920.0,1080.0,4.854649288865456
Lenovo,2 in 1 Convertible,10.1,4,Windows 10,0.5247285289349821,10.446807440613286,1,1,0,Intel,Intel,Flash Storage,1.44,1920.0,1200.0,5.416872588785266
HP,Ultrabook,13.3,16,Windows 10,0.832909122935104,11.600677334394318,0,1,1,Intel,Intel,SSD,2.7,3840.0,2160.0,5.805930544237805
Dell,Notebook,15.6,8,Windows 10,1.1568811967920856,10.595659257474393,0,0,1,Intel,Intel,SSD,2.5,1920.0,1080.0,4.9573188885088015
HP,Notebook,14.0,4,Windows 7,0.9321640810304452,10.913854015323274,0,0,1,Intel,Intel,HDD,2.3,1920.0,1080.0,5.064811007262561
HP,Workstation,15.6,8,Windows 7,1.0647107369924282,11.285455066338496,0,0,1,Intel,AMD,SSD,2.5,1920.0,1080.0,4.9573188885088015
Lenovo,Notebook,14.0,8,Windows 7,0.9932517730102833,11.064819834822508,0,0,1,Intel,Intel,SSD,2.3,1920.0,1080.0,5.064811007262561
HP,Notebook,13.3,4,Chrome OS,0.8285518175661483,10.397213811896178,0,0,1,Intel,Intel,Flash Storage,1.5,3200.0,1800.0,5.624210736923218
Acer,Notebook,15.6,4,Windows 10,1.2237754316221157,9.934034216196434,0,0,0,AMD,AMD,HDD,2.2,1366.0,768.0,4.6196120963719745
Dell,Notebook,15.6,4,Linux,1.1631508098056809,9.950664377878837,0,0,0,Intel,Intel,HDD,1.6,1366.0,768.0,4.6196120963719745
HP,Notebook,15.6,4,No OS,1.0508216248317612,9.82202514423106,0,0,0,Intel,Intel,HDD,2.0,1366.0,768.0,4.6196120963719745
Asus,Gaming,17.3,8,Windows 10,1.308332819650179,11.352706476813816,0,1,1,Intel,Nvidia,Hybrid,2.8,1920.0,1080.0,4.854649288865456
Dell,Ultrabook,13.3,4,Windows 10,0.8754687373538999,10.682874078812905,0,1,1,Intel,AMD,SSD,1.6,1920.0,1080.0,5.115788496573994
HP,Netbook,12.5,4,Windows 7,1.2237754316221157,11.352706476813816,0,0,0,Intel,Intel,SSD,2.3,1366.0,768.0,4.839193758526338
Acer,Notebook,15.6,8,Windows 10,1.2237754316221157,10.65894546204638,0,0,1,Intel,Nvidia,Hybrid,2.5,1920.0,1080.0,4.9573188885088015
Dell,Notebook,15.6,8,Windows 10,1.2119409739751128,10.435181823432492,0,0,1,Intel,AMD,HDD,2.5,1920.0,1080.0,4.9573188885088015
MSI,Gaming,17.3,8,Windows 10,1.2809338454620642,11.352706476813816,0,0,1,Intel,Nvidia,SSD,2.6,1920.0,1080.0,4.854649288865456
HP,Notebook,15.6,4,Windows 10,1.085189268335969,10.190206661487347,0,0,0,Intel,Intel,HDD,1.6,1366.0,768.0,4.6196120963719745
Asus,Gaming,17.3,16,Windows 10,1.667706820558076,11.715798714845754,0,1,1,Intel,Nvidia,Hybrid,2.6,1920.0,1080.0,4.854649288865456
Dell,Ultrabook,12.5,4,Windows 7,0.9162907318741551,11.010097640044096,0,0,0,Intel,Intel,HDD,2.3,1366.0,768.0,4.839193758526338
Dell,Ultrabook,12.5,4,Windows 7,0.9162907318741551,11.037743034452472,0,0,0,Intel,Intel,SSD,2.3,1366.0,768.0,4.839193758526338
Acer,Notebook,15.6,4,Chrome OS,1.1631508098056809,9.317985076886304,0,0,0,Intel,Intel,SSD,1.5,1366.0,768.0,4.6196120963719745
HP,Workstation,17.3,8,Windows 7,1.3862943611198906,11.947688629354552,0,1,1,Intel,AMD,HDD,2.6,1920.0,1080.0,4.854649288865456
Lenovo,Gaming,15.6,16,Windows 10,1.2237754316221157,11.064819834822508,0,0,1,Intel,Nvidia,SSD,2.8,1920.0,1080.0,4.9573188885088015
Dell,Ultrabook,12.5,8,Windows 7,0.9162907318741551,11.229115459714633,0,0,0,Intel,Intel,SSD,2.3,1366.0,768.0,4.839193758526338
MSI,Gaming,17.3,8,Windows 10,1.3609765531356006,11.29622614492296,0,0,1,Intel,Nvidia,Hybrid,2.6,1920.0,1080.0,4.854649288865456
Lenovo,2 in 1 Convertible,15.6,4,Windows 10,1.1314021114911006,10.740621650723886,1,1,1,Intel,Intel,SSD,2.3,1920.0,1080.0,4.9573188885088015
HP,Notebook,15.6,4,Windows 10,1.1314021114911006,9.962060188115156,0,0,1,AMD,AMD,HDD,2.5,1920.0,1080.0,4.9573188885088015
Asus,Gaming,15.6,16,Windows 10,1.2781522025001875,11.175253388829377,0,1,1,Intel,Nvidia,Hybrid,2.6,1920.0,1080.0,4.9573188885088015
HP,Notebook,13.3,8,Windows 10,0.7701082216960736,11.413367194793471,1,0,1,Intel,Intel,SSD,1.1,3200.0,1800.0,5.624210736923218
Dell,Notebook,15.6,4,Windows 7,1.1755733298042381,10.620871436897776,0,0,0,Intel,AMD,HDD,2.3,1366.0,768.0,4.6196120963719745
Lenovo,Notebook,15.6,4,Windows 10,1.1314021114911006,10.037061694246896,0,0,0,Intel,Intel,SSD,2.0,1366.0,768.0,4.6196120963719745
HP,Ultrabook,13.3,8,Windows 10,0.7701082216960736,11.560851636958265,0,0,1,Intel,Intel,SSD,2.5,1920.0,1080.0,5.115788496573994
Lenovo,2 in 1 Convertible,10.1,4,Android,0.5247285289349821,10.283693654349953,1,1,0,Intel,Intel,Flash Storage,1.44,1920.0,1200.0,5.416872588785266
Dell,Ultrabook,13.3,8,Windows 10,0.8020015854720274,11.204688514352517,0,0,1,Intel,Intel,SSD,2.4,1920.0,1080.0,5.115788496573994
Lenovo,Gaming,17.3,16,Windows 10,1.7227665977411035,11.894920405530856,0,1,1,Intel,Nvidia,SSD,2.7,1920.0,1080.0,4.854649288865456
Razer,Ultrabook,12.5,8,Windows 10,0.8109302162163288,10.911922001713998,1,0,1,Intel,Intel,SSD,2.5,3840.0,2160.0,5.867784887019588
Toshiba,Ultrabook,13.3,16,Windows 10,0.7178397931503169,11.683530989644284,0,0,1,Intel,Intel,SSD,2.7,1920.0,1080.0,5.115788496573994
Asus,Gaming,17.3,8,Windows 10,1.5085119938441398,11.155256701642276,0,0,1,Intel,Nvidia,Hybrid,2.6,1920.0,1080.0,4.854649288865456
Vero,Notebook,13.3,4,Windows 10,0.8544153281560676,9.253771439902378,0,0,1,Intel,Intel,Flash Storage,1.44,1920.0,1080.0,5.115788496573994
HP,Notebook,13.3,8,Windows 10,0.7701082216960736,11.408055939867921,0,0,1,Intel,Intel,SSD,2.3,1920.0,1080.0,5.115788496573994
HP,Notebook,14.0,8,Windows 7,0.8878912573524571,11.29742314494604,0,0,1,Intel,Intel,SSD,2.3,1920.0,1080.0,5.064811007262561
Dell,Notebook,15.6,4,Linux,1.128171090909654,10.236382197200111,0,0,0,Intel,Intel,HDD,2.3,1366.0,768.0,4.6196120963719745
Asus,Notebook,15.6,4,Windows 10,1.0986122886681098,10.0509502029849,0,0,0,Intel,Intel,HDD,2.4,1366.0,768.0,4.6196120963719745
Lenovo,2 in 1 Convertible,14.0,8,Windows 10,1.0296194171811583,11.395552195348275,1,1,1,Intel,Intel,SSD,2.5,1920.0,1080.0,5.064811007262561
Lenovo,2 in 1 Convertible,10.1,4,Windows 10,0.5247285289349821,10.147300806108744,1,1,0,Intel,Intel,Flash Storage,1.44,1920.0,1200.0,5.416872588785266
HP,Ultrabook,12.5,8,Windows 7,0.8153648132841945,11.52254504806308,0,0,0,Intel,Intel,SSD,2.4,1366.0,768.0,4.839193758526338
Lenovo,Gaming,15.6,8,No OS,1.2237754316221157,10.87227433519628,0,1,1,Intel,Nvidia,Hybrid,2.5,1920.0,1080.0,4.9573188885088015
HP,Gaming,17.3,8,Windows 10,1.4701758451005928,11.004665214485216,0,1,1,Intel,Nvidia,Hybrid,2.3,1920.0,1080.0,4.854649288865456
HP,Notebook,15.6,8,Windows 10,1.1118575154181303,10.419722121547444,0,0,0,Intel,Intel,HDD,2.7,1366.0,768.0,4.6196120963719745
Lenovo,2 in 1 Convertible,14.0,8,Windows 7,1.0296194171811583,11.601350600798382,1,1,1,Intel,Nvidia,SSD,2.6,1920.0,1080.0,5.064811007262561
Asus,Notebook,14.0,4,Windows 10,0.9162907318741551,9.603249651200555,0,0,0,Intel,Intel,Flash Storage,1.1,1366.0,768.0,4.726814234417343
HP,Ultrabook,15.6,8,Windows 10,1.0438040521731147,10.598322308339624,0,0,1,Intel,Intel,SSD,2.7,1920.0,1080.0,4.9573188885088015
Acer,Notebook,15.6,4,Windows 10,1.172482137234565,10.398838458081958,0,0,1,Intel,Nvidia,HDD,2.5,1920.0,1080.0,4.9573188885088015
Lenovo,Notebook,15.6,16,Windows 10,1.252762968495368,10.977734058532482,0,0,1,Intel,AMD,Other,2.5,1920.0,1080.0,4.9573188885088015
HP,Workstation,17.3,8,Windows 7,1.3862943611198906,12.052925243819075,0,1,1,Intel,Nvidia,SSD,2.6,1920.0,1080.0,4.854649288865456
Dell,Notebook,15.6,8,Windows 10,1.252762968495368,10.639993986052072,0,0,0,Intel,AMD,HDD,2.5,1366.0,768.0,4.6196120963719745
MSI,Gaming,17.3,16,Windows 10,1.5644405465033646,11.75837611262137,0,0,1,Intel,Nvidia,Hybrid,2.7,1920.0,1080.0,4.854649288865456
HP,Ultrabook,15.6,8,Windows 7,1.0577902941478545,11.65884442784677,0,0,1,Intel,Intel,SSD,2.5,1920.0,1080.0,4.9573188885088015
Lenovo,2 in 1 Convertible,14.0,16,Windows 10,1.33500106673234,11.775322036608145,1,1,0,Intel,Intel,SSD,2.6,2560.0,1440.0,5.350913056059403
MSI,Gaming,15.6,8,Windows 10,1.2237754316221157,11.016814119947735,0,0,1,Intel,Nvidia,Hybrid,2.8,1920.0,1080.0,4.9573188885088015
HP,2 in 1 Convertible,13.3,8,Windows 10,0.9082585601768908,11.371294156418369,1,0,1,Intel,Intel,SSD,2.4,1920.0,1080.0,5.115788496573994
HP,Workstation,15.6,8,Windows 7,1.2781522025001875,11.684877779846692,0,1,1,Intel,Nvidia,SSD,2.6,1920.0,1080.0,4.9573188885088015
HP,2 in 1 Convertible,13.3,8,Windows 10,0.9082585601768908,11.470557693018055,1,0,0,Intel,Intel,SSD,2.6,2560.0,1440.0,5.401969131430248
HP,Workstation,15.6,8,Windows 7,1.0986122886681098,11.524653620496773,0,0,1,Intel,Nvidia,SSD,2.6,1920.0,1080.0,4.9573188885088015
HP,Ultrabook,12.5,8,Windows 7,0.8153648132841945,11.714906632298005,0,0,1,Intel,Intel,SSD,2.5,1920.0,1080.0,5.177462845242346
Dell,Notebook,15.6,8,Windows 10,1.1568811967920856,10.893186205871402,0,0,1,Intel,Nvidia,SSD,2.7,1920.0,1080.0,4.9573188885088015
HP,Notebook,15.6,8,Windows 7,1.0577902941478545,11.340119926907802,0,0,1,Intel,Intel,SSD,2.3,1920.0,1080.0,4.9573188885088015
Lenovo,2 in 1 Convertible,14.0,8,Windows 10,0.8197798314933114,11.733047817054649,1,1,0,Intel,Intel,SSD,2.5,2560.0,1440.0,5.350913056059403
Lenovo,Notebook,15.6,4,No OS,1.0647107369924282,9.801616497179607,0,0,0,Intel,Intel,HDD,2.0,1366.0,768.0,4.6196120963719745
HP,Notebook,15.6,4,Windows 10,1.0508216248317612,9.669356357545784,0,0,0,AMD,AMD,HDD,1.8,1366.0,768.0,4.6196120963719745
Lenovo,Notebook,15.6,8,No OS,1.199964782928397,10.370853957360486,0,0,1,Intel,AMD,HDD,2.3,1920.0,1080.0,4.9573188885088015
Dell,Gaming,15.6,8,Windows 10,1.2864740258376797,11.064819834822508,0,0,1,Intel,Nvidia,HDD,2.8,1920.0,1080.0,4.9573188885088015
Dell,Notebook,15.6,8,Windows 10,1.1118575154181303,11.694557037112846,1,1,1,Intel,Nvidia,SSD,2.3,3840.0,2160.0,5.646943996094081
HP,Notebook,15.6,4,Windows 10,1.068153081183401,10.147071143642277,0,0,1,AMD,AMD,SSD,2.5,1920.0,1080.0,4.9573188885088015
MSI,Gaming,17.3,16,Windows 10,1.308332819650179,11.283982429108427,0,0,1,Intel,Nvidia,Hybrid,2.8,1920.0,1080.0,4.854649288865456
Lenovo,Ultrabook,14.0,12,Windows 7,0.8754687373538999,11.715798714845754,0,0,1,Intel,Intel,SSD,2.6,1920.0,1080.0,5.064811007262561
Lenovo,Notebook,15.6,8,Windows 10,1.252762968495368,10.645704553396179,0,0,1,Intel,AMD,Other,2.3,1920.0,1080.0,4.9573188885088015
HP,2 in 1 Convertible,13.3,8,Windows 10,0.9082585601768908,11.596765384868766,1,0,0,Intel,Intel,SSD,2.6,2560.0,1440.0,5.401969131430248
Lenovo,Ultrabook,14.0,8,Windows 7,0.9932517730102833,11.288127045116099,0,0,1,Intel,Intel,SSD,2.6,1920.0,1080.0,5.064811007262561
MSI,Gaming,14.0,16,Windows 10,0.9932517730102833,11.453741330154045,0,0,1,Intel,Nvidia,Hybrid,2.6,1920.0,1080.0,5.064811007262561
HP,Gaming,15.6,8,Windows 10,1.2864740258376797,10.776864937870439,0,1,1,Intel,Nvidia,HDD,2.8,1920.0,1080.0,4.9573188885088015
Lenovo,Notebook,15.6,8,Windows 10,1.1631508098056809,10.104652126020449,0,0,0,Intel,Intel,HDD,2.0,1366.0,768.0,4.6196120963719745
HP,Notebook,15.6,4,No OS,1.1314021114911006,10.143095900114544,0,0,0,Intel,Intel,HDD,2.3,1366.0,768.0,4.6196120963719745
Dell,Gaming,15.6,8,Windows 10,1.2864740258376797,11.287459719448945,0,0,1,Intel,Nvidia,Hybrid,2.8,3840.0,2160.0,5.646943996094081
Lenovo,Notebook,15.6,8,Windows 10,1.0818051703517284,11.212633554977055,0,1,1,Intel,Intel,SSD,2.5,1920.0,1080.0,4.9573188885088015
Lenovo,Notebook,15.6,4,Windows 10,1.1631508098056809,10.124069425552399,0,0,1,Intel,Nvidia,HDD,2.0,1920.0,1080.0,4.9573188885088015
HP,Notebook,14.0,2,Windows 10,0.8919980393051105,9.49308929643757,0,0,0,Intel,Intel,Flash Storage,1.6,1366.0,768.0,4.726814234417343
MSI,Gaming,15.6,8,Windows 10,1.1631508098056809,10.707794102852903,0,1,1,Intel,Nvidia,HDD,2.7,1920.0,1080.0,4.9573188885088015
HP,Notebook,15.6,8,Windows 10,1.085189268335969,10.496209795189023,0,0,1,Intel,Intel,SSD,2.5,1920.0,1080.0,4.9573188885088015
HP,Notebook,15.6,16,Windows 10,1.1314021114911006,11.030890063374128,0,0,1,Intel,Intel,SSD,1.8,1920.0,1080.0,4.9573188885088015
Asus,Notebook,15.6,4,Windows 10,1.1631508098056809,9.88640853285114,0,0,0,Intel,Intel,HDD,1.6,1366.0,768.0,4.6196120963719745
Lenovo,Notebook,15.6,4,No OS,1.1314021114911006,9.962060188115156,0,0,0,Intel,Intel,HDD,2.3,1366.0,768.0,4.6196120963719745
Lenovo,Notebook,15.6,8,No OS,1.1631508098056809,10.539443024584216,0,0,1,Intel,Nvidia,HDD,2.7,1920.0,1080.0,4.9573188885088015
Asus,Notebook,14.0,4,Windows 10,1.0986122886681098,10.620676402161354,0,0,1,Intel,Intel,SSD,2.4,1920.0,1080.0,5.064811007262561
Lenovo,Notebook,15.6,4,Windows 7,1.199964782928397,10.690967162330788,0,0,1,Intel,Intel,Other,2.5,1920.0,1080.0,4.9573188885088015
Lenovo,Gaming,15.6,16,Windows 10,1.4609379041156565,11.149533728083794,0,1,1,Intel,Nvidia,SSD,2.6,1920.0,1080.0,4.9573188885088015
MSI,Gaming,15.6,16,Windows 10,1.068153081183401,11.650359078019564,0,0,1,Intel,Nvidia,Hybrid,2.6,1920.0,1080.0,4.9573188885088015
HP,Notebook,15.6,4,Windows 10,1.1216775615991057,10.452562263733816,0,0,0,Intel,Intel,HDD,2.3,1366.0,768.0,4.6196120963719745
Lenovo,2 in 1 Convertible,14.0,8,Windows 10,0.8586616190375187,11.376193068881934,1,1,0,Intel,Intel,SSD,2.3,2560.0,1440.0,5.350913056059403
Lenovo,Ultrabook,15.6,6,Windows 10,0.9321640810304452,10.698213406595185,0,0,1,Intel,Nvidia,SSD,2.7,1920.0,1080.0,4.9573188885088015
Dell,Notebook,15.6,8,Linux,1.091923300517313,10.772416887866106,0,0,1,Intel,Nvidia,SSD,2.7,1920.0,1080.0,4.9573188885088015
Acer,Notebook,15.6,4,Windows 10,1.1314021114911006,9.783759877293237,0,0,0,Intel,Intel,HDD,2.0,1366.0,768.0,4.6196120963719745
HP,Notebook,15.6,6,Windows 10,1.1568811967920856,10.65894546204638,0,1,1,Intel,Nvidia,HDD,2.6,1920.0,1080.0,4.9573188885088015
Asus,Gaming,15.6,8,Windows 10,1.2784307152439458,10.787926767906868,0,1,1,Intel,Nvidia,Hybrid,2.6,1920.0,1080.0,4.9573188885088015
Dell,2 in 1 Convertible,15.6,16,Windows 10,1.128171090909654,11.04799884586991,1,0,1,Intel,Intel,SSD,2.7,1920.0,1080.0,4.9573188885088015
Acer,Notebook,15.6,4,Windows 10,1.172482137234565,10.513728011380234,0,0,1,Intel,Nvidia,SSD,2.5,1920.0,1080.0,4.9573188885088015
Dell,Ultrabook,13.3,8,Linux,0.8020015854720274,10.977734058532482,1,0,1,Intel,Intel,SSD,2.4,3200.0,1800.0,5.624210736923218
Acer,Gaming,17.3,16,Windows 10,1.6486586255873816,11.838450282382281,0,1,1,Intel,Nvidia,Hybrid,2.8,1920.0,1080.0,4.854649288865456
Lenovo,Gaming,15.6,8,Windows 10,1.2237754316221157,10.683668026512203,0,1,1,Intel,Nvidia,HDD,2.5,1920.0,1080.0,4.9573188885088015
Samsung,2 in 1 Convertible,12.3,4,Chrome OS,0.7654678421395714,10.466313041010059,1,1,0,Samsung,Intel,Flash Storage,2.0,2400.0,1600.0,5.461742335596244
HP,Notebook,15.6,4,Windows 10,1.0508216248317612,10.159748614913156,0,0,0,Intel,Intel,HDD,2.5,1366.0,768.0,4.6196120963719745
Apple,Ultrabook,12.0,8,Mac OS X,0.6523251860396903,11.034335316856836,0,1,0,Intel,Intel,Flash Storage,1.1,2304.0,1440.0,5.426778948237757
Dell,2 in 1 Convertible,13.3,8,Windows 10,0.9555114450274363,11.064819834822508,1,1,1,Intel,Intel,SSD,2.5,1920.0,1080.0,5.115788496573994
HP,Notebook,15.6,12,Windows 10,1.1662709371419244,11.166251204223753,0,1,1,Intel,Nvidia,Hybrid,2.8,1920.0,1080.0,4.9573188885088015
Lenovo,Notebook,15.6,4,No OS,1.0647107369924282,9.883694965189548,0,0,0,Intel,AMD,HDD,2.0,1366.0,768.0,4.6196120963719745
Asus,Gaming,17.3,16,Windows 10,1.667706820558076,11.648792876975632,0,1,1,Intel,Nvidia,Hybrid,2.6,1920.0,1080.0,4.854649288865456
Acer,Notebook,15.6,4,Linux,1.1314021114911006,9.581432092973902,0,0,0,Intel,Intel,HDD,2.0,1366.0,768.0,4.6196120963719745
MSI,Gaming,17.3,16,Windows 10,1.2325602611778486,11.600628529355635,0,0,1,Intel,Nvidia,Hybrid,2.8,1920.0,1080.0,4.854649288865456
Dell,Notebook,15.6,4,Windows 10,1.1939224684724346,10.188204734039374,0,0,0,Intel,AMD,SSD,2.0,1366.0,768.0,4.6196120963719745
Lenovo,Notebook,15.6,8,No OS,1.1631508098056809,10.419722121547444,0,0,0,Intel,Nvidia,HDD,2.5,1366.0,768.0,4.6196120963719745
Dell,2 in 1 Convertible,15.6,16,Windows 10,1.0986122886681098,11.13408962950052,1,0,1,Intel,Intel,SSD,1.8,1920.0,1080.0,4.9573188885088015
Dell,Ultrabook,13.3,16,Windows 10,0.7884573603642702,11.869140102984442,1,0,1,Intel,Intel,SSD,2.7,3200.0,1800.0,5.624210736923218
Asus,Gaming,15.6,8,Windows 10,1.1631508098056809,11.039481042980592,0,0,1,Intel,Nvidia,HDD,2.6,1920.0,1080.0,4.9573188885088015
Dell,Notebook,15.6,8,Windows 10,1.2119409739751128,10.765679373749014,0,0,1,Intel,AMD,SSD,2.5,1920.0,1080.0,4.9573188885088015
HP,Notebook,15.6,8,Windows 10,1.068153081183401,10.336895919115271,0,0,0,Intel,Intel,SSD,2.5,1366.0,768.0,4.6196120963719745
Lenovo,Notebook,15.6,4,Windows 10,1.1631508098056809,9.676067369454655,0,0,0,AMD,AMD,HDD,2.2,1366.0,768.0,4.6196120963719745
Acer,Notebook,17.3,8,Windows 10,1.4586150226995167,10.419722121547444,0,0,0,Intel,Nvidia,HDD,2.0,1600.0,900.0,4.673884932133573
Asus,Gaming,15.6,16,Windows 10,1.1631508098056809,11.779003747004984,0,0,1,Intel,Nvidia,Hybrid,2.8,1920.0,1080.0,4.9573188885088015
Apple,Ultrabook,12.0,8,Mac OS X,0.6523251860396903,11.12940950226841,0,1,0,Intel,Intel,Flash Storage,1.2,2304.0,1440.0,5.426778948237757
Asus,Notebook,15.6,16,Windows 10,1.1631508098056809,11.442371232335963,0,0,1,Intel,Nvidia,Hybrid,2.8,1920.0,1080.0,4.9573188885088015
MSI,Gaming,17.3,16,Windows 10,1.2325602611778486,11.550637224841307,0,1,1,Intel,Nvidia,Hybrid,2.6,1920.0,1080.0,4.854649288865456
Dell,2 in 1 Convertible,15.6,8,Windows 10,1.1603343472961065,10.882334592260529,1,1,1,Intel,Intel,SSD,2.5,1920.0,1080.0,4.9573188885088015
Asus,Gaming,17.3,16,Windows 10,1.3609765531356006,11.550642355641386,0,0,1,Intel,Nvidia,Hybrid,2.8,1920.0,1080.0,4.854649288865456
Acer,Netbook,11.6,2,Chrome OS,0.832909122935104,9.134724186116669,0,0,0,Intel,Intel,SSD,1.5,1366.0,768.0,4.913347375266901
Acer,Notebook,17.3,4,Windows 10,1.4586150226995167,10.36918316559119,0,0,0,Intel,Nvidia,HDD,2.0,1600.0,900.0,4.673884932133573
Lenovo,Notebook,17.3,8,No OS,1.33500106673234,10.265311417998271,0,0,0,Intel,Intel,HDD,2.5,1600.0,900.0,4.673884932133573
Lenovo,Gaming,15.6,8,Windows 10,1.2809338454620642,11.123921525344702,0,1,1,Intel,Nvidia,Hybrid,2.6,1920.0,1080.0,4.9573188885088015
Acer,2 in 1 Convertible,14.0,8,Windows 10,0.7884573603642702,11.022224638820209,1,1,1,Intel,Intel,SSD,1.3,1920.0,1080.0,5.064811007262561
Lenovo,Notebook,15.6,8,Windows 10,1.1939224684724346,11.307942507277987,0,1,1,Intel,Intel,SSD,2.6,1920.0,1080.0,4.9573188885088015
MSI,Gaming,15.6,8,Windows 10,1.1631508098056809,11.272739269300473,0,0,1,Intel,Nvidia,Hybrid,2.6,1920.0,1080.0,4.9573188885088015
HP,Notebook,15.6,6,Windows 10,1.1314021114911006,10.246584937175161,0,0,1,AMD,AMD,HDD,2.7,1920.0,1080.0,4.9573188885088015
Dell,Ultrabook,12.5,8,Windows 7,0.8153648132841945,11.421789450802324,1,0,1,Intel,Intel,SSD,2.4,1920.0,1080.0,5.177462845242346
Dell,2 in 1 Convertible,15.0,4,Windows 10,1.1249295969854831,10.20804591591181,1,0,1,Intel,Intel,HDD,2.4,1920.0,1080.0,4.996269112948607
Asus,Notebook,15.6,4,Windows 10,1.2947271675944,9.708963041637261,0,0,0,Intel,Intel,HDD,1.6,1366.0,768.0,4.6196120963719745
Dell,Ultrabook,13.3,8,Windows 10,0.8285518175661483,11.273342016041454,1,0,1,Intel,Intel,SSD,2.7,3200.0,1800.0,5.624210736923218
Dell,Notebook,15.6,4,Linux,1.1568811967920856,10.232996343404029,0,0,0,Intel,Intel,HDD,2.5,1366.0,768.0,4.6196120963719745
Lenovo,Gaming,15.6,16,Windows 10,1.2809338454620642,10.911922001713998,1,1,1,Intel,Nvidia,Hybrid,2.6,1920.0,1080.0,4.9573188885088015
MSI,Gaming,15.6,8,Windows 10,1.1631508098056809,11.022224638820209,0,0,1,Intel,Nvidia,Hybrid,2.8,1920.0,1080.0,4.9573188885088015
Lenovo,Netbook,12.5,16,Windows 10,0.832909122935104,11.38410296807344,1,1,1,Intel,Intel,SSD,2.5,1920.0,1080.0,5.177462845242346
Razer,Gaming,14.0,16,Windows 10,1.0818051703517284,12.052925243819075,0,0,1,Intel,Nvidia,SSD,2.8,1920.0,1080.0,5.064811007262561
Dell,Notebook,15.6,8,Windows 10,1.1939224684724346,10.126225133455508,1,0,0,Intel,Intel,HDD,2.4,1366.0,768.0,4.6196120963719745
MSI,Gaming,17.3,16,Windows 10,1.308332819650179,11.352080897651312,0,0,1,Intel,Nvidia,Hybrid,2.8,1920.0,1080.0,4.854649288865456
Apple,Ultrabook,11.6,4,Mac OS X,0.7323678937132266,10.841471672111513,0,0,0,Intel,Intel,Flash Storage,1.6,1366.0,768.0,4.913347375266901
HP,Notebook,15.6,4,Windows 10,1.1314021114911006,10.14521102315936,0,0,1,Intel,Intel,HDD,2.0,1920.0,1080.0,4.9573188885088015
HP,Ultrabook,14.0,8,Windows 7,0.9321640810304452,11.670959137926745,0,0,0,Intel,Intel,SSD,2.5,2560.0,1440.0,5.350913056059403
Dell,Notebook,15.6,4,Windows 7,1.1755733298042381,10.578174384540583,0,0,0,Intel,Intel,HDD,2.3,1366.0,768.0,4.6196120963719745
MSI,Gaming,15.6,8,Windows 10,1.1939224684724346,11.039481042980592,0,0,1,Intel,Nvidia,Hybrid,2.6,1920.0,1080.0,4.9573188885088015
Lenovo,Notebook,13.3,16,Windows 10,0.8754687373538999,11.288127045116099,0,1,1,Intel,Intel,SSD,2.7,1920.0,1080.0,5.115788496573994
Lenovo,Notebook,15.6,6,Windows 10,1.1631508098056809,10.368463865979837,0,0,1,AMD,AMD,SSD,3.6,1920.0,1080.0,4.9573188885088015
Asus,Ultrabook,13.3,8,Windows 10,0.8960880245566356,11.130191046138895,0,0,1,Intel,Intel,SSD,2.5,1920.0,1080.0,5.115788496573994
Acer,Notebook,15.6,4,Linux,1.2237754316221157,9.86670447393617,0,0,0,Intel,Intel,HDD,2.0,1366.0,768.0,4.6196120963719745
Dell,2 in 1 Convertible,17.3,16,Windows 10,1.3270750014599193,11.470557693018055,1,0,1,Intel,Nvidia,SSD,2.7,1920.0,1080.0,4.854649288865456
HP,Notebook,14.0,4,Windows 7,0.9321640810304452,10.978634456594794,0,0,1,Intel,Intel,SSD,2.3,1920.0,1080.0,5.064811007262561
Asus,Gaming,15.6,16,Windows 10,1.252762968495368,11.353331664871686,0,1,1,Intel,Nvidia,Hybrid,2.8,1920.0,1080.0,4.9573188885088015
Dell,Notebook,14.0,4,Windows 10,0.9555114450274363,10.74980636238115,0,0,0,Intel,Intel,HDD,2.5,1366.0,768.0,4.726814234417343
Asus,Gaming,15.6,16,Windows 10,1.205970806988609,11.727044416809726,0,1,1,Intel,Nvidia,Hybrid,2.6,1920.0,1080.0,4.9573188885088015
Lenovo,Notebook,15.6,8,No OS,1.1939224684724346,10.326479497678788,0,1,1,Intel,Intel,SSD,2.5,1920.0,1080.0,4.9573188885088015
Dell,2 in 1 Convertible,13.3,8,Windows 10,0.8064758658669485,11.478309589260354,1,0,1,Intel,Intel,SSD,1.2,3200.0,1800.0,5.624210736923218
Dell,Notebook,15.6,4,Linux,1.1631508098056809,9.756362468645353,0,0,0,Intel,Intel,HDD,1.6,1366.0,768.0,4.6196120963719745
HP,Notebook,15.6,4,Windows 10,1.0508216248317612,9.964569481536397,0,0,0,AMD,AMD,HDD,2.5,1366.0,768.0,4.6196120963719745
Lenovo,Notebook,15.6,6,Windows 10,1.2237754316221157,10.319474445348318,0,0,1,Intel,Nvidia,SSD,2.3,1920.0,1080.0,4.9573188885088015
Lenovo,Notebook,14.0,8,Windows 10,1.0647107369924282,10.952859875889436,0,1,1,Intel,Intel,SSD,2.3,1920.0,1080.0,5.064811007262561
Dell,Notebook,15.6,4,Windows 10,1.1631508098056809,10.07140533794855,0,0,0,Intel,Intel,HDD,1.6,1366.0,768.0,4.6196120963719745
Asus,Notebook,15.6,4,Windows 10,1.0986122886681098,9.801616497179607,0,0,0,Intel,Intel,HDD,1.1,1366.0,768.0,4.6196120963719745
Asus,Gaming,17.3,16,Windows 10,1.6094379124341003,11.525180069637228,0,1,1,Intel,Nvidia,Hybrid,2.6,1920.0,1080.0,4.854649288865456
Dell,Notebook,15.6,4,Windows 10,1.1908875647772805,10.170004720212974,0,0,0,Intel,Intel,HDD,2.0,1366.0,768.0,4.6196120963719745
Lenovo,Notebook,15.6,8,Windows 7,1.199964782928397,10.772405714978468,0,0,1,Intel,AMD,Other,2.5,1920.0,1080.0,4.9573188885088015
MSI,Gaming,15.6,8,Windows 10,1.2237754316221157,11.089532407259076,0,0,1,Intel,Nvidia,Hybrid,2.6,1920.0,1080.0,4.9573188885088015
Lenovo,2 in 1 Convertible,14.0,4,Windows 10,1.0296194171811583,10.700629204139668,1,0,1,Intel,Intel,SSD,2.3,1920.0,1080.0,5.064811007262561
Asus,Ultrabook,13.3,8,Windows 10,0.7884573603642702,10.567260503819892,0,1,1,Intel,Intel,SSD,0.9,1920.0,1080.0,5.115788496573994
Dell,Notebook,15.6,6,Windows 10,1.1939224684724346,10.104652126020449,0,0,0,Intel,Intel,HDD,2.4,1366.0,768.0,4.6196120963719745
Acer,Notebook,15.6,4,Linux,1.2237754316221157,9.642052656072376,0,0,0,Intel,Intel,HDD,1.6,1366.0,768.0,4.6196120963719745
Dell,Notebook,15.6,2,Windows 10,1.1631508098056809,9.913146751905726,0,0,0,Intel,Intel,HDD,1.6,1366.0,768.0,4.6196120963719745
Lenovo,Notebook,15.6,8,Windows 10,1.2809338454620642,10.776864937870439,0,1,1,Intel,Nvidia,HDD,2.6,1920.0,1080.0,4.9573188885088015
HP,Notebook,15.6,6,Windows 10,1.1118575154181303,10.285495247547502,0,0,1,AMD,AMD,Other,2.9,1920.0,1080.0,4.9573188885088015
Dell,Notebook,15.6,8,Linux,1.1939224684724346,10.6676556480453,0,0,0,Intel,AMD,HDD,2.7,1366.0,768.0,4.6196120963719745
HP,Netbook,11.6,2,Windows 10,0.7747271675523681,9.317985076886304,0,0,0,Intel,Intel,Flash Storage,1.6,1366.0,768.0,4.913347375266901
Asus,Notebook,15.6,4,Windows 10,1.1631508098056809,10.555282639764934,0,0,0,Intel,Nvidia,HDD,2.5,1366.0,768.0,4.6196120963719745
Lenovo,2 in 1 Convertible,14.0,4,Windows 10,1.0296194171811583,10.433928727277085,1,1,1,Intel,Intel,SSD,2.5,1920.0,1080.0,5.064811007262561
Lenovo,2 in 1 Convertible,13.3,16,Windows 10,0.832909122935104,11.288127045116099,1,1,1,Intel,Intel,SSD,2.5,3200.0,1800.0,5.624210736923218
Lenovo,Notebook,14.0,2,Windows 10,0.9162907318741551,9.409364986116808,0,0,0,Intel,Intel,Flash Storage,1.6,1366.0,768.0,4.726814234417343
HP,Notebook,15.6,6,Windows 10,1.1600209167967532,10.614153381548173,0,0,0,Intel,AMD,HDD,2.5,1366.0,768.0,4.6196120963719745
Asus,Notebook,15.6,4,Windows 10,1.1631508098056809,9.88640853285114,0,0,0,Intel,Intel,HDD,1.6,1366.0,768.0,4.6196120963719745
Asus,Ultrabook,13.3,8,Windows 10,0.7884573603642702,10.567260503819892,0,1,1,Intel,Intel,SSD,0.9,1920.0,1080.0,5.115788496573994
Dell,Notebook,15.6,6,Windows 10,1.1939224684724346,10.104652126020449,0,0,0,Intel,Intel,HDD,2.4,1366.0,768.0,4.6196120963719745
Acer,Notebook,15.6,4,Linux,1.2237754316221157,9.642052656072376,0,0,0,Intel,Intel,HDD,1.6,1366.0,768.0,4.6196120963719745
Dell,Notebook,15.6,2,Windows 10,1.1631508098056809,9.913146751905726,0,0,0,Intel,Intel,HDD,1.6,1366.0,768.0,4.6196120963719745
Lenovo,Notebook,15.6,8,Windows 10,1.2809338454620642,10.776864937870439,0,1,1,Intel,Nvidia,HDD,2.6,1920.0,1080.0,4.9573188885088015
HP,Notebook,15.6,6,Windows 10,1.1118575154181303,10.285495247547502,0,0,1,AMD,AMD,Other,2.9,1920.0,1080.0,4.9573188885088015
Dell,Notebook,15.6,8,Linux,1.1939224684724346,10.6676556480453,0,0,0,Intel,AMD,HDD,2.7,1366.0,768.0,4.6196120963719745
HP,Netbook,11.6,2,Windows 10,0.7747271675523681,9.317985076886304,0,0,0,Intel,Intel,Flash Storage,1.6,1366.0,768.0,4.913347375266901
Asus,Notebook,15.6,4,Windows 10,1.1631508098056809,10.555282639764934,0,0,0,Intel,Nvidia,HDD,2.5,1366.0,768.0,4.6196120963719745
Lenovo,2 in 1 Convertible,14.0,4,Windows 10,1.0296194171811583,10.433928727277085,1,1,1,Intel,Intel,SSD,2.5,1920.0,1080.0,5.064811007262561
Lenovo,2 in 1 Convertible,13.3,16,Windows 10,0.832909122935104,11.288127045116099,1,1,1,Intel,Intel,SSD,2.5,3200.0,1800.0,5.624210736923218
Lenovo,Notebook,14.0,2,Windows 10,0.9162907318741551,9.409364986116808,0,0,0,Intel,Intel,Flash Storage,1.6,1366.0,768.0,4.726814234417343
HP,Notebook,15.6,6,Windows 10,1.1600209167967532,10.614153381548173,0,0,0,Intel,AMD,HDD,2.5,1366.0,768.0,4.6196120963719745
Asus,Notebook,15.6,4,Windows 10,1.1631508098056809,9.88640853285114,0,0,0,Intel,Intel,HDD,1.6,1366.0,768.0,4.6196120963719745
Asus,Ultrabook,13.3,8,Windows 10,0.7884573603642702,10.567260503819892,0,1,1,Intel,Intel,SSD,0.9,1920.0,1080.0,5.115788496573994
Dell,Notebook,15.6,6,Windows 10,1.1939224684724346,10.104652126020449,0,0,0,Intel,Intel,HDD,2.4,1366.0,768.0,4.6196120963719745
Acer,Notebook,15.6,4,Linux,1.2237754316221157,9.642052656072376,0,0,0,Intel,Intel,HDD,1.6,1366.0,768.0,4.6196120963719745
Dell,Notebook,15.6,2,Windows 10,1.1631508098056809,9.913146751905726,0,0,0,Intel,Intel,HDD,1.6,1366.0,768.0,4.6196120963719745
Lenovo,Notebook,15.6,8,Windows 10,1.2809338454620642,10.776864937870439,0,1,1,Intel,Nvidia,HDD,2.6,1920.0,1080.0,4.9573188885088015
HP,Notebook,15.6,6,Windows 10,1.1118575154181303,10.285495247547502,0,0,1,AMD,AMD,Other,2.9,1920.0,1080.0,4.9573188885088015
Dell,Notebook,15.6,8,Linux,1.1939224684724346,10.6676556480453,0,0,0,Intel,AMD,HDD,2.7,1366.0,768.0,4.6196120963719745
HP,Netbook,11.6,2,Windows 10,0.7747271675523681,9.317985076886304,0,0,0,Intel,Intel,Flash Storage,1.6,1366.0,768.0,4.913347375266901
Asus,Notebook,15.6,4,Windows 10,1.1631508098056809,10.555282639764934,0,0,0,Intel,Nvidia,HDD,2.5,1366.0,768.0,4.6196120963719745
Lenovo,2 in 1 Convertible,14.0,4,Windows 10,1.0296194171811583,10.433928727277085,1,1,1,Intel,Intel,SSD,2.5,1920.0,1080.0,5.064811007262561
Lenovo,2 in 1 Convertible,13.3,16,Windows 10,0.832909122935104,11.288127045116099,1,1,1,Intel,Intel,SSD,2.5,3200.0,1800.0,5.624210736923218
Lenovo,Notebook,14.0,2,Windows 10,0.9162907318741551,9.409364986116808,0,0,0,Intel,Intel,Flash Storage,1.6,1366.0,768.0,4.726814234417343
HP,Notebook,15.6,6,Windows 10,1.1600209167967532,10.614153381548173,0,0,0,Intel,AMD,HDD,2.5,1366.0,768.0,4.6196120963719745
Asus,Notebook,15.6,4,Windows 10,1.1631508098056809,9.88640853285114,0,0,0,Intel,Intel,HDD,1.6,1366.0,768.0,4.6196120963719745
