Unnamed: 0,Company,TypeName,Inches,ScreenResolution,Cpu,Ram,Memory,Gpu,OpSys,Weight,Price,Cpu_Speed,SSD,HDD,Touchscreen,IPS,Resolution_X,Resolution_Y,Gpu_Brand
0,Apple,Ultrabook,13.3,IPS Panel Retina Display 2560x1600,Intel Core i5 2.3GHz,8,128GB SSD,Intel Iris Plus Graphics 640,macOS,1.37,250539.178032,2.3,128,0,0,1,2560.0,1600.0,Intel
1,Apple,Ultrabook,13.3,1440x900,Intel Core i5 1.8GHz,8,128GB Flash Storage,Intel HD Graphics 6000,macOS,1.34,168113.286432,1.8,128,0,0,0,1440.0,900.0,Intel
2,HP,Notebook,15.6,Full HD 1920x1080,Intel Core i5 7200U 2.5GHz,8,256GB SSD,Intel HD Graphics 620,No OS,1.86,107532.36,2.5,256,0,0,0,1920.0,1080.0,Intel
3,Apple,Ultrabook,15.4,IPS Panel Retina Display 2880x1800,Intel Core i7 2.7GHz,16,512GB SSD,AMD Radeon Pro 455,macOS,1.83,474535.6293599999,2.7,512,0,0,1,2880.0,1800.0,AMD
4,Apple,Ultrabook,13.3,IPS Panel Retina Display 2560x1600,Intel Core i5 3.1GHz,8,256GB SSD,Intel Iris Plus Graphics 650,macOS,1.37,337296.28608,3.1,256,0,0,1,2560.0,1600.0,Intel
5,Acer,Notebook,15.6,1366x768,AMD A9-Series 9420 3GHz,4,500GB HDD,AMD Radeon R5,Windows 10,2.1,74805.12,3.0,0,500,0,0,1366.0,768.0,AMD
6,Apple,Ultrabook,15.4,IPS Panel Retina Display 2880x1800,Intel Core i7 2.2GHz,16,256GB Flash Storage,Intel Iris Pro Graphics,Mac OS X,2.04,400201.78161599993,2.2,256,0,0,1,2880.0,1800.0,Intel
7,Apple,Ultrabook,13.3,1440x900,Intel Core i5 1.8GHz,8,256GB Flash Storage,Intel HD Graphics 6000,macOS,1.34,216691.73135999998,1.8,256,0,0,0,1440.0,900.0,Intel
8,Asus,Ultrabook,14.0,Full HD 1920x1080,Intel Core i7 8550U 1.8GHz,16,512GB SSD,Nvidia GeForce MX150,Windows 10,1.3,279584.13599999994,1.8,512,0,0,0,1920.0,1080.0,Nvidia
9,Acer,Ultrabook,14.0,IPS Panel Full HD 1920x1080,Intel Core i5 8250U 1.6GHz,8,256GB SSD,Intel UHD Graphics 620,Windows 10,1.6,143999.856,1.6,256,0,0,1,1920.0,1080.0,Intel
10,HP,Notebook,15.6,1366x768,Intel Core i5 7200U 2.5GHz,4,500GB HDD,Intel HD Graphics 620,No OS,1.86,73664.34191999999,2.5,0,500,0,0,1366.0,768.0,Intel
11,HP,Notebook,15.6,Full HD 1920x1080,Intel Core i3 6006U 2GHz,4,500GB HDD,Intel HD Graphics 520,No OS,1.86,64517.545872,2.0,0,500,0,0,1920.0,1080.0,Intel
12,Apple,Ultrabook,15.4,IPS Panel Retina Display 2880x1800,Intel Core i7 2.8GHz,16,256GB SSD,AMD Radeon Pro 555,macOS,1.83,456305.62161599996,2.8,256,0,0,1,2880.0,1800.0,AMD
13,Dell,Notebook,15.6,Full HD 1920x1080,Intel Core i3 6006U 2GHz,4,256GB SSD,AMD Radeon R5 M430,Windows 10,2.2,93300.68591999999,2.0,256,0,0,0,1920.0,1080.0,AMD
14,Apple,Ultrabook,12.0,IPS Panel Retina Display 2304x1440,Intel Core M m3 1.2GHz,8,256GB SSD,Intel HD Graphics 615,macOS,0.92,236084.95872,1.2,256,0,0,1,2304.0,1440.0,Intel
15,Apple,Ultrabook,13.3,IPS Panel Retina Display 2560x1600,Intel Core i5 2.3GHz,8,256GB SSD,Intel Iris Plus Graphics 640,macOS,1.37,283988.28744,2.3,256,0,0,1,2560.0,1600.0,Intel
16,Dell,Notebook,15.6,Full HD 1920x1080,Intel Core i7 7500U 2.7GHz,8,256GB SSD,AMD Radeon R5 M430,Windows 10,2.2,139324.536,2.7,256,0,0,0,1920.0,1080.0,AMD
17,Apple,Ultrabook,15.4,IPS Panel Retina Display 2880x1800,Intel Core i7 2.9GHz,16,512GB SSD,AMD Radeon Pro 560,macOS,1.83,534482.5824,2.9,512,0,0,1,2880.0,1800.0,AMD
18,Lenovo,Notebook,15.6,Full HD 1920x1080,Intel Core i3 7100U 2.4GHz,8,1TB HDD,Nvidia GeForce 940MX,No OS,2.2,93319.3872,2.4,0,1000,0,0,1920.0,1080.0,Nvidia
19,Dell,Ultrabook,13.3,IPS Panel Full HD / Touchscreen 1920x1080,Intel Core i5 8250U 1.6GHz,8,128GB SSD,Intel UHD Graphics 620,Windows 10,1.22,183085.5312,1.6,128,0,1,1,1920.0,1080.0,Intel
20,Asus,Netbook,11.6,1366x768,Intel Atom x5-Z8350 1.44GHz,2,32GB Flash Storage,Intel HD Graphics 400,Windows 10,0.98,35887.75632,1.44,32,0,0,0,1366.0,768.0,Intel
21,Lenovo,Gaming,15.6,IPS Panel Full HD 1920x1080,Intel Core i5 7300HQ 2.5GHz,8,128GB SSD +  1TB HDD,Nvidia GeForce GTX 1050,Windows 10,2.5,186825.7872,2.5,128000,0,0,1,1920.0,1080.0,Nvidia
22,HP,Notebook,15.6,1366x768,AMD E-Series E2-9000e 1.5GHz,4,500GB HDD,AMD Radeon R2,No OS,1.86,48249.30239999999,1.5,0,500,0,0,1366.0,768.0,AMD
23,Dell,2 in 1 Convertible,13.3,Full HD / Touchscreen 1920x1080,Intel Core i5 8250U 1.6GHz,8,256GB SSD,Intel UHD Graphics 620,Windows 10,1.62,153163.4832,1.6,256,0,1,0,1920.0,1080.0,Intel
24,HP,Ultrabook,15.6,Full HD 1920x1080,Intel Core i7 8550U 1.8GHz,8,256GB SSD,Intel HD Graphics 620,Windows 10,1.91,123241.43519999998,1.8,256,0,0,0,1920.0,1080.0,Intel
25,Dell,Notebook,15.6,1366x768,Intel Core i3 6006U 2GHz,4,1TB HDD,Intel HD Graphics 520,Windows 10,2.3,78291.038592,2.0,0,1000,0,0,1366.0,768.0,Intel
26,Apple,Ultrabook,13.3,1440x900,Intel Core i5 1.6GHz,8,128GB Flash Storage,Intel HD Graphics 6000,Mac OS X,1.35,205527.0672,1.6,128,0,0,0,1440.0,900.0,Intel
27,Dell,Notebook,15.6,Full HD 1920x1080,Intel Core i5 8250U 1.6GHz,8,256GB SSD,AMD Radeon 530,Windows 10,2.2,149610.24,1.6,256,0,0,0,1920.0,1080.0,AMD
28,Dell,Ultrabook,15.6,Full HD 1920x1080,Intel Core i7 8650U 1.9GHz,8,256GB SSD +  256GB SSD,Intel UHD Graphics 620,Windows 10,1.88,242742.6144,1.9,256,0,0,0,1920.0,1080.0,Intel
29,HP,Notebook,17.3,Full HD 1920x1080,Intel Core i5 8250U 1.6GHz,8,1TB HDD,Nvidia GeForce 930MX,Windows 10,2.5,167563.46879999997,1.6,0,1000,0,0,1920.0,1080.0,Nvidia
30,Chuwi,Notebook,15.6,Full HD 1920x1080,Intel Atom x5-Z8300 1.44GHz,4,64GB Flash Storage,Intel HD Graphics,Windows 10,1.89,45816.265871999996,1.44,64,0,0,0,1920.0,1080.0,Intel
31,Asus,Notebook,14.0,1366x768,AMD E-Series E2-6110 1.5GHz,2,32GB Flash Storage,AMD Radeon R2,Windows 10,1.65,37215.54719999999,1.5,32,0,0,0,1366.0,768.0,AMD
32,HP,Notebook,17.3,Full HD 1920x1080,AMD A6-Series 9220 2.5GHz,4,500GB HDD,AMD Radeon 530,Windows 10,2.71,82098.61919999999,2.5,0,500,0,0,1920.0,1080.0,AMD
33,Dell,Ultrabook,13.3,Touchscreen / Quad HD+ 3200x1800,Intel Core i7 8550U 1.8GHz,16,512GB SSD,Intel UHD Graphics 620,Windows 10,1.2,349526.9232,1.8,512,0,1,0,3200.0,1800.0,Intel
34,Apple,Ultrabook,13.3,1440x900,Intel Core i5 1.6GHz,8,256GB Flash Storage,Intel HD Graphics 6000,Mac OS X,1.35,186638.7744,1.6,256,0,0,0,1440.0,900.0,Intel
35,Lenovo,Notebook,14.0,1366x768,Intel Celeron Dual Core N3350 1.1GHz,4,64GB Flash Storage,Intel HD Graphics 500,Windows 10,1.44,46566.18719999999,1.1,64,0,0,0,1366.0,768.0,Intel
36,Acer,Notebook,15.6,1366x768,Intel Core i3 7130U 2.7GHz,4,1TB HDD,Intel HD Graphics 620,Linux,2.1,68633.69759999998,2.7,0,1000,0,0,1366.0,768.0,Intel
37,Dell,Notebook,17.3,IPS Panel Full HD 1920x1080,Intel Core i5 8250U 1.6GHz,8,128GB SSD +  1TB HDD,AMD Radeon 530,Windows 10,2.8,183085.5312,1.6,128000,0,0,1,1920.0,1080.0,AMD
38,HP,Notebook,15.6,1366x768,Intel Core i5 7200U 2.5GHz,4,1TB HDD,Intel HD Graphics 620,Windows 10,1.86,91391.285232,2.5,0,1000,0,0,1366.0,768.0,Intel
39,HP,Notebook,15.6,Full HD 1920x1080,Intel Core i5 8250U 1.6GHz,8,256GB SSD,Nvidia GeForce 930MX ,Windows 10,2.1,164384.2512,1.6,256,0,0,0,1920.0,1080.0,Nvidia
40,Asus,Notebook,15.6,Full HD 1920x1080,Intel Core i3 6006U 2GHz,4,1TB HDD,Intel HD Graphics 620,Linux,2.0,72747.97919999999,2.0,0,1000,0,0,1920.0,1080.0,Intel
41,Dell,Gaming,15.6,IPS Panel Full HD 1920x1080,Intel Core i7 7700HQ 2.8GHz,16,256GB SSD +  1TB HDD,Nvidia GeForce GTX 1060,Windows 10,2.65,280332.1872,2.8,256000,0,0,1,1920.0,1080.0,Nvidia
42,Asus,Notebook,15.6,1366x768,Intel Core i5 7200U 2.5GHz,8,1TB HDD,Nvidia GeForce 940MX,Linux,2.3,97805.824272,2.5,0,1000,0,0,1366.0,768.0,Nvidia
43,Acer,Notebook,15.6,IPS Panel Full HD 1920x1080,Intel Core i5 8250U 1.6GHz,4,256GB SSD,Intel UHD Graphics 620,Windows 10,2.2,127542.72959999999,1.6,256,0,0,1,1920.0,1080.0,Intel
44,Dell,2 in 1 Convertible,17.3,Full HD / Touchscreen 1920x1080,Intel Core i5 8250U 1.6GHz,12,1TB HDD,Nvidia GeForce 150MX,Windows 10,2.77,186825.7872,1.6,0,1000,1,0,1920.0,1080.0,Nvidia
45,Apple,Ultrabook,13.3,IPS Panel Retina Display 2560x1600,Intel Core i5 2.0GHz,8,256GB SSD,Intel Iris Graphics 540,macOS,1.37,265371.16319999995,2.0,256,0,0,1,2560.0,1600.0,Intel
46,Lenovo,Notebook,15.6,1366x768,Intel Core i3 6006U 2GHz,4,128GB SSD,Intel HD Graphics 520,No OS,2.2,69007.7232,2.0,128,0,0,0,1366.0,768.0,Intel
47,Asus,Gaming,17.3,Full HD 1920x1080,AMD Ryzen 1700 3GHz,8,256GB SSD +  1TB HDD,AMD Radeon RX 580,Windows 10,3.2,242929.6272,3.0,256000,0,0,0,1920.0,1080.0,AMD
48,Dell,Notebook,15.6,Full HD 1920x1080,Intel Core i5 7200U 2.5GHz,4,256GB SSD,AMD Radeon R5 M430,Windows 10,2.3,119501.17919999998,2.5,256,0,0,0,1920.0,1080.0,AMD
49,Asus,Notebook,17.3,1366x768,Intel Pentium Quad Core N4200 1.1GHz,4,1TB HDD,Nvidia GeForce 920MX,Windows 10,2.8,87147.96479999999,1.1,0,1000,0,0,1366.0,768.0,Nvidia
50,Lenovo,2 in 1 Convertible,10.1,IPS Panel Touchscreen 1920x1200,Intel Atom x5-Z8550 1.44GHz,4,64GB Flash Storage,Intel HD Graphics 400,Android,0.69,59657.083199999994,1.44,64,0,1,1,1920.0,1200.0,Intel
51,Acer,Notebook,15.6,IPS Panel Full HD 1920x1080,Intel Core i7 8550U 1.8GHz,8,256GB SSD,Nvidia GeForce MX150,Windows 10,2.2,157277.7648,1.8,256,0,0,1,1920.0,1080.0,Nvidia
52,HP,Notebook,15.6,Full HD 1920x1080,AMD A6-Series 9220 2.5GHz,4,256GB SSD,AMD Radeon R4 Graphics,Windows 10,1.86,74522.730672,2.5,256,0,0,0,1920.0,1080.0,AMD
53,HP,Notebook,13.3,Full HD 1920x1080,Intel Core i7 8550U 1.8GHz,8,512GB SSD,Intel UHD Graphics 620,Windows 10,1.49,206275.11839999998,1.8,512,0,0,0,1920.0,1080.0,Intel
54,Acer,Notebook,15.6,1366x768,Intel Core i3 7100U 2.4GHz,4,1TB HDD,Intel HD Graphics 620,Windows 10,2.4,71812.9152,2.4,0,1000,0,0,1366.0,768.0,Intel
55,Dell,Notebook,15.6,Full HD 1920x1080,Intel Core i7 8550U 1.8GHz,8,256GB SSD,AMD Radeon 520,Windows 10,2.13,143588.42784,1.8,256,0,0,0,1920.0,1080.0,AMD
56,HP,Notebook,15.6,Full HD 1920x1080,Intel Core i3 6006U 2GHz,4,128GB SSD,Intel HD Graphics 520,Windows 10,1.91,82098.61919999999,2.0,128,0,0,0,1920.0,1080.0,Intel
57,Asus,Notebook,15.6,1366x768,Intel Core i5 7200U 2.5GHz,4,256GB SSD,Intel HD Graphics 620,Windows 10,2.0,109625.033232,2.5,256,0,0,0,1366.0,768.0,Intel
58,MSI,Gaming,17.3,Full HD 1920x1080,Intel Core i7 7700HQ 2.8GHz,16,256GB SSD +  2TB HDD,Nvidia GeForce GTX 1070,Windows 10,2.43,457994.34719999996,2.8,256000,0,0,0,1920.0,1080.0,Nvidia
59,Asus,Notebook,15.6,Full HD 1920x1080,Intel Core i3 6006U 2GHz,4,256GB SSD,Intel HD Graphics 520,Linux,2.0,77610.31199999999,2.0,256,0,0,0,1920.0,1080.0,Intel
60,Dell,Notebook,17.3,Full HD 1920x1080,Intel Core i7 8550U 1.8GHz,16,256GB SSD +  2TB HDD,AMD Radeon 530,Windows 10,2.8,242929.6272,1.8,256000,0,0,0,1920.0,1080.0,AMD
61,Dell,Ultrabook,14.0,Full HD 1920x1080,Intel Core i5 8250U 1.6GHz,8,256GB SSD,Intel UHD Graphics 620,Windows 10,1.7,164384.2512,1.6,256,0,0,0,1920.0,1080.0,Intel
62,Lenovo,Notebook,14.0,IPS Panel Full HD 1920x1080,Intel Core i3 7130U 2.7GHz,8,256GB SSD,Intel HD Graphics 620,No OS,1.7,112020.6672,2.7,256,0,0,1,1920.0,1080.0,Intel
63,Asus,Notebook,14.0,Full HD 1920x1080,Intel Core i5 8250U 1.6GHz,8,256GB SSD,Intel UHD Graphics 620,Windows 10,1.4,175979.0448,1.6,256,0,0,0,1920.0,1080.0,Intel
64,HP,Notebook,15.6,Full HD 1920x1080,Intel Core i5 7200U 2.5GHz,8,256GB SSD,Intel HD Graphics 620,Windows 10,1.86,129038.83199999998,2.5,256,0,0,0,1920.0,1080.0,Intel
65,Asus,Ultrabook,15.6,Full HD 1920x1080,Intel Core i7 7700HQ 2.8GHz,16,512GB SSD,Nvidia GeForce GTX 1050 Ti,Windows 10,1.8,370846.3824,2.8,512,0,0,0,1920.0,1080.0,Nvidia
66,HP,Notebook,15.6,1366x768,Intel Core i3 6006U 2GHz,4,500GB HDD,AMD Radeon 520,Windows 10,1.86,82040.645232,2.0,0,500,0,0,1366.0,768.0,AMD
67,HP,Notebook,14.0,1366x768,Intel Celeron Dual Core N3060 1.6GHz,4,32GB SSD,Intel HD Graphics 400,Windows 10,1.44,42825.9312,1.6,32,0,0,0,1366.0,768.0,Intel
68,Lenovo,Notebook,15.6,Full HD 1920x1080,Intel Core i5 7200U 2.5GHz,4,1TB HDD,Intel HD Graphics 620,Windows 10,1.9,102670.0272,2.5,0,1000,0,0,1920.0,1080.0,Intel
69,Asus,Gaming,17.3,Full HD 1920x1080,Intel Core i7 7700HQ 2.8GHz,12,1TB HDD,Nvidia GeForce GTX 1050 Ti,Linux,3.0,177475.1472,2.8,0,1000,0,0,1920.0,1080.0,Nvidia
70,Microsoft,Ultrabook,13.5,Touchscreen 2256x1504,Intel Core i5 7200U 2.5GHz,4,128GB SSD,Intel HD Graphics 620,Windows 10 S,1.252,203656.9392,2.5,128,0,1,0,2256.0,1504.0,Intel
71,Dell,Ultrabook,13.3,IPS Panel Full HD 1920x1080,Intel Core i7 8550U 1.8GHz,8,256GB SSD,AMD Radeon 530,Windows 10,1.4,178597.224,1.8,256,0,0,1,1920.0,1080.0,AMD
72,Dell,Notebook,15.6,Full HD 1920x1080,Intel Core i7 8550U 1.8GHz,8,256GB SSD,AMD Radeon 530,Windows 10,2.2,162701.136,1.8,256,0,0,0,1920.0,1080.0,AMD
73,MSI,Gaming,17.3,Full HD 1920x1080,Intel Core i5 7300HQ 2.5GHz,8,128GB SSD +  1TB HDD,Nvidia GeForce GTX 1050,Windows 10,2.7,204779.01599999997,2.5,128000,0,0,0,1920.0,1080.0,Nvidia
74,Acer,Notebook,14.0,1366x768,Intel Core i3 6006U 2GHz,8,1TB HDD,Intel HD Graphics 520,Windows 10,2.1,72747.97919999999,2.0,0,1000,0,0,1366.0,768.0,Intel
75,Asus,Gaming,15.6,Full HD 1920x1080,Intel Core i7 7700HQ 2.8GHz,8,1TB HDD,Nvidia GeForce GTX 1050,Windows 10,2.2,177475.1472,2.8,0,1000,0,0,1920.0,1080.0,Nvidia
76,Lenovo,Notebook,15.6,Full HD 1920x1080,Intel Core i5 7200U 2.5GHz,8,2TB HDD,Intel HD Graphics 620,No OS,2.2,97059.64319999999,2.5,0,2000,0,0,1920.0,1080.0,Intel
77,Dell,Notebook,15.6,Full HD 1920x1080,Intel Core i7 8550U 1.8GHz,8,128GB SSD +  1TB HDD,Intel UHD Graphics 620,Windows 10,2.02,159895.944,1.8,128000,0,0,0,1920.0,1080.0,Intel
78,Acer,Notebook,15.6,Full HD 1920x1080,Intel Core i3 7130U 2.7GHz,4,1TB HDD,Nvidia GeForce MX130,Windows 10,2.2,99116.784,2.7,0,1000,0,0,1920.0,1080.0,Nvidia
79,HP,Notebook,17.3,Full HD 1920x1080,Intel Core i5 8250U 1.6GHz,8,128GB SSD +  1TB HDD,Nvidia GeForce 930MX,Windows 10,2.5,182711.50559999997,1.6,128000,0,0,0,1920.0,1080.0,Nvidia
80,Dell,Ultrabook,15.6,IPS Panel Full HD 1920x1080,Intel Core i5 8250U 1.6GHz,8,256GB SSD,Intel UHD Graphics 620,Windows 10,1.88,204995.95084799998,1.6,256,0,0,1,1920.0,1080.0,Intel
81,Apple,Ultrabook,12.0,IPS Panel Retina Display 2304x1440,Intel Core i5 1.3GHz,8,512GB SSD,Intel HD Graphics 615,macOS,0.92,282389.328,1.3,512,0,0,1,2304.0,1440.0,Intel
82,HP,Notebook,14.0,Full HD 1920x1080,Intel Core i5 8250U 1.6GHz,8,256GB SSD,Intel HD Graphics 620,Windows 10,1.63,160831.008,1.6,256,0,0,0,1920.0,1080.0,Intel
83,Lenovo,Notebook,15.6,Full HD 1920x1080,AMD A6-Series 9220 2.5GHz,4,128GB SSD,AMD R4 Graphics,Windows 10,2.2,74618.1072,2.5,128,0,0,0,1920.0,1080.0,AMD
84,Acer,Notebook,15.6,1366x768,AMD A9-Series 9420 3GHz,4,1TB HDD,AMD Radeon R5,Windows 10,2.1,73870.056,3.0,0,1000,0,0,1366.0,768.0,AMD
85,Dell,Gaming,15.6,IPS Panel Full HD 1920x1080,Intel Core i7 7700HQ 2.8GHz,16,128GB SSD +  1TB HDD,Nvidia GeForce GTX 1050 Ti,Windows 10,2.65,252280.2672,2.8,128000,0,0,1,1920.0,1080.0,Nvidia
86,HP,Ultrabook,15.6,IPS Panel Full HD 1920x1080,Intel Core i7 8550U 1.8GHz,8,256GB SSD,Nvidia GeForce GTX 940MX,Windows 10,1.83,130721.9472,1.8,256,0,0,1,1920.0,1080.0,Nvidia
87,HP,Notebook,15.6,Full HD 1920x1080,Intel Core i5 7200U 2.5GHz,8,256GB SSD,Intel HD Graphics 620,Windows 10,1.96,112018.797072,2.5,256,0,0,0,1920.0,1080.0,Intel
88,Asus,Gaming,15.6,IPS Panel Full HD 1920x1080,Intel Core i7 7700HQ 2.8GHz,16,128GB SSD +  1TB HDD,Nvidia GeForce GTX 1060,Windows 10,2.2,270981.5472,2.8,128000,0,0,1,1920.0,1080.0,Nvidia
89,Dell,Ultrabook,13.3,IPS Panel Full HD 1920x1080,Intel Core i7 8550U 1.8GHz,8,256GB SSD,Intel UHD Graphics 620,Windows 10,1.21,308384.10719999997,1.8,256,0,0,1,1920.0,1080.0,Intel
90,Asus,Gaming,15.6,Full HD 1920x1080,AMD FX 9830P 3GHz,8,1TB HDD,AMD Radeon RX 560,Windows 10,2.45,130721.9472,3.0,0,1000,0,0,1920.0,1080.0,AMD
91,Acer,Notebook,15.6,Full HD 1920x1080,Intel Core i7 8550U 1.8GHz,8,1TB HDD,Nvidia GeForce MX150,Windows 10,2.2,128851.81919999998,1.8,0,1000,0,0,1920.0,1080.0,Nvidia
92,HP,Notebook,13.3,Full HD 1920x1080,Intel Core i7 8550U 1.8GHz,16,512GB SSD,Intel UHD Graphics 620,Windows 10,1.49,223854.3216,1.8,512,0,0,0,1920.0,1080.0,Intel
93,Dell,Gaming,15.6,Full HD 1920x1080,Intel Core i5 7300HQ 2.5GHz,8,256GB SSD,Nvidia GeForce GTX 1060,Windows 10,2.65,223480.29599999997,2.5,256,0,0,0,1920.0,1080.0,Nvidia
94,Asus,Ultrabook,14.0,Full HD 1920x1080,Intel Core i7 7500U 2.7GHz,8,256GB SSD,Intel HD Graphics 620,Windows 10,1.25,196176.4272,2.7,256,0,0,0,1920.0,1080.0,Intel
95,Acer,2 in 1 Convertible,13.3,IPS Panel Full HD / Touchscreen 1920x1080,Intel Core i5 8250U 1.6GHz,8,256GB SSD,Intel UHD Graphics 620,Windows 10,1.5,158399.8416,1.6,256,0,1,1,1920.0,1080.0,Intel
96,Dell,Notebook,15.6,Full HD 1920x1080,Intel Core i7 7500U 2.7GHz,8,1TB HDD,AMD Radeon R5 M430,Linux,2.2,112188.97871999998,2.7,0,1000,0,0,1920.0,1080.0,AMD
97,Dell,Notebook,15.6,Full HD 1920x1080,Intel Core i3 6006U 2GHz,4,256GB SSD,AMD Radeon R5 M430,Linux,2.2,90701.208,2.0,256,0,0,0,1920.0,1080.0,AMD
98,Asus,Notebook,15.6,Full HD 1920x1080,Intel Core i3 7100U 2.4GHz,6,256GB SSD,Nvidia GeForce 920M,Windows 10,2.0,107906.3856,2.4,256,0,0,0,1920.0,1080.0,Nvidia
99,HP,Gaming,15.6,IPS Panel Full HD 1920x1080,Intel Core i7 7700HQ 2.8GHz,12,128GB SSD +  1TB HDD,Nvidia GeForce GTX 1050,Windows 10,2.62,233578.9872,2.8,128000,0,0,1,1920.0,1080.0,Nvidia
100,HP,Notebook,15.6,Full HD 1920x1080,Intel Core i7 7500U 2.7GHz,8,256GB SSD,AMD Radeon 530,Windows 10,1.91,134462.2032,2.7,256,0,0,0,1920.0,1080.0,AMD
101,HP,Notebook,15.6,Full HD 1920x1080,AMD E-Series E2-9000e 1.5GHz,4,500GB HDD,AMD Radeon R2,Windows 10,2.1,65267.4672,1.5,0,500,0,0,1920.0,1080.0,AMD
102,Dell,Notebook,15.6,Full HD 1920x1080,Intel Core i5 8250U 1.6GHz,8,1TB HDD,AMD Radeon 520,Linux,2.2,120997.2816,1.6,0,1000,0,0,1920.0,1080.0,AMD
103,HP,Ultrabook,13.3,IPS Panel Full HD 1920x1080,Intel Core i7 7500U 2.7GHz,8,256GB SSD,Nvidia GeForce MX150,Windows 10,1.38,209267.32319999998,2.7,256,0,0,1,1920.0,1080.0,Nvidia
104,Microsoft,Ultrabook,13.5,Touchscreen 2256x1504,Intel Core i5 7200U 2.5GHz,8,256GB SSD,Intel HD Graphics 620,Windows 10 S,1.252,250597.15199999997,2.5,256,0,1,0,2256.0,1504.0,Intel
105,HP,Notebook,14.0,IPS Panel Full HD 1920x1080,Intel Core i5 7200U 2.5GHz,6,256GB SSD,Nvidia GeForce 940MX,Windows 10,1.58,123241.43519999998,2.5,256,0,0,1,1920.0,1080.0,Nvidia
106,Lenovo,Notebook,15.6,Full HD 1920x1080,Intel Core i3 6006U 2GHz,4,1TB HDD,Intel HD Graphics 520,Windows 10,1.85,77591.61072,2.0,0,1000,0,0,1920.0,1080.0,Intel
107,Asus,Ultrabook,14.0,IPS Panel Full HD 1920x1080,Intel Core i7 7500U 2.7GHz,8,256GB SSD,Nvidia GeForce 940MX,Windows 10,1.3,223106.27039999998,2.7,256,0,0,1,1920.0,1080.0,Nvidia
108,MSI,Gaming,15.6,Full HD 1920x1080,Intel Core i7 7700HQ 2.8GHz,16,256GB SSD +  1TB HDD,Nvidia GeForce GTX 1050 Ti,Windows 10,2.2,242929.6272,2.8,256000,0,0,0,1920.0,1080.0,Nvidia
109,Lenovo,Notebook,14.0,IPS Panel Full HD 1920x1080,Intel Core i7 7500U 2.7GHz,8,256GB SSD,Intel HD Graphics 620,Windows 10,1.58,276778.94399999996,2.7,256,0,0,1,1920.0,1080.0,Intel
110,Asus,Ultrabook,15.6,Full HD 1920x1080,Intel Core i7 8550U 1.8GHz,16,256GB SSD +  1TB HDD,Nvidia GeForce MX150,Windows 10,1.5,236010.1536,1.8,256000,0,0,0,1920.0,1080.0,Nvidia
111,Dell,Ultrabook,13.3,Quad HD+ / Touchscreen 3200x1800,Intel Core i7 7560U 2.4GHz,8,256GB SSD,Intel Iris Plus Graphics 640,Windows 10,1.23,257890.65119999996,2.4,256,0,1,0,3200.0,1800.0,Intel
112,Lenovo,2 in 1 Convertible,13.3,IPS Panel Full HD / Touchscreen 1920x1080,Intel Core i5 7200U 2.5GHz,8,256GB SSD,Intel HD Graphics 620,Windows 10,1.37,261630.9072,2.5,256,0,1,1,1920.0,1080.0,Intel
113,HP,Notebook,14.0,IPS Panel 1366x768,Intel Core i5 8250U 1.6GHz,4,500GB HDD,Intel UHD Graphics 620,Windows 10,1.63,135023.2416,1.6,0,500,0,1,1366.0,768.0,Intel
114,Dell,Ultrabook,13.3,IPS Panel Full HD 1920x1080,Intel Core i5 8250U 1.6GHz,8,256GB SSD,Intel UHD Graphics 620,Windows 10,1.21,304643.8512,1.6,256,0,0,1,1920.0,1080.0,Intel
115,HP,2 in 1 Convertible,13.3,IPS Panel Full HD / Touchscreen 1920x1080,Intel Core i5 8250U 1.6GHz,8,256GB SSD,Intel UHD Graphics 620,Windows 10,1.26,261629.03707199998,1.6,256,0,1,1,1920.0,1080.0,Intel
116,HP,Notebook,14.0,Full HD 1920x1080,Intel Core i7 8550U 1.8GHz,8,512GB SSD,Intel UHD Graphics 620,Windows 10,1.63,202721.87519999998,1.8,512,0,0,0,1920.0,1080.0,Intel
117,Dell,Notebook,15.6,IPS Panel Full HD 1920x1080,Intel Core i7 8550U 1.8GHz,8,256GB SSD +  1TB HDD,Nvidia GeForce 940MX,Windows 10,2.16,211386.17822399997,1.8,256000,0,0,1,1920.0,1080.0,Nvidia
118,Asus,Notebook,17.3,Full HD 1920x1080,Intel Core i3 6006U 2GHz,4,1TB HDD,Nvidia GeForce 920MX,Windows 10,2.0,105475.21919999999,2.0,0,1000,0,0,1920.0,1080.0,Nvidia
119,Asus,Notebook,15.6,Full HD 1920x1080,Intel Core i7 8550U 1.8GHz,8,256GB SSD,Nvidia GeForce 940MX,Windows 10,1.7,209080.3104,1.8,256,0,0,0,1920.0,1080.0,Nvidia
120,Acer,Notebook,15.6,IPS Panel Full HD / Touchscreen 1920x1080,Intel Core i3 7100U 2.4GHz,6,1TB HDD,Intel HD Graphics 620,Windows 10,2.1,89579.13119999999,2.4,0,1000,1,1,1920.0,1080.0,Intel
121,MSI,Gaming,15.6,Full HD 1920x1080,Intel Core i7 7700HQ 2.8GHz,16,256GB SSD +  2TB HDD,Nvidia GeForce GTX 1070,Windows 10,1.8,419189.19119999994,2.8,256000,0,0,0,1920.0,1080.0,Nvidia
122,Lenovo,Notebook,15.6,Full HD 1920x1080,Intel Core i5 7200U 2.5GHz,8,256GB SSD,Nvidia GeForce 940MX,No OS,2.2,117631.05119999997,2.5,256,0,0,0,1920.0,1080.0,Nvidia
123,HP,Notebook,17.3,Full HD 1920x1080,Intel Core i7 8550U 1.8GHz,16,512GB SSD,Nvidia GeForce 930MX ,Windows 10,2.5,237693.2688,1.8,512,0,0,0,1920.0,1080.0,Nvidia
124,Acer,Notebook,15.6,1366x768,AMD A9-Series 9420 3GHz,4,256GB SSD,AMD Radeon R5,Windows 10,2.1,84342.77279999999,3.0,256,0,0,0,1366.0,768.0,AMD
125,HP,Notebook,15.6,1366x768,Intel Celeron Dual Core N3060 1.6GHz,4,500GB HDD,Intel HD Graphics 400,No OS,1.86,48436.3152,1.6,0,500,0,0,1366.0,768.0,Intel
126,HP,Notebook,14.0,Full HD 1920x1080,Intel Core i5 8250U 1.6GHz,8,1TB HDD,Intel UHD Graphics 620,Windows 10,1.63,151854.39359999998,1.6,0,1000,0,0,1920.0,1080.0,Intel
127,Asus,Notebook,14.0,1366x768,AMD E-Series 6110 1.5GHz,4,64GB SSD,AMD Radeon R2,Windows 10 S,1.65,51987.68827199999,1.5,64,0,0,0,1366.0,768.0,AMD
128,Dell,Notebook,17.3,Full HD 1920x1080,Intel Core i7 8550U 1.8GHz,16,256GB SSD +  2TB HDD,AMD Radeon 530,Windows 10,2.8,261069.86879999994,1.8,256000,0,0,0,1920.0,1080.0,AMD
129,HP,Notebook,17.3,Full HD 1920x1080,Intel Core i5 8250U 1.6GHz,8,256GB SSD,Intel UHD Graphics 620,Windows 10,2.5,173547.8784,1.6,256,0,0,0,1920.0,1080.0,Intel
130,Dell,Notebook,15.6,1366x768,Intel Core i5 7200U 2.5GHz,8,1TB HDD,AMD Radeon R7 M445,Windows 10,2.36,119499.30907199999,2.5,0,1000,0,0,1366.0,768.0,AMD
131,Dell,Notebook,15.6,Full HD 1920x1080,Intel Core i3 6006U 2GHz,4,1TB HDD,AMD Radeon R5 M430,Windows 10,2.2,83968.7472,2.0,0,1000,0,0,1920.0,1080.0,AMD
132,Acer,Ultrabook,14.0,IPS Panel Full HD 1920x1080,Intel Core i7 8550U 1.8GHz,8,256GB SSD,Intel UHD Graphics 620,Windows 10,1.6,165319.31519999998,1.8,256,0,0,1,1920.0,1080.0,Intel
133,Acer,Notebook,15.6,Full HD 1920x1080,Intel Core i3 7130U 2.7GHz,4,256GB SSD,Nvidia GeForce MX130,Windows 10,2.2,106971.3216,2.7,256,0,0,0,1920.0,1080.0,Nvidia
134,HP,Notebook,15.6,1366x768,Intel Core i7 7500U 2.7GHz,8,1TB HDD,Intel HD Graphics 620,Windows 10,2.05,111833.65439999998,2.7,0,1000,0,0,1366.0,768.0,Intel
135,HP,Notebook,14.0,Full HD 1920x1080,Intel Core i7 8550U 1.8GHz,8,256GB SSD,Intel UHD Graphics 620,Windows 10,1.63,184768.6464,1.8,256,0,0,0,1920.0,1080.0,Intel
136,Lenovo,Notebook,15.6,1366x768,Intel Celeron Dual Core N3350 1.1GHz,4,1TB HDD,Intel HD Graphics 500,No OS,1.9,47194.55020799999,1.1,0,1000,0,0,1366.0,768.0,Intel
137,Asus,Gaming,17.3,Full HD 1920x1080,Intel Core i5 7300HQ 2.5GHz,8,128GB SSD +  1TB HDD,Nvidia GeForce GTX 1050,Windows 10,3.0,175418.00639999998,2.5,128000,0,0,0,1920.0,1080.0,Nvidia
138,Lenovo,Notebook,15.6,Full HD 1920x1080,Intel Core i5 7200U 2.5GHz,4,1TB HDD,Nvidia GeForce 920MX,No OS,2.2,93319.3872,2.5,0,1000,0,0,1920.0,1080.0,Nvidia
139,HP,Notebook,13.3,IPS Panel Full HD 1920x1080,Intel Core i5 7200U 2.5GHz,4,256GB SSD,Intel HD Graphics 620,Windows 10,1.32,130721.9472,2.5,256,0,0,1,1920.0,1080.0,Intel
140,Acer,Notebook,17.3,IPS Panel Full HD 1920x1080,Intel Core i3 7130U 2.7GHz,4,1TB HDD,Nvidia GeForce MX130,Windows 10,3.0,122493.38399999999,2.7,0,1000,0,1,1920.0,1080.0,Nvidia
141,Lenovo,Notebook,14.0,IPS Panel Full HD 1920x1080,Intel Core i5 8250U 1.6GHz,8,256GB SSD,AMD Radeon RX 550,Windows 10,1.75,208710.02505599998,1.6,256,0,0,1,1920.0,1080.0,AMD
142,Lenovo,Gaming,15.6,IPS Panel Full HD 1920x1080,Intel Core i7 7700HQ 2.8GHz,8,256GB SSD,Nvidia GeForce GTX 1050M,No OS,2.4,162514.1232,2.8,256,0,0,1,1920.0,1080.0,Nvidia
143,Toshiba,Notebook,15.6,1366x768,Intel Core i5 6200U 2.3GHz,4,500GB HDD,Intel HD Graphics 520,Windows 10,2.1,112581.7056,2.3,0,500,0,0,1366.0,768.0,Intel
144,HP,Notebook,15.6,1366x768,AMD A6-Series 9220 2.5GHz,4,256GB SSD,AMD Radeon R4 Graphics,Windows 10,1.86,69007.7232,2.5,256,0,0,0,1366.0,768.0,AMD
145,Asus,Ultrabook,14.0,Full HD 1920x1080,Intel Core i7 8550U 1.8GHz,8,256GB SSD,Intel UHD Graphics 620,Windows 10,1.25,205527.0672,1.8,256,0,0,0,1920.0,1080.0,Intel
146,HP,Ultrabook,12.5,IPS Panel 4K Ultra HD / Touchscreen 3840x2160,Intel Core M 6Y75 1.2GHz,8,512GB SSD,Intel HD Graphics 515,Windows 10,0.97,376643.7792,1.2,512,0,1,1,3840.0,2160.0,Intel
147,Asus,Notebook,15.6,Full HD 1920x1080,Intel Celeron Dual Core N3350 1.1GHz,4,1TB HDD,Intel HD Graphics 500,Windows 10,2.0,64332.40319999999,1.1,0,1000,0,0,1920.0,1080.0,Intel
148,MSI,Gaming,17.3,Full HD 1920x1080,Intel Core i7 7700HQ 2.8GHz,16,256GB SSD +  1TB HDD,Nvidia GeForce GTX 1070,Windows 10,2.9,379448.97119999997,2.8,256000,0,0,0,1920.0,1080.0,Nvidia
149,Acer,Notebook,15.6,1366x768,Intel Core i3 6006U 2GHz,4,1TB HDD,Intel HD Graphics 520,Windows 10,2.1,83594.72159999999,2.0,0,1000,0,0,1366.0,768.0,Intel
150,Dell,Gaming,15.6,Full HD 1920x1080,Intel Core i7 7700HQ 2.8GHz,16,512GB SSD,Nvidia GeForce GTX 1050,Windows 10,2.56,233627.61052799996,2.8,512,0,0,0,1920.0,1080.0,Nvidia
151,Dell,Gaming,15.6,Full HD 1920x1080,Intel Core i7 7700HQ 2.8GHz,8,1.0TB Hybrid,Nvidia GeForce GTX 1050,Windows 10,2.62,168124.5072,2.8,0,0,0,0,1920.0,1080.0,Nvidia
152,Lenovo,Notebook,15.6,1366x768,Intel Core i5 7200U 2.5GHz,4,128GB SSD,Intel HD Graphics 620,Windows 10,1.9,93132.37439999999,2.5,128,0,0,0,1366.0,768.0,Intel
153,MSI,Gaming,17.3,Full HD 1920x1080,Intel Core i7 7700HQ 2.8GHz,16,256GB SSD +  1TB HDD,Nvidia GeForce GTX 1060,Windows 10,2.8,353454.192,2.8,256000,0,0,0,1920.0,1080.0,Nvidia
154,HP,Ultrabook,14.0,Full HD 1920x1080,Intel Core i5 7500U 2.7GHz,4,256GB SSD,Intel HD Graphics 620,Windows 10,1.48,202347.8496,2.7,256,0,0,0,1920.0,1080.0,Intel
155,HP,Notebook,15.6,Full HD 1920x1080,Intel Core i5 8250U 1.6GHz,6,256GB SSD,AMD Radeon 520,Windows 10,1.91,115760.92319999999,1.6,256,0,0,0,1920.0,1080.0,AMD
156,Lenovo,2 in 1 Convertible,14.0,IPS Panel Full HD / Touchscreen 1920x1080,Intel Core i3 7100U 2.4GHz,4,256GB SSD,Intel HD Graphics 620,Windows 10,1.74,117631.05119999997,2.4,256,0,1,1,1920.0,1080.0,Intel
157,Asus,2 in 1 Convertible,13.3,Full HD / Touchscreen 1920x1080,Intel Core i5 8250U 1.6GHz,8,256GB SSD,Intel HD Graphics 620,Windows 10,1.1,245921.83199999997,1.6,256,0,1,0,1920.0,1080.0,Intel
158,Dell,2 in 1 Convertible,15.6,Full HD / Touchscreen 1920x1080,Intel Core i7 8550U 1.8GHz,8,256GB SSD,Intel UHD Graphics 620,Windows 10,1.56,196176.4272,1.8,256,0,1,0,1920.0,1080.0,Intel
159,Toshiba,Notebook,15.6,1366x768,Intel Core i3 6006U 2.2GHz,4,500GB HDD,Intel HD Graphics 520,Windows 10,2.1,83594.72159999999,2.2,0,500,0,0,1366.0,768.0,Intel
160,Asus,Notebook,15.6,1366x768,AMD A9-Series 9420 3GHz,4,1TB HDD,AMD Radeon R5 M420,Windows 10,2.03,75366.1584,3.0,0,1000,0,0,1366.0,768.0,AMD
161,Acer,Notebook,17.3,IPS Panel Full HD 1920x1080,Intel Core i5 8250U 1.6GHz,4,256GB SSD,Nvidia GeForce MX150,Windows 10,3.0,150545.304,1.6,256,0,0,1,1920.0,1080.0,Nvidia
162,Dell,Notebook,15.6,Full HD 1920x1080,Intel Core i5 8250U 1.6GHz,8,256GB SSD,AMD Radeon 520,Windows 10,2.13,136145.3184,1.6,256,0,0,0,1920.0,1080.0,AMD
163,Lenovo,Gaming,15.6,IPS Panel Full HD 1920x1080,Intel Core i7 7700HQ 2.8GHz,16,256GB SSD,Nvidia GeForce GTX 1050 Ti,Windows 10,2.5,201786.8112,2.8,256,0,0,1,1920.0,1080.0,Nvidia
164,Acer,Notebook,15.6,1366x768,Intel Celeron Dual Core N3350 1.1GHz,4,1TB HDD,Intel HD Graphics 500,Windows 10,2.1,65080.454399999995,1.1,0,1000,0,0,1366.0,768.0,Intel
165,MSI,Gaming,15.6,IPS Panel Full HD 1920x1080,Intel Core i7 7700HQ 2.8GHz,16,256GB SSD +  1TB HDD,Nvidia GeForce GTX 1060,Windows 10,2.4,336436.0272,2.8,256000,0,0,1,1920.0,1080.0,Nvidia
166,Acer,Notebook,15.6,1366x768,Intel Pentium Quad Core N4200 1.1GHz,4,1TB HDD,Intel HD Graphics 505,Windows 10,2.1,67981.02292799999,1.1,0,1000,0,0,1366.0,768.0,Intel
167,Dell,Gaming,15.6,Full HD 1920x1080,Intel Core i7 7700HQ 2.8GHz,8,128GB SSD +  1TB HDD,Nvidia GeForce GTX 1050,Windows 10,2.56,198325.204272,2.8,128000,0,0,0,1920.0,1080.0,Nvidia
168,Acer,Notebook,17.3,IPS Panel Full HD 1920x1080,Intel Core i5 8250U 1.6GHz,8,256GB SSD,Nvidia GeForce MX150,Windows 10,3.0,159708.9312,1.6,256,0,0,1,1920.0,1080.0,Nvidia
169,HP,Notebook,13.3,IPS Panel Full HD 1920x1080,Intel Core i5 8250U 1.6GHz,4,500GB HDD,Intel UHD Graphics 620,Windows 10,1.49,141007.6512,1.6,0,500,0,1,1920.0,1080.0,Intel
170,Huawei,Ultrabook,13.0,IPS Panel Full HD 2160x1440,Intel Core i5 7200U 2.5GHz,8,256GB SSD,Intel HD Graphics 620,Windows 10,1.05,252280.2672,2.5,256,0,0,1,2160.0,1440.0,Intel
171,HP,Notebook,17.3,IPS Panel Full HD 1920x1080,Intel Core i5 7200U 2.5GHz,6,2TB HDD,AMD Radeon 520,Windows 10,2.71,130721.9472,2.5,0,2000,0,1,1920.0,1080.0,AMD
172,Lenovo,Notebook,15.6,1366x768,AMD A6-Series 9220 2.9GHz,4,500GB HDD,AMD Radeon R4 Graphics,No OS,2.2,57786.9552,2.9,0,500,0,0,1366.0,768.0,AMD
173,Toshiba,Notebook,15.6,1366x768,Intel Core i3 7100U 2.4GHz,4,500GB HDD,Intel HD Graphics 620,Windows 10,2.0,91449.25919999999,2.4,0,500,0,0,1366.0,768.0,Intel
174,HP,Notebook,17.3,Full HD 1920x1080,Intel Core i5 8250U 1.6GHz,8,256GB SSD,Nvidia GeForce 930MX,Windows 10,2.5,172612.8144,1.6,256,0,0,0,1920.0,1080.0,Nvidia
175,Dell,Notebook,15.6,1366x768,Intel Core i3 7100U 2.4GHz,8,1TB HDD,Intel HD Graphics 620,Windows 10,2.3,85838.8752,2.4,0,1000,0,0,1366.0,768.0,Intel
176,Acer,Notebook,15.6,1366x768,Intel Core i3 6006U 2GHz,4,128GB SSD,Intel HD Graphics 520,Windows 10,2.1,83968.7472,2.0,128,0,0,0,1366.0,768.0,Intel
177,MSI,Gaming,18.4,Full HD 1920x1080,Intel Core i7 6920HQ 2.9GHz,32,512GB SSD +  1TB HDD,Nvidia GTX 980 SLI,Windows 10,4.4,523448.8272,2.9,512000,0,0,0,1920.0,1080.0,Nvidia
178,Lenovo,Notebook,15.6,Full HD 1920x1080,Intel Core i5 7200U 2.5GHz,8,128GB SSD +  1TB HDD,AMD R17M-M1-70,Windows 10,1.9,152041.40639999998,2.5,128000,0,0,0,1920.0,1080.0,AMD
179,HP,2 in 1 Convertible,13.3,IPS Panel 4K Ultra HD / Touchscreen 3840x2160,Intel Core i5 8250U 1.6GHz,8,256GB SSD,Intel UHD Graphics 620,Windows 10,1.29,280332.1872,1.6,256,0,1,1,3840.0,2160.0,Intel
180,Dell,Notebook,15.6,Full HD 1920x1080,Intel Core i7 8550U 1.8GHz,16,256GB SSD +  2TB HDD,AMD Radeon 530,Linux,2.02,196176.4272,1.8,256000,0,0,0,1920.0,1080.0,AMD
181,Dell,Ultrabook,13.3,Full HD 1920x1080,Intel Core i5 8250U 1.6GHz,8,256GB SSD,Intel UHD Graphics 620,Windows 10,1.23,261630.9072,1.6,256,0,0,0,1920.0,1080.0,Intel
182,Lenovo,2 in 1 Convertible,13.9,IPS Panel 4K Ultra HD / Touchscreen 3840x2160,Intel Core i7 8550U 1.8GHz,16,512GB SSD,Intel UHD Graphics 620,Windows 10,1.4,345786.66719999997,1.8,512,0,1,1,3840.0,2160.0,Intel
183,Toshiba,Notebook,15.6,1366x768,Intel Core i5 7200U 2.5GHz,8,128GB SSD,Intel HD Graphics 620,Windows 10,2.0,148301.15039999998,2.5,128,0,0,0,1366.0,768.0,Intel
184,Xiaomi,Notebook,15.6,IPS Panel Full HD 1920x1080,Intel Core i5 8250U 1.6GHz,8,256GB SSD,Nvidia GeForce MX150,No OS,1.95,224228.3472,1.6,256,0,0,1,1920.0,1080.0,Nvidia
185,Dell,Notebook,17.3,Full HD / Touchscreen 1920x1080,Intel Core i7 8550U 1.8GHz,16,512GB SSD,Nvidia GeForce 150MX,Windows 10,2.77,289682.8272,1.8,512,0,1,0,1920.0,1080.0,Nvidia
186,Dell,Notebook,15.6,4K Ultra HD / Touchscreen 3840x2160,Intel Core i7 7700HQ 2.8GHz,16,512GB SSD,Nvidia GeForce GTX 1050,Windows 10,2.06,448269.6816,2.8,512,0,1,0,3840.0,2160.0,Nvidia
187,Lenovo,Gaming,15.6,IPS Panel Full HD 1920x1080,Intel Core i5 7300HQ 2.5GHz,8,256GB SSD,Nvidia GeForce GTX 1050,No OS,2.4,145682.9712,2.5,256,0,0,1,1920.0,1080.0,Nvidia
188,Acer,Ultrabook,13.3,IPS Panel Full HD 1920x1080,Intel Core i5 7Y54 1.2GHz,8,256GB SSD,Intel HD Graphics 615,Windows 10,1.12,184955.6592,1.2,256,0,0,1,1920.0,1080.0,Intel
189,Dell,Notebook,17.3,Full HD 1920x1080,Intel Core i7 8550U 1.8GHz,8,128GB SSD +  1TB HDD,AMD Radeon 530,Windows 10,2.8,202908.888,1.8,128000,0,0,0,1920.0,1080.0,AMD
190,Lenovo,2 in 1 Convertible,14.0,Touchscreen 2560x1440,Intel Core i7 7500U 2.7GHz,16,1TB SSD,Intel HD Graphics 620,Windows 10,1.42,528124.1472,2.7,1000,0,1,0,2560.0,1440.0,Intel
191,Vero,Notebook,14.0,IPS Panel Full HD 1920x1080,Intel Celeron Dual Core N3350 1.1GHz,4,32GB Flash Storage,Intel HD Graphics 500,Windows 10,1.3,48623.327999999994,1.1,32,0,0,1,1920.0,1080.0,Intel
192,Xiaomi,Ultrabook,13.3,IPS Panel Full HD 1920x1080,Intel Core i5 7200U 2.5GHz,8,256GB SSD,Nvidia GeForce MX150,No OS,1.3,186994.09871999995,2.5,256,0,0,1,1920.0,1080.0,Nvidia
193,Lenovo,Notebook,17.3,1600x900,Intel Core i5 8250U 1.6GHz,8,256GB SSD,Nvidia GeForce MX150,No OS,2.8,130534.9344,1.6,256,0,0,0,1600.0,900.0,Nvidia
194,Dell,2 in 1 Convertible,13.3,IPS Panel Full HD / Touchscreen 1920x1080,Intel Core i7 8550U 1.8GHz,8,1TB HDD,Intel UHD Graphics 620,Windows 10,1.62,156903.73919999998,1.8,0,1000,1,1,1920.0,1080.0,Intel
195,HP,Notebook,17.3,IPS Panel Full HD 1920x1080,Intel Core i5 8250U 1.6GHz,8,1TB HDD,Nvidia GeForce 930MX,Windows 10,2.5,170929.69919999997,1.6,0,1000,0,1,1920.0,1080.0,Nvidia
196,Razer,Gaming,17.3,4K Ultra HD / Touchscreen 3840x2160,Intel Core i7 7820HK 2.9GHz,32,1TB SSD,Nvidia GeForce GTX 1080,Windows 10,3.49,1140591.0672,2.9,1000,0,1,0,3840.0,2160.0,Nvidia
197,HP,Notebook,13.3,Full HD 1920x1080,Intel Core i5 8250U 1.6GHz,8,512GB SSD,Intel UHD Graphics 620,Windows 10,1.49,179345.27519999997,1.6,512,0,0,0,1920.0,1080.0,Intel
198,HP,Gaming,17.3,IPS Panel Full HD 1920x1080,Intel Core i7 7700HQ 2.8GHz,16,256GB SSD +  1TB HDD,Nvidia GeForce GTX 1050,Windows 10,3.35,257890.65119999996,2.8,256000,0,0,1,1920.0,1080.0,Nvidia
199,HP,Notebook,17.3,Full HD 1920x1080,Intel Core i7 8550U 1.8GHz,8,256GB SSD,Nvidia GeForce 930MX ,Windows 10,2.5,195428.376,1.8,256,0,0,0,1920.0,1080.0,Nvidia
200,Dell,Gaming,15.6,IPS Panel 4K Ultra HD 3840x2160,Intel Core i7 7700HQ 2.8GHz,16,512GB SSD +  1TB HDD,Nvidia GeForce GTX 1060,Windows 10,2.65,345038.616,2.8,512000,0,0,1,3840.0,2160.0,Nvidia
201,Lenovo,Notebook,15.6,1366x768,Intel Core i5 6200U 2.3GHz,4,128GB SSD,Intel HD Graphics 520,Windows 10,2.1,92197.3104,2.3,128,0,0,0,1366.0,768.0,Intel
202,Acer,Notebook,15.6,Full HD 1920x1080,Intel Core i7 7500U 2.7GHz,8,1TB HDD,Nvidia GeForce 940MX,Windows 10,2.23,138763.4976,2.7,0,1000,0,0,1920.0,1080.0,Nvidia
203,Lenovo,Gaming,15.6,IPS Panel Full HD 1920x1080,Intel Core i7 7700HQ 2.8GHz,16,512GB SSD +  1TB HDD,Nvidia GeForce GTX 1060,Windows 10,3.2,327085.3872,2.8,512000,0,0,1,1920.0,1080.0,Nvidia
204,Dell,Workstation,15.6,4K Ultra HD 3840x2160,Intel Xeon E3-1505M V6 3GHz,16,256GB SSD +  1TB HDD,Nvidia Quadro M1200,Windows 10,2.8,571324.1039999999,3.0,256000,0,0,0,3840.0,2160.0,Nvidia
205,Lenovo,Gaming,15.6,Full HD 1920x1080,Intel Core i7 7700HQ 2.8GHz,16,512GB SSD,Nvidia GeForce GTX 1060,No OS,2.4,261443.8944,2.8,512,0,0,0,1920.0,1080.0,Nvidia
206,Dell,Notebook,15.6,Touchscreen 1366x768,Intel Core i3 7100U 2.4GHz,6,1TB HDD,Intel HD Graphics 620,Windows 10,2.3,82098.61919999999,2.4,0,1000,1,0,1366.0,768.0,Intel
207,Dell,Ultrabook,13.3,IPS Panel 4K Ultra HD / Touchscreen 3840x2160,Intel Core i7 8550U 1.8GHz,8,256GB SSD,Intel UHD Graphics 620,Windows 10,1.21,364487.9472,1.8,256,0,1,1,3840.0,2160.0,Intel
208,Dell,Ultrabook,13.3,Full HD 1920x1080,Intel Core i7 8550U 1.8GHz,8,256GB SSD,Intel UHD Graphics 620,Windows 10,1.2,270981.5472,1.8,256,0,0,0,1920.0,1080.0,Intel
209,Lenovo,Notebook,15.6,1366x768,Intel Core i5 7200U 2.5GHz,8,256GB SSD,Intel HD Graphics 620,Windows 10,2.2,111646.64159999999,2.5,256,0,0,0,1366.0,768.0,Intel
210,Acer,Notebook,15.6,Full HD 1920x1080,Intel Core i7 7700HQ 2.8GHz,8,1TB HDD,Nvidia GeForce GTX 1050,Linux,2.4,145682.9712,2.8,0,1000,0,0,1920.0,1080.0,Nvidia
211,Asus,Gaming,17.3,Full HD 1920x1080,Intel Core i7 7700HQ 2.8GHz,16,256GB SSD +  1TB HDD,Nvidia GeForce GTX 1050,Windows 10,2.9,263127.00959999993,2.8,256000,0,0,0,1920.0,1080.0,Nvidia
212,HP,Notebook,15.6,Full HD 1920x1080,Intel Core i3 6006U 2GHz,4,500GB HDD,Intel HD Graphics 520,No OS,2.1,65267.4672,2.0,0,500,0,0,1920.0,1080.0,Intel
213,Lenovo,Notebook,15.6,Full HD 1920x1080,Intel Core i5 7200U 2.5GHz,8,256GB SSD,Intel HD Graphics 620,No OS,2.2,102670.0272,2.5,256,0,0,0,1920.0,1080.0,Intel
214,Huawei,Ultrabook,13.0,IPS Panel Full HD 2160x1440,Intel Core i7 7500U 2.7GHz,8,512GB SSD,Intel HD Graphics 620,Windows 10,1.05,280332.1872,2.7,512,0,0,1,2160.0,1440.0,Intel
215,Dell,Ultrabook,13.3,IPS Panel Full HD 1920x1080,Intel Core i7 8550U 1.8GHz,8,256GB SSD,AMD Radeon 530,Windows 10,1.4,174273.488064,1.8,256,0,0,1,1920.0,1080.0,AMD
216,Lenovo,Notebook,17.3,1600x900,Intel Core i5 7200U 2.5GHz,8,1TB HDD,Nvidia GeForce GTX 940MX,No OS,2.8,110150.53919999998,2.5,0,1000,0,0,1600.0,900.0,Nvidia
217,HP,Notebook,14.0,Full HD 1920x1080,Intel Core i7 8550U 1.8GHz,8,256GB SSD,Nvidia GeForce 930MX,Windows 10,1.63,192810.19679999998,1.8,256,0,0,0,1920.0,1080.0,Nvidia
218,Dell,Ultrabook,14.0,Full HD 1920x1080,Intel Core i5 8250U 1.6GHz,8,256GB SSD,Intel UHD Graphics 620,Windows 10,1.6,214877.7072,1.6,256,0,0,0,1920.0,1080.0,Intel
219,Dell,2 in 1 Convertible,13.3,Full HD / Touchscreen 1920x1080,Intel Core i7 8550U 1.8GHz,16,512GB SSD,Intel UHD Graphics 620,Windows 10,1.62,239189.37119999997,1.8,512,0,1,0,1920.0,1080.0,Intel
220,Dell,Notebook,15.6,Full HD 1920x1080,Intel Core i5 8250U 1.6GHz,8,256GB SSD,AMD Radeon 520,Linux,2.2,126673.12008,1.6,256,0,0,0,1920.0,1080.0,AMD
221,Lenovo,2 in 1 Convertible,14.0,IPS Panel Full HD 1920x1080,Intel Core i5 8250U 1.6GHz,8,256GB SSD,Intel UHD Graphics 620,Windows 10,1.74,168124.5072,1.6,256,0,0,1,1920.0,1080.0,Intel
222,Toshiba,Ultrabook,13.3,Full HD 1920x1080,Intel Core i7 6500U 2.5GHz,8,256GB SSD,Intel HD Graphics 520,Windows 10,1.2,254898.4464,2.5,256,0,0,0,1920.0,1080.0,Intel
223,HP,Notebook,15.6,Full HD 1920x1080,Intel Core i5 8250U 1.6GHz,8,1TB HDD,Intel UHD Graphics 620,Windows 10,2.1,148488.16319999998,1.6,0,1000,0,0,1920.0,1080.0,Intel
224,Dell,Gaming,17.3,IPS Panel Full HD 1920x1080,Intel Core i7 7700HQ 2.8GHz,16,256GB SSD +  1TB HDD,Nvidia GeForce GTX 1060,Windows 10,4.42,459367.02115199994,2.8,256000,0,0,1,1920.0,1080.0,Nvidia
225,Acer,Notebook,15.6,Full HD 1920x1080,Intel Core i7 7500U 2.7GHz,8,256GB SSD,Nvidia GeForce 940MX,Windows 10,2.2,155594.64959999998,2.7,256,0,0,0,1920.0,1080.0,Nvidia
226,Dell,Notebook,15.6,Full HD / Touchscreen 1920x1080,Intel Core i7 7500U 2.7GHz,16,1TB HDD,AMD Radeon R7 M445,Windows 10,2.3,160645.86532799999,2.7,0,1000,1,0,1920.0,1080.0,AMD
227,Asus,Notebook,15.6,Full HD 1920x1080,Intel Core i5 7200U 2.5GHz,8,256GB SSD,Nvidia GeForce 920MX ,Windows 10,2.0,143812.8432,2.5,256,0,0,0,1920.0,1080.0,Nvidia
228,Asus,Notebook,17.3,Full HD 1920x1080,Intel Core i5 7200U 2.5GHz,8,256GB SSD +  500GB HDD,Nvidia GeForce GTX 950M,Windows 10,2.69,166628.4048,2.5,256,0,0,0,1920.0,1080.0,Nvidia
229,HP,Notebook,15.6,Full HD 1920x1080,Intel Core i7 7500U 2.7GHz,8,1TB HDD,AMD FirePro W4190M ,Windows 10,1.9,237319.24319999997,2.7,0,1000,0,0,1920.0,1080.0,AMD
230,Asus,Notebook,15.6,1366x768,Intel Core i3 7100U 2.4GHz,4,1TB HDD,Intel HD Graphics 620,Windows 10,2.37,74616.237072,2.4,0,1000,0,0,1366.0,768.0,Intel
231,HP,Notebook,15.6,1366x768,AMD E-Series 9000e 1.5GHz,4,500GB HDD,AMD Radeon R2,Windows 10,2.1,61714.22399999999,1.5,0,500,0,0,1366.0,768.0,AMD
232,Lenovo,Gaming,15.6,IPS Panel Full HD 1920x1080,Intel Core i7 7700HQ 2.8GHz,16,256GB SSD +  1TB HDD,Nvidia GeForce GTX 1060,Windows 10,3.2,280332.1872,2.8,256000,0,0,1,1920.0,1080.0,Nvidia
233,Dell,Notebook,14.0,Full HD 1920x1080,Intel Core i5 7200U 2.5GHz,8,256GB SSD,Intel HD Graphics 620,Windows 10,1.6,160643.99519999998,2.5,256,0,0,0,1920.0,1080.0,Intel
234,Acer,2 in 1 Convertible,13.3,IPS Panel Full HD / Touchscreen 1920x1080,Intel Core i5 6200U 2.3GHz,8,256GB SSD,Intel HD Graphics 520,Windows 10,1.6,128851.81919999998,2.3,256,0,1,1,1920.0,1080.0,Intel
235,Dell,Notebook,15.6,Full HD 1920x1080,Intel Core i7 7500U 2.7GHz,16,256GB SSD,AMD Radeon R7 M445,Linux,2.36,168124.5072,2.7,256,0,0,0,1920.0,1080.0,AMD
236,Acer,Notebook,15.6,1366x768,Intel Core i3 6006U 2GHz,4,1TB HDD,Intel HD Graphics 520,Linux,2.1,72934.992,2.0,0,1000,0,0,1366.0,768.0,Intel
237,Asus,Notebook,15.6,Full HD 1920x1080,AMD A10-Series A10-9620P 2.5GHz,4,128GB SSD +  1TB HDD,AMD Radeon R5 M430,Windows 10,2.2,107532.36,2.5,128000,0,0,0,1920.0,1080.0,AMD
238,Asus,Gaming,17.3,Full HD 1920x1080,Intel Core i7 7820HK 2.9GHz,32,512GB SSD +  1TB HDD,Nvidia GeForce GTX 1080,Windows 10,4.7,727479.792,2.9,512000,0,0,0,1920.0,1080.0,Nvidia
239,Acer,Gaming,15.6,IPS Panel Full HD 1920x1080,Intel Core i5 7300HQ 2.5GHz,8,256GB SSD,Nvidia GeForce GTX 1050,Windows 10,2.5,158212.8288,2.5,256,0,0,1,1920.0,1080.0,Nvidia
240,Lenovo,Notebook,15.6,1366x768,Intel Core i3 6006U 2GHz,8,128GB SSD,Intel HD Graphics 520,Windows 10,2.2,110150.53919999998,2.0,128,0,0,0,1366.0,768.0,Intel
241,Asus,Notebook,17.3,Full HD 1920x1080,Intel Core i7 8550U 1.8GHz,8,128GB SSD +  1TB HDD,Nvidia GeForce 150MX,Windows 10,2.1,214129.656,1.8,128000,0,0,0,1920.0,1080.0,Nvidia
242,Asus,Notebook,17.3,Full HD 1920x1080,Intel Core i7 7500U 2.7GHz,8,128GB SSD +  1TB HDD,Nvidia GeForce GTX 950M,No OS,2.69,166254.3792,2.7,128000,0,0,0,1920.0,1080.0,Nvidia
243,Dell,Gaming,15.6,Full HD 1920x1080,Intel Core i5 7300HQ 2.5GHz,8,256GB SSD,Nvidia GeForce GTX 1050,Windows 10,2.56,164384.2512,2.5,256,0,0,0,1920.0,1080.0,Nvidia
244,Lenovo,2 in 1 Convertible,13.9,IPS Panel Full HD / Touchscreen 1920x1080,Intel Core i7 7500U 2.7GHz,8,256GB SSD,Intel HD Graphics 620,Windows 10,1.38,201786.8112,2.7,256,0,1,1,1920.0,1080.0,Intel
245,Dell,Notebook,15.6,Full HD 1920x1080,Intel Core i7 8550U 1.8GHz,8,128GB SSD +  2TB HDD,AMD Radeon 530,Windows 10,2.2,184207.608,1.8,128000,0,0,0,1920.0,1080.0,AMD
246,HP,Notebook,15.6,Touchscreen 1366x768,Intel Core i5 7200U 2.5GHz,8,1TB HDD,Intel HD Graphics 620,Windows 10,2.04,104540.1552,2.5,0,1000,1,0,1366.0,768.0,Intel
247,Asus,Gaming,17.3,Full HD 1920x1080,Intel Core i7 7820HK 2.9GHz,16,256GB SSD,Nvidia GeForce GTX 1080,Windows 10,3.6,560851.3872,2.9,256,0,0,0,1920.0,1080.0,Nvidia
248,HP,Notebook,13.3,IPS Panel Full HD 1920x1080,Intel Core i5 8250U 1.6GHz,4,500GB HDD,Intel UHD Graphics 620,Windows 10,1.49,126233.64,1.6,0,500,0,1,1920.0,1080.0,Intel
249,Apple,Ultrabook,13.3,IPS Panel Retina Display 2560x1600,Intel Core i5 3.1GHz,8,512GB SSD,Intel Iris Plus Graphics 650,macOS,1.37,381506.11199999996,3.1,512,0,0,1,2560.0,1600.0,Intel
250,Dell,2 in 1 Convertible,15.6,IPS Panel Full HD / Touchscreen 1920x1080,Intel Core i7 8550U 1.8GHz,8,1TB HDD,Intel UHD Graphics 620,Windows 10,2.08,153163.4832,1.8,0,1000,1,1,1920.0,1080.0,Intel
251,Asus,Gaming,17.3,Full HD 1920x1080,Intel Core i7 7700HQ 2.8GHz,16,256GB SSD +  1TB HDD,Nvidia GeForce GTX 980M,Windows 10,4.3,336436.0272,2.8,256000,0,0,0,1920.0,1080.0,Nvidia
252,Asus,Notebook,15.6,1366x768,AMD A9-Series 9420 3GHz,4,1TB HDD,AMD Radeon R5 M420,Windows 10,1.68,87709.00319999999,3.0,0,1000,0,0,1366.0,768.0,AMD
253,Lenovo,2 in 1 Convertible,13.9,IPS Panel Full HD / Touchscreen 1920x1080,Intel Core i7 8550U 1.8GHz,8,512GB SSD,Intel UHD Graphics 620,Windows 10,1.37,345786.66719999997,1.8,512,0,1,1,1920.0,1080.0,Intel
254,Acer,Notebook,17.3,IPS Panel Full HD 1920x1080,Intel Core i3 7130U 2.7GHz,4,256GB SSD,Nvidia GeForce MX130,Windows 10,3.0,131282.98559999999,2.7,256,0,0,1,1920.0,1080.0,Nvidia
255,Dell,Ultrabook,13.3,Full HD 1920x1080,Intel Core i5 8250U 1.6GHz,8,256GB SSD,Intel UHD Graphics 620,Windows 10,1.41,177475.1472,1.6,256,0,0,0,1920.0,1080.0,Intel
256,HP,Notebook,15.6,1366x768,AMD A6-Series A6-9220 2.5GHz,8,128GB SSD,AMD Radeon R4 Graphics,Windows 10,1.91,83389.00752,2.5,128,0,0,0,1366.0,768.0,AMD
257,HP,Notebook,17.3,IPS Panel Full HD 1920x1080,Intel Core i7 8550U 1.8GHz,16,1TB HDD,Nvidia GeForce MX150,Windows 10,2.9,198046.55519999997,1.8,0,1000,0,1,1920.0,1080.0,Nvidia
258,MSI,Gaming,17.3,Full HD 1920x1080,Intel Core i7 7700HQ 2.8GHz,16,512GB SSD +  1TB HDD,Nvidia GeForce GTX 1070,Windows 10,4.14,467344.9872,2.8,512000,0,0,0,1920.0,1080.0,Nvidia
259,Lenovo,2 in 1 Convertible,15.6,IPS Panel Full HD / Touchscreen 1920x1080,Intel Core i7 7700HQ 2.8GHz,8,512GB SSD,Nvidia GeForce GTX 1050M,Windows 10,2.0,317734.7472,2.8,512,0,1,1,1920.0,1080.0,Nvidia
260,Dell,Notebook,17.3,Full HD 1920x1080,Intel Core i7 8550U 1.8GHz,8,128GB SSD +  1TB HDD,AMD Radeon 530,Windows 10,2.8,213568.6176,1.8,128000,0,0,0,1920.0,1080.0,AMD
261,Lenovo,Notebook,15.6,Full HD 1920x1080,Intel Core i3 6006U 2GHz,4,256GB SSD,Intel HD Graphics 520,No OS,2.2,83033.6832,2.0,256,0,0,0,1920.0,1080.0,Intel
262,HP,Notebook,15.6,IPS Panel Full HD 1920x1080,Intel Core i5 8250U 1.6GHz,4,500GB HDD,Intel HD Graphics 620,Windows 10,2.1,135023.2416,1.6,0,500,0,1,1920.0,1080.0,Intel
263,Dell,Notebook,15.6,Full HD 1920x1080,Intel Core i5 7200U 2.5GHz,4,1TB HDD,Intel HD Graphics 620,Windows 10,2.18,122867.40959999998,2.5,0,1000,0,0,1920.0,1080.0,Intel
264,Dell,Notebook,15.6,Full HD 1920x1080,Intel Core i5 7200U 2.5GHz,8,1TB HDD,AMD Radeon R5 M430,Windows 10,2.24,105662.23199999999,2.5,0,1000,0,0,1920.0,1080.0,AMD
265,Dell,2 in 1 Convertible,15.6,Full HD / Touchscreen 1920x1080,Intel Core i5 8250U 1.6GHz,8,256GB SSD,Intel UHD Graphics 620,Windows 10,2.67,149423.2272,1.6,256,0,1,0,1920.0,1080.0,Intel
266,Asus,2 in 1 Convertible,13.3,Full HD / Touchscreen 1920x1080,Intel Core i7 8550U 1.8GHz,8,512GB SSD +  512GB SSD,Intel UHD Graphics 620,Windows 10,1.1,280332.1872,1.8,512,0,1,0,1920.0,1080.0,Intel
267,Lenovo,Notebook,15.6,Full HD 1920x1080,Intel Core i5 7200U 2.5GHz,4,1TB HDD,Intel HD Graphics 620,No OS,2.2,87334.97759999998,2.5,0,1000,0,0,1920.0,1080.0,Intel
268,HP,Notebook,17.3,Full HD 1920x1080,Intel Core i7 8550U 1.8GHz,8,1TB HDD,Nvidia GeForce 930MX ,Windows 10,2.5,190379.0304,1.8,0,1000,0,0,1920.0,1080.0,Nvidia
269,Lenovo,Notebook,15.6,Full HD 1920x1080,Intel Core i7 8550U 1.8GHz,8,256GB SSD,Intel UHD Graphics 620,Windows 10,2.05,164571.264,1.8,256,0,0,0,1920.0,1080.0,Intel
270,Apple,Ultrabook,13.3,IPS Panel Retina Display 2560x1600,Intel Core i5 2.9GHz,8,512GB SSD,Intel Iris Graphics 550,macOS,1.37,366339.37392,2.9,512,0,0,1,2560.0,1600.0,Intel
271,Asus,Gaming,17.3,Full HD 1920x1080,AMD Ryzen 1700 3GHz,16,256GB SSD +  1TB HDD,AMD Radeon RX 580,Windows 10,3.2,289682.8272,3.0,256000,0,0,0,1920.0,1080.0,AMD
272,Dell,Notebook,15.6,Full HD 1920x1080,Intel Core i7 8550U 1.8GHz,8,256GB SSD,AMD Radeon 520,Linux,2.14,137467.498896,1.8,256,0,0,0,1920.0,1080.0,AMD
273,Lenovo,2 in 1 Convertible,14.0,Touchscreen 2560x1440,Intel Core i7 6600U 2.6GHz,16,512GB SSD,Intel HD Graphics 520,Windows 10,1.36,467344.9872,2.6,512,0,1,0,2560.0,1440.0,Intel
274,Toshiba,Notebook,15.6,1366x768,Intel Core i7 6500U 2.5GHz,8,500GB HDD,Nvidia GeForce 930M,Windows 10,2.2,151854.39359999998,2.5,0,500,0,0,1366.0,768.0,Nvidia
275,Dell,Notebook,15.6,1366x768,Intel Core i7 7500U 2.7GHz,12,1TB HDD,Intel HD Graphics 620,Windows 10,2.3,133353.217296,2.7,0,1000,0,0,1366.0,768.0,Intel
276,Dell,Notebook,17.3,Full HD 1920x1080,Intel Core i7 8550U 1.8GHz,8,128GB SSD +  1TB HDD,AMD Radeon 530,Linux,2.8,205527.0672,1.8,128000,0,0,0,1920.0,1080.0,AMD
277,Acer,Notebook,15.6,IPS Panel Full HD 1920x1080,Intel Core i7 8550U 1.8GHz,8,1TB HDD,Nvidia GeForce MX130,Windows 10,2.2,139324.536,1.8,0,1000,0,1,1920.0,1080.0,Nvidia
278,Lenovo,Notebook,17.3,1600x900,Intel Core i3 6006U 2GHz,4,1TB HDD,Intel HD Graphics 520,Windows 10,2.8,91449.25919999999,2.0,0,1000,0,0,1600.0,900.0,Intel
279,Lenovo,Notebook,17.3,Full HD 1920x1080,Intel Core i7 8550U 1.8GHz,8,2TB HDD,Nvidia GeForce MX150,No OS,2.8,158773.8672,1.8,0,2000,0,0,1920.0,1080.0,Nvidia
280,Lenovo,Notebook,17.3,1600x900,Intel Core i7 7500U 2.7GHz,6,128GB SSD +  1TB HDD,Nvidia GeForce 940MX,Windows 10,2.8,160643.99519999998,2.7,128000,0,0,0,1600.0,900.0,Nvidia
281,Dell,Notebook,15.6,Full HD 1920x1080,Intel Core i3 6006U 2.0GHz,4,1TB HDD,AMD Radeon R5 M430,Linux,2.25,80041.47839999999,2.0,0,1000,0,0,1920.0,1080.0,AMD
282,Lenovo,Gaming,15.6,IPS Panel Full HD 1920x1080,Intel Core i5 7300HQ 2.5GHz,8,256GB SSD,Nvidia GeForce GTX 1050,Windows 10,2.5,155033.6112,2.5,256,0,0,1,1920.0,1080.0,Nvidia
283,Lenovo,Notebook,15.6,Full HD 1920x1080,Intel Core i5 7200U 2.5GHz,6,256GB SSD,Intel HD Graphics 620,Windows 10,2.2,108280.41119999999,2.5,256,0,0,0,1920.0,1080.0,Intel
284,Acer,Notebook,15.6,IPS Panel Full HD 1920x1080,Intel Core i7 8550U 1.8GHz,8,256GB SSD,Nvidia GeForce MX150,Windows 10,3.0,177849.17279999997,1.8,256,0,0,1,1920.0,1080.0,Nvidia
285,Acer,Notebook,15.6,IPS Panel Full HD / Touchscreen 1920x1080,Intel Core i7 7500U 2.7GHz,12,1TB HDD,Intel HD Graphics 620,Windows 10,2.15,123241.43519999998,2.7,0,1000,1,1,1920.0,1080.0,Intel
286,Lenovo,Notebook,15.6,IPS Panel Full HD 1920x1080,Intel Core i7 7500U 2.7GHz,8,256GB SSD,Intel HD Graphics 630,Windows 10,1.95,205153.0416,2.7,256,0,0,1,1920.0,1080.0,Intel
287,Asus,Ultrabook,15.6,Full HD 1920x1080,Intel Core i5 7200U 2.5GHz,8,256GB SSD,Nvidia GeForce 940MX,Windows 10,1.7,182711.50559999997,2.5,256,0,0,0,1920.0,1080.0,Nvidia
288,Lenovo,Gaming,15.6,IPS Panel Full HD 1920x1080,Intel Core i7 7700HQ 2.8GHz,16,256GB SSD +  1TB HDD,Nvidia GeForce GTX 1050 Ti,Windows 10,2.5,220488.0912,2.8,256000,0,0,1,1920.0,1080.0,Nvidia
289,Lenovo,Notebook,15.6,Full HD 1920x1080,Intel Core i7 7500U 2.7GHz,8,1TB HDD,Nvidia GeForce 940MX,No OS,2.2,123243.30532799999,2.7,0,1000,0,0,1920.0,1080.0,Nvidia
290,Acer,Notebook,15.6,1366x768,Intel Celeron Dual Core 3205U 1.5GHz,2,16GB SSD,Intel HD Graphics,Chrome OS,2.19,37215.54719999999,1.5,16,0,0,0,1366.0,768.0,Intel
291,Asus,Gaming,17.3,Full HD 1920x1080,Intel Core i7 7700HQ 2.8GHz,8,1TB HDD,Nvidia GeForce GTX 1050,Windows 10,3.0,221984.1936,2.8,0,1000,0,0,1920.0,1080.0,Nvidia
292,HP,Notebook,17.3,1600x900,Intel Core i3 6006U 2GHz,8,1TB HDD,Intel HD Graphics 520,Windows 10,2.54,91449.25919999999,2.0,0,1000,0,0,1600.0,900.0,Intel
293,Dell,Notebook,15.6,Full HD 1920x1080,Intel Core i7 7700HQ 2.8GHz,8,256GB SSD,Nvidia GeForce GTX 1050,Windows 10,2.0,342046.4112,2.8,256,0,0,0,1920.0,1080.0,Nvidia
294,Lenovo,Notebook,15.6,Full HD 1920x1080,Intel Core i5 8250U 1.6GHz,8,256GB SSD,Intel UHD Graphics 620,Windows 10,2.05,138202.45919999998,1.6,256,0,0,0,1920.0,1080.0,Intel
295,Lenovo,Gaming,15.6,IPS Panel Full HD 1920x1080,Intel Core i7 7700HQ 2.8GHz,8,1TB HDD,Nvidia GeForce GTX 1060,Windows 10,3.2,242929.6272,2.8,0,1000,0,1,1920.0,1080.0,Nvidia
296,Acer,Notebook,15.6,Full HD 1920x1080,Intel Core i7 7700HQ 2.8GHz,8,256GB SSD,Nvidia GeForce GTX 1050 Ti,Linux,2.5,183085.5312,2.8,256,0,0,0,1920.0,1080.0,Nvidia
297,Dell,Workstation,17.3,Full HD 1920x1080,Intel Core i7 7820HQ 2.9GHz,16,256GB SSD,Nvidia Quadro M1200,Windows 10,3.42,539505.746208,2.9,256,0,0,0,1920.0,1080.0,Nvidia
298,Lenovo,Notebook,15.6,Full HD 1920x1080,AMD A10-Series 9600P 2.4GHz,6,1TB HDD,AMD Radeon R5 430,Windows 10,2.4,93319.3872,2.4,0,1000,0,0,1920.0,1080.0,AMD
299,Asus,Ultrabook,15.6,Full HD 1920x1080,Intel Core i7 7500U 2.7GHz,16,512GB SSD,Nvidia GeForce 940MX,Windows 10,1.63,274534.79039999994,2.7,512,0,0,0,1920.0,1080.0,Nvidia
300,Asus,Notebook,14.0,1366x768,Intel Core i3 7100U 2.4GHz,4,128GB SSD,Intel HD Graphics 620,Windows 10,1.3,95189.5152,2.4,128,0,0,0,1366.0,768.0,Intel
301,Asus,Gaming,17.3,Full HD 1920x1080,Intel Core i7 7700HQ 2.8GHz,16,256GB SSD +  1TB HDD,Nvidia GeForce GTX 1070,Windows 10,2.9,396841.1616,2.8,256000,0,0,0,1920.0,1080.0,Nvidia
302,Lenovo,Notebook,17.3,1600x900,Intel Core i5 7200U 2.5GHz,6,1TB HDD,Nvidia GeForce GTX 940M,Windows 10,2.8,121371.3072,2.5,0,1000,0,0,1600.0,900.0,Nvidia
303,Lenovo,Notebook,15.6,1366x768,Intel Core i5 7200U 2.5GHz,8,2TB HDD,Nvidia GeForce 940MX,No OS,2.2,102670.0272,2.5,0,2000,0,0,1366.0,768.0,Nvidia
304,Asus,Gaming,15.6,Full HD 1920x1080,Intel Core i7 7700HQ 2.8GHz,8,128GB SSD +  1TB HDD,Nvidia GeForce GTX 1050 Ti,Windows 10,2.5,236571.19199999998,2.8,128000,0,0,0,1920.0,1080.0,Nvidia
305,Lenovo,Notebook,15.6,1366x768,Intel Pentium Quad Core N4200 1.1GHz,4,1TB HDD,Intel HD Graphics 505,No OS,2.2,67322.73787199998,1.1,0,1000,0,0,1366.0,768.0,Intel
306,HP,2 in 1 Convertible,13.3,Full HD / Touchscreen 1920x1080,Intel Core i7 7600U 2.8GHz,16,256GB SSD,Intel HD Graphics 620,Windows 10,1.28,369350.27999999997,2.8,256,0,1,0,1920.0,1080.0,Intel
307,Toshiba,Notebook,15.6,IPS Panel Full HD 1920x1080,Intel Core i7 6500U 2.5GHz,8,256GB SSD,Nvidia GeForce 930M,Windows 10,2.2,195054.3504,2.5,256,0,0,1,1920.0,1080.0,Nvidia
308,Lenovo,Notebook,15.6,Full HD 1920x1080,Intel Core i5 7200U 2.5GHz,8,128GB SSD +  1TB HDD,Nvidia GeForce 940MX,Windows 10,2.3,153163.4832,2.5,128000,0,0,0,1920.0,1080.0,Nvidia
309,HP,Notebook,15.6,Full HD 1920x1080,Intel Core i3 6006U 2GHz,4,1TB HDD,Intel HD Graphics 520,Windows 10,1.86,87709.00319999999,2.0,0,1000,0,0,1920.0,1080.0,Intel
310,Lenovo,Notebook,13.3,IPS Panel Full HD 1920x1080,Intel Core i5 7200U 2.5GHz,8,256GB SSD,Intel HD Graphics 620,Windows 10,1.1,186825.7872,2.5,256,0,0,1,1920.0,1080.0,Intel
311,Dell,Ultrabook,13.3,IPS Panel 4K Ultra HD / Touchscreen 3840x2160,Intel Core i7 8550U 1.8GHz,16,1TB SSD,Intel UHD Graphics 620,Windows 10,1.21,467344.9872,1.8,1000,0,1,1,3840.0,2160.0,Intel
312,MSI,Gaming,15.6,IPS Panel Full HD 1920x1080,Intel Core i7 7700HQ 2.8GHz,16,256GB SSD +  1TB HDD,Nvidia GeForce GTX 1070,Windows 10,2.8,392539.8672,2.8,256000,0,0,1,1920.0,1080.0,Nvidia
313,Acer,Notebook,15.6,Full HD 1920x1080,AMD A8-Series 7410 2.2GHz,8,256GB SSD,AMD Radeon R5,Windows 10,2.23,87709.00319999999,2.2,256,0,0,0,1920.0,1080.0,AMD
314,Asus,2 in 1 Convertible,11.6,Touchscreen 1366x768,Intel Celeron Dual Core N3350 1.1GHz,2,32GB Flash Storage,Intel HD Graphics 500,Windows 10,1.1,51428.52,1.1,32,0,1,0,1366.0,768.0,Intel
315,Dell,Notebook,15.6,Full HD 1920x1080,Intel Core i5 8250U 1.6GHz,8,128GB SSD +  1TB HDD,AMD Radeon 530,Windows 10,2.33,157838.8032,1.6,128000,0,0,0,1920.0,1080.0,AMD
316,HP,2 in 1 Convertible,13.3,IPS Panel 4K Ultra HD / Touchscreen 3840x2160,Intel Core i7 8550U 1.8GHz,16,1TB SSD,Intel UHD Graphics 620,Windows 10,1.29,457994.34719999996,1.8,1000,0,1,1,3840.0,2160.0,Intel
317,Lenovo,Notebook,13.3,1366x768,Intel Celeron Dual Core 3855U 1.6GHz,4,16GB Flash Storage,Intel HD Graphics 510,Chrome OS,1.45,86007.18672,1.6,16,0,0,0,1366.0,768.0,Intel
318,HP,Notebook,14.0,Full HD 1920x1080,Intel Core i5 7200U 2.5GHz,8,256GB SSD,Intel HD Graphics 620,Windows 10,1.95,183272.544,2.5,256,0,0,0,1920.0,1080.0,Intel
319,Acer,Notebook,11.6,1366x768,Intel Pentium Quad Core N3710 1.6GHz,4,128GB Flash Storage,Intel HD Graphics 405,Windows 10,1.4,90701.208,1.6,128,0,0,0,1366.0,768.0,Intel
320,HP,Notebook,14.0,Full HD 1920x1080,Intel Core i7 7500U 2.7GHz,8,256GB SSD,Intel HD Graphics 620,Windows 10,1.48,241620.53759999998,2.7,256,0,0,0,1920.0,1080.0,Intel
321,Lenovo,Notebook,17.3,1600x900,Intel Core i5 7200U 2.5GHz,4,1TB HDD,Nvidia GeForce 920MX,Windows 10,2.79,110150.53919999998,2.5,0,1000,0,0,1600.0,900.0,Nvidia
322,Asus,Notebook,14.0,Full HD 1920x1080,Intel Core i7 7500U 2.7GHz,8,256GB SSD,Intel HD Graphics 620,Windows 10,2.0,204592.00319999998,2.7,256,0,0,0,1920.0,1080.0,Intel
323,HP,Notebook,15.6,IPS Panel Full HD 1366x768,Intel Core i7 8550U 1.8GHz,8,1TB HDD,Intel UHD Graphics 620,Windows 10,2.1,168685.54559999998,1.8,0,1000,0,1,1366.0,768.0,Intel
324,Acer,Notebook,15.6,1366x768,AMD A12-Series 9720P 2.7GHz,8,256GB SSD,AMD Radeon RX 540,Windows 10,2.2,123241.43519999998,2.7,256,0,0,0,1366.0,768.0,AMD
325,Lenovo,Notebook,14.0,1366x768,Intel Celeron Dual Core N3350 1.1GHz,4,32GB Flash Storage,Intel HD Graphics 500,Windows 10,1.44,54607.7376,1.1,32,0,0,0,1366.0,768.0,Intel
326,Acer,Notebook,15.6,1366x768,Intel Core i5 7200U 2.5GHz,6,1TB HDD,Intel HD Graphics 620,Windows 10,2.23,102670.0272,2.5,0,1000,0,0,1366.0,768.0,Intel
327,Asus,Ultrabook,15.6,Full HD 1920x1080,Intel Core i7 7500U 2.7GHz,8,256GB SSD,Nvidia GeForce 940MX,Windows 10,1.7,196344.73872,2.7,256,0,0,0,1920.0,1080.0,Nvidia
328,HP,Ultrabook,12.5,Full HD 1920x1080,Intel Core i7 7500U 2.7GHz,8,256GB SSD,Intel HD Graphics 620,Windows 10,1.26,249662.088,2.7,256,0,0,0,1920.0,1080.0,Intel
329,Dell,Notebook,15.6,4K Ultra HD / Touchscreen 3840x2160,Intel Core i7 7700HQ 2.8GHz,32,1TB SSD,Nvidia GeForce GTX 1050,Windows 10,2.06,493526.77919999993,2.8,1000,0,1,0,3840.0,2160.0,Nvidia
330,MSI,Gaming,17.3,Full HD 1920x1080,Intel Core i7 7700HQ 2.8GHz,8,256GB SSD +  1TB HDD,Nvidia GeForce GTX 1050 Ti,Windows 10,2.7,224228.3472,2.8,256000,0,0,0,1920.0,1080.0,Nvidia
331,Toshiba,Notebook,15.6,IPS Panel Full HD 1920x1080,Intel Core i5 7200U 2.5GHz,8,256GB SSD,Intel HD Graphics 620,Windows 10,2.0,176353.0704,2.5,256,0,0,1,1920.0,1080.0,Intel
332,Asus,Notebook,14.0,Full HD 1920x1080,Intel Core i7 7500U 2.7GHz,8,256GB SSD +  1TB HDD,Intel HD Graphics 620,Windows 10,2.0,249475.0752,2.7,256000,0,0,0,1920.0,1080.0,Intel
333,Lenovo,Notebook,15.6,Full HD 1920x1080,Intel Core i3 6006U 2GHz,4,1TB HDD,Intel HD Graphics 520,Windows 10,1.85,83968.7472,2.0,0,1000,0,0,1920.0,1080.0,Intel
334,Asus,Gaming,15.6,Full HD 1920x1080,Intel Core i7 7700HQ 2.8GHz,8,256GB SSD,Nvidia GeForce GTX 1050,Windows 10,2.5,186825.7872,2.8,256,0,0,0,1920.0,1080.0,Nvidia
335,HP,Notebook,14.0,Full HD 1920x1080,Intel Core i5 7300U 2.6GHz,8,256GB SSD,Intel HD Graphics 620,Windows 10,1.48,237132.23039999997,2.6,256,0,0,0,1920.0,1080.0,Intel
336,Dell,Ultrabook,15.6,IPS Panel Full HD 1920x1080,Intel Core i5 8250U 1.6GHz,8,128GB SSD +  1TB HDD,Nvidia GeForce 940MX,Windows 10,1.9,196176.4272,1.6,128000,0,0,1,1920.0,1080.0,Nvidia
337,HP,Notebook,15.6,Full HD 1920x1080,Intel Core i5 7200U 2.5GHz,8,256GB SSD,Intel HD Graphics 620,Windows 10,1.84,213942.6432,2.5,256,0,0,0,1920.0,1080.0,Intel
338,Asus,Notebook,15.6,1366x768,Intel Celeron Dual Core N3350 1.1GHz,4,1TB HDD,Intel HD Graphics 500,Linux,2.0,51426.649871999995,1.1,0,1000,0,0,1366.0,768.0,Intel
339,Dell,Notebook,15.6,Full HD 1920x1080,Intel Core i5 8250U 1.6GHz,8,256GB SSD,Nvidia GeForce 940MX,Windows 10,2.0,213708.8772,1.6,256,0,0,0,1920.0,1080.0,Nvidia
340,Dell,Notebook,15.6,1366x768,Intel Celeron Dual Core N3060 1.6GHz,4,500GB HDD,Intel HD Graphics,Linux,2.2,51409.818719999996,1.6,0,500,0,0,1366.0,768.0,Intel
341,Lenovo,Notebook,15.6,Full HD 1920x1080,AMD A12-Series 9720P 3.6GHz,12,2TB HDD,AMD Radeon 530,Windows 10,2.2,168124.5072,3.6,0,2000,0,0,1920.0,1080.0,AMD
342,HP,Notebook,15.6,IPS Panel Full HD 1920x1080,Intel Core i3 7100U 2.4GHz,8,1TB HDD,Nvidia GeForce 930MX ,Windows 10,2.1,133901.1648,2.4,0,1000,0,1,1920.0,1080.0,Nvidia
343,Lenovo,2 in 1 Convertible,13.9,IPS Panel 4K Ultra HD / Touchscreen 3840x2160,Intel Core i7 8550U 1.8GHz,16,512GB SSD,Intel UHD Graphics 620,Windows 10,1.4,392539.8672,1.8,512,0,1,1,3840.0,2160.0,Intel
344,Dell,Ultrabook,13.3,Full HD 1920x1080,Intel Core i7 8550U 1.8GHz,8,256GB SSD,Intel UHD Graphics 620,Windows 10,1.2,295293.21119999996,1.8,256,0,0,0,1920.0,1080.0,Intel
345,Lenovo,Gaming,15.6,IPS Panel Full HD 1920x1080,Intel Core i7 7700HQ 2.8GHz,16,256GB SSD +  2TB HDD,Nvidia GeForce GTX 1050 Ti,Windows 10,2.4,211137.4512,2.8,256000,0,0,1,1920.0,1080.0,Nvidia
346,HP,Notebook,14.0,1366x768,Intel Celeron Dual Core N3060 1.6GHz,2,32GB Flash Storage,Intel HD Graphics 400,Windows 10,1.44,52176.5712,1.6,32,0,0,0,1366.0,768.0,Intel
347,Dell,Ultrabook,15.6,Full HD 1920x1080,Intel Core i7 8650U 1.9GHz,16,512GB SSD +  256GB SSD,Intel UHD Graphics 620,Windows 10,1.88,300709.101888,1.9,512,0,0,0,1920.0,1080.0,Intel
348,Asus,2 in 1 Convertible,11.6,Touchscreen 1366x768,Intel Celeron Dual Core N3350 1.1GHz,4,32GB Flash Storage,Intel HD Graphics 500,Windows 10,1.5,70129.8,1.1,32,0,1,0,1366.0,768.0,Intel
349,Dell,Ultrabook,15.6,Full HD 1920x1080,Intel Core i5 8250U 1.6GHz,8,1TB HDD,AMD Radeon 530,Windows 10,1.9,123989.4864,1.6,0,1000,0,0,1920.0,1080.0,AMD
350,Dell,Notebook,15.6,4K Ultra HD / Touchscreen 3840x2160,Intel Core i7 7700HQ 2.8GHz,16,512GB SSD,Nvidia GeForce GTX 1050,Windows 10,2.06,379153.490976,2.8,512,0,1,0,3840.0,2160.0,Nvidia
351,HP,Notebook,15.6,Full HD 1920x1080,Intel Core i7 7500U 2.7GHz,8,256GB SSD,Intel HD Graphics 620,Windows 10,1.84,243864.69119999997,2.7,256,0,0,0,1920.0,1080.0,Intel
352,MSI,Gaming,17.3,Full HD 1920x1080,Intel Core i7 7700HQ 2.8GHz,8,128GB SSD +  1TB HDD,Nvidia GeForce GTX 1060,Windows 10,2.7,263501.0352,2.8,128000,0,0,0,1920.0,1080.0,Nvidia
353,HP,Workstation,15.6,Full HD 1920x1080,Intel Core i7 7700HQ 2.8GHz,8,256GB SSD,Nvidia Quadro M1200,Windows 10,2.6,325078.73985599994,2.8,256,0,0,0,1920.0,1080.0,Nvidia
354,Toshiba,Notebook,15.6,IPS Panel Full HD 1920x1080,Intel Core i7 6500U 2.5GHz,16,512GB SSD,Nvidia GeForce 930M,Windows 10,2.4,262378.95839999994,2.5,512,0,0,1,1920.0,1080.0,Nvidia
355,Dell,Notebook,15.6,Full HD 1920x1080,Intel Core i7 8550U 1.8GHz,8,128GB SSD +  2TB HDD,AMD Radeon 530,Windows 10,2.02,181570.72751999996,1.8,128000,0,0,0,1920.0,1080.0,AMD
356,Lenovo,Notebook,15.6,1366x768,Intel Celeron Dual Core N3350 1.1GHz,4,1TB HDD,Intel HD Graphics 500,No OS,2.2,60216.251472,1.1,0,1000,0,0,1366.0,768.0,Intel
357,Dell,Gaming,15.6,Full HD 1920x1080,Intel Core i5 7300HQ 2.5GHz,8,1TB HDD,Nvidia GeForce GTX 1050,Windows 10,2.65,186825.7872,2.5,0,1000,0,0,1920.0,1080.0,Nvidia
358,Dell,Notebook,15.6,Touchscreen 1366x768,Intel Core i5 7200U 2.5GHz,8,2TB HDD,Intel HD Graphics 620,Windows 10,2.36,104235.32433599999,2.5,0,2000,1,0,1366.0,768.0,Intel
359,Dell,Notebook,14.0,Full HD 1920x1080,Intel Core i5 7300U 2.6GHz,8,256GB SSD,Intel HD Graphics 620,Windows 10,1.36,266867.2656,2.6,256,0,0,0,1920.0,1080.0,Intel
360,HP,Notebook,15.6,1366x768,Intel Core i3 6006U 2GHz,4,500GB HDD,Intel HD Graphics 520,Windows 10,1.86,82098.61919999999,2.0,0,500,0,0,1366.0,768.0,Intel
361,Asus,Notebook,14.0,Full HD 1920x1080,Intel Core i5 7200U 2.5GHz,8,256GB SSD,Intel HD Graphics 620,Windows 10,2.0,176727.096,2.5,256,0,0,0,1920.0,1080.0,Intel
362,Lenovo,Notebook,17.3,1600x900,Intel Core i5 7200U 2.5GHz,6,128GB SSD +  1TB HDD,Nvidia GeForce GTX 940MX,Windows 10,2.8,134462.2032,2.5,128000,0,0,0,1600.0,900.0,Nvidia
363,HP,Notebook,15.6,Full HD 1920x1080,Intel Core i5 7200U 2.5GHz,8,1TB HDD,Intel HD Graphics 620,Windows 10,1.86,119501.17919999998,2.5,0,1000,0,0,1920.0,1080.0,Intel
364,Lenovo,Notebook,15.6,1366x768,Intel Core i3 6006U 2GHz,8,256GB SSD,Nvidia GeForce 920MX ,No OS,2.2,93319.3872,2.0,256,0,0,0,1366.0,768.0,Nvidia
365,HP,Notebook,15.6,1366x768,Intel Pentium Quad Core N3710 1.6GHz,8,2TB HDD,Intel HD Graphics 405,Windows 10,2.04,72747.97919999999,1.6,0,2000,0,0,1366.0,768.0,Intel
366,Dell,Notebook,17.3,Full HD 1920x1080,Intel Core i5 8250U 1.6GHz,8,128GB SSD +  1TB HDD,AMD Radeon 530,Windows 10,2.8,202908.888,1.6,128000,0,0,0,1920.0,1080.0,AMD
367,Lenovo,Gaming,15.6,IPS Panel Full HD 1920x1080,Intel Core i5 7300HQ 2.5GHz,8,128GB SSD +  1TB HDD,Nvidia GeForce GTX 1050,No OS,2.4,151293.3552,2.5,128000,0,0,1,1920.0,1080.0,Nvidia
368,Dell,Notebook,15.6,Full HD 1920x1080,Intel Core i7 7500U 2.7GHz,8,256GB SSD,AMD Radeon R7 M445,Windows 10,2.33,168124.5072,2.7,256,0,0,0,1920.0,1080.0,AMD
369,HP,Ultrabook,14.0,IPS Panel Full HD 1920x1080,Intel Core i7 7500U 2.7GHz,8,256GB SSD,Intel HD Graphics 620,Windows 10,1.36,327272.39999999997,2.7,256,0,0,1,1920.0,1080.0,Intel
370,Asus,2 in 1 Convertible,15.6,Full HD / Touchscreen 1920x1080,Intel Core i7 7500U 2.7GHz,12,512GB SSD +  2TB HDD,Nvidia GeForce GT 940MX,Windows 10,2.26,205527.0672,2.7,512000,0,1,0,1920.0,1080.0,Nvidia
371,Acer,Notebook,15.6,1366x768,AMD A9-Series 9420 3GHz,4,128GB SSD,AMD Radeon R5,Windows 10,2.1,79667.45279999998,3.0,128,0,0,0,1366.0,768.0,AMD
372,Asus,Gaming,17.3,IPS Panel Full HD 1920x1080,AMD Ryzen 1700 3GHz,16,256GB SSD +  1TB HDD,AMD Radeon RX 580,Windows 10,3.25,411241.1472,3.0,256000,0,0,1,1920.0,1080.0,AMD
373,Lenovo,Notebook,17.3,1600x900,AMD A8-Series 7410 2.2GHz,4,128GB SSD,AMD Radeon R5,Windows 10,2.6,91449.25919999999,2.2,128,0,0,0,1600.0,900.0,AMD
374,Dell,2 in 1 Convertible,13.3,Full HD / Touchscreen 1920x1080,Intel Core i7 8550U 1.8GHz,8,256GB SSD,Intel UHD Graphics 620,Windows 10,1.62,162515.99332799995,1.8,256,0,1,0,1920.0,1080.0,Intel
375,HP,Notebook,15.6,Full HD 1920x1080,AMD A9-Series 9420 3GHz,4,256GB SSD,AMD Radeon R5,Windows 10,1.91,91447.38907199999,3.0,256,0,0,0,1920.0,1080.0,AMD
376,Lenovo,Netbook,11.6,IPS Panel 1366x768,Intel Celeron Quad Core N3450 1.1GHz,4,128GB SSD,Intel HD Graphics 500,Windows 10,1.59,103418.0784,1.1,128,0,0,1,1366.0,768.0,Intel
377,Dell,Notebook,15.6,1366x768,Intel Celeron Dual Core N3060 1.60GHz,4,500GB HDD,Intel HD Graphics 400,Windows 10,1.8,57786.9552,1.6,0,500,0,0,1366.0,768.0,Intel
378,Asus,Notebook,14.0,1366x768,Intel Celeron Dual Core N3350 1.1GHz,4,32GB Flash Storage,Intel HD Graphics 500,Windows 10,1.5,53485.6608,1.1,32,0,0,0,1366.0,768.0,Intel
379,Acer,Notebook,15.6,Full HD 1920x1080,Intel Core i7 7700HQ 2.8GHz,8,1TB HDD,Nvidia GeForce GTX 1050,Linux,2.4,158212.8288,2.8,0,1000,0,0,1920.0,1080.0,Nvidia
380,HP,Gaming,17.3,IPS Panel Full HD 1920x1080,Intel Core i7 7700HQ 2.8GHz,8,128GB SSD +  1TB HDD,Nvidia GeForce GTX 1050,Windows 10,3.35,222732.2448,2.8,128000,0,0,1,1920.0,1080.0,Nvidia
381,Lenovo,Notebook,15.6,Full HD 1920x1080,Intel Core i3 6006U 2GHz,4,128GB SSD,Intel HD Graphics 520,No OS,1.85,75459.6648,2.0,128,0,0,0,1920.0,1080.0,Intel
382,Asus,Gaming,15.6,IPS Panel Full HD 1920x1080,Intel Core i7 7700HQ 2.8GHz,8,128GB SSD +  1TB HDD,Nvidia GeForce GTX 1060,Windows 10,2.3,309506.18399999995,2.8,128000,0,0,1,1920.0,1080.0,Nvidia
383,Lenovo,Notebook,14.0,IPS Panel Full HD 1920x1080,Intel Core i5 7200U 2.5GHz,8,256GB SSD,Nvidia GeForce 940MX,Windows 10,1.5,205527.0672,2.5,256,0,0,1,1920.0,1080.0,Nvidia
384,Asus,Ultrabook,13.3,Full HD / Touchscreen 1920x1080,Intel Core i7 7500U 2.7GHz,16,512GB SSD,Intel HD Graphics 620,Windows 10,1.1,327066.68592,2.7,512,0,1,0,1920.0,1080.0,Intel
385,Lenovo,Ultrabook,14.0,IPS Panel 2560x1440,Intel Core i7 7500U 2.7GHz,8,512GB SSD,Intel HD Graphics 620,Windows 10,1.13,426763.2096,2.7,512,0,0,1,2560.0,1440.0,Intel
386,Lenovo,Notebook,13.3,IPS Panel Full HD 1920x1080,Intel Core i3 7100U 2.4GHz,4,128GB SSD,Intel HD Graphics 620,Windows 10,1.5,102670.0272,2.4,128,0,0,1,1920.0,1080.0,Intel
387,Dell,Workstation,15.6,Full HD 1920x1080,Intel Core i5 6440HQ 2.6GHz,8,500GB HDD,AMD FirePro W5130M,Windows 10,2.23,256020.52319999997,2.6,0,500,0,0,1920.0,1080.0,AMD
388,Dell,Workstation,15.6,IPS Panel Full HD 1920x1080,Intel Core i7 6820HQ 2.7GHz,8,256GB SSD,Nvidia Quadro M1200,Windows 10,2.0,399272.328,2.7,256,0,0,1,1920.0,1080.0,Nvidia
389,Lenovo,2 in 1 Convertible,14.0,Touchscreen 2560x1440,Intel Core i7 7500U 2.7GHz,16,512GB SSD,Intel HD Graphics 620,Windows 10,1.42,469215.11519999994,2.7,512,0,1,0,2560.0,1440.0,Intel
390,Asus,Gaming,17.3,Full HD 1920x1080,Intel Core i7 7700HQ 2.8GHz,8,1TB HDD,Nvidia GeForce GTX 1050,Windows 10,3.0,194306.29919999998,2.8,0,1000,0,0,1920.0,1080.0,Nvidia
391,Asus,Gaming,17.3,Full HD 1920x1080,Intel Core i7 7700HQ 2.8GHz,16,256GB SSD +  1TB HDD,Nvidia GeForce GTX 1050 Ti,Windows 10,3.0,297537.3648,2.8,256000,0,0,0,1920.0,1080.0,Nvidia
392,Acer,Notebook,15.6,IPS Panel 1366x768,Intel Core i5 8250U 1.6GHz,12,1TB HDD,Nvidia GeForce MX130,Windows 10,2.2,129785.01307199999,1.6,0,1000,0,1,1366.0,768.0,Nvidia
393,MSI,Gaming,17.3,Full HD 1920x1080,Intel Core i7 7700HQ 2.8GHz,8,256GB SSD,Nvidia GeForce GTX 1050 Ti,Windows 10,2.7,252280.2672,2.8,256,0,0,0,1920.0,1080.0,Nvidia
394,Dell,Notebook,15.6,Full HD 1920x1080,Intel Core i7 7500U 2.7GHz,8,256GB SSD,AMD Radeon R7 M445,Linux,2.33,145658.659536,2.7,256,0,0,0,1920.0,1080.0,AMD
395,HP,Ultrabook,15.6,Full HD 1920x1080,AMD A9-Series 9420 3GHz,4,256GB SSD,AMD Radeon 520,Windows 10,1.91,93319.3872,3.0,256,0,0,0,1920.0,1080.0,AMD
396,Lenovo,Notebook,15.6,IPS Panel Full HD 1920x1080,Intel Core i7 8550U 1.8GHz,8,256GB SSD,AMD Radeon RX 550,Windows 10,2.1,229943.458368,1.8,256,0,0,1,1920.0,1080.0,AMD
397,Lenovo,Notebook,14.0,IPS Panel Full HD 1920x1080,Intel Core i5 7200U 2.5GHz,8,256GB SSD,Intel HD Graphics 620,Windows 10,1.9,175418.00639999998,2.5,256,0,0,1,1920.0,1080.0,Intel
398,Dell,Workstation,15.6,4K Ultra HD / Touchscreen 3840x2160,Intel Core i7 7700HQ 2.8GHz,8,256GB SSD,Nvidia Quadro M1200,Windows 10,1.78,507178.7135999999,2.8,256,0,1,0,3840.0,2160.0,Nvidia
399,Lenovo,Ultrabook,14.0,IPS Panel 2560x1440,Intel Core i7 7500U 2.7GHz,16,1TB SSD,Intel HD Graphics 620,Windows 10,1.13,490908.6,2.7,1000,0,0,1,2560.0,1440.0,Intel
400,Lenovo,Notebook,15.6,1366x768,Intel Celeron Dual Core N3350 1.1GHz,4,1TB HDD,Intel HD Graphics 500,Windows 10,2.2,57225.9168,1.1,0,1000,0,0,1366.0,768.0,Intel
401,Asus,Gaming,17.3,Full HD 1920x1080,Intel Core i7 7700HQ 2.8GHz,16,256GB SSD +  1TB HDD,Nvidia GeForce GTX 1050,Windows 10,2.9,285942.57119999995,2.8,256000,0,0,0,1920.0,1080.0,Nvidia
402,Lenovo,Notebook,15.6,IPS Panel Full HD 1920x1080,Intel Core i5 8250U 1.6GHz,8,256GB SSD +  1TB HDD,AMD Radeon RX 550,Windows 10,2.1,214036.14959999998,1.6,256000,0,0,1,1920.0,1080.0,AMD
403,Acer,Notebook,15.6,Full HD 1920x1080,Intel Core i7 7700HQ 2.8GHz,8,256GB SSD,Nvidia GeForce GTX 1050,Linux,2.5,164384.2512,2.8,256,0,0,0,1920.0,1080.0,Nvidia
404,MSI,Gaming,17.3,Full HD 1920x1080,Intel Core i7 7700HQ 2.8GHz,16,256GB SSD +  1TB HDD,Nvidia GeForce GTX 1070,Windows 10,2.8,420591.78719999996,2.8,256000,0,0,0,1920.0,1080.0,Nvidia
405,Asus,Ultrabook,14.0,Full HD 1920x1080,Intel Core i7 7500U 2.7GHz,8,512GB SSD,Intel HD Graphics 620,Windows 10,1.1,350274.9744,2.7,512,0,0,0,1920.0,1080.0,Intel
406,Toshiba,Ultrabook,13.3,Full HD 1920x1080,Intel Core i7 6500U 2.5GHz,16,512GB SSD,Intel HD Graphics 520,Windows 10,1.2,326711.3616,2.5,512,0,0,0,1920.0,1080.0,Intel
407,Dell,Ultrabook,14.0,Full HD 1920x1080,Intel Core i7 7600U 2.8GHz,8,512GB SSD,Intel HD Graphics,Windows 10,1.36,314181.50399999996,2.8,512,0,0,0,1920.0,1080.0,Intel
408,Lenovo,Notebook,15.6,Full HD 1920x1080,Intel Core i3 6006U 2GHz,4,500GB HDD,Intel HD Graphics 520,Windows 10,2.2,76488.2352,2.0,0,500,0,0,1920.0,1080.0,Intel
409,Lenovo,Notebook,11.6,1366x768,Intel Celeron Dual Core N3350 1.1GHz,2,32GB Flash Storage,Intel HD Graphics 500,Windows 10,1.15,56936.04695999999,1.1,32,0,0,0,1366.0,768.0,Intel
410,Lenovo,Workstation,15.6,Full HD 1920x1080,Intel Core i7 7700HQ 2.8GHz,8,512GB SSD,Nvidia Quadro M1200,Windows 10,2.67,359999.63999999996,2.8,512,0,0,0,1920.0,1080.0,Nvidia
411,Lenovo,Ultrabook,14.0,IPS Panel Full HD 2560x1440,Intel Core i7 7700HQ 2.8GHz,8,512GB SSD,Nvidia GeForce GT 940MX,Windows 10,1.7,363365.87039999996,2.8,512,0,0,1,2560.0,1440.0,Nvidia
412,HP,Notebook,15.6,Full HD 1920x1080,Intel Core i3 6006U 2GHz,4,1TB HDD,AMD Radeon 520,Windows 10,2.1,87709.00319999999,2.0,0,1000,0,0,1920.0,1080.0,AMD
413,Acer,2 in 1 Convertible,13.3,IPS Panel Full HD / Touchscreen 1920x1080,Intel Core i7 6500U 2.5GHz,8,256GB SSD,Intel HD Graphics 520,Windows 10,1.6,147554.96932799998,2.5,256,0,1,1,1920.0,1080.0,Intel
414,Asus,2 in 1 Convertible,13.3,IPS Panel Full HD / Touchscreen 1920x1080,Intel Core i5 7200U 2.5GHz,8,256GB SSD,Intel HD Graphics 620,Windows 10,1.27,173547.8784,2.5,256,0,1,1,1920.0,1080.0,Intel
415,Dell,Notebook,15.6,Full HD 1920x1080,Intel Core i5 7200U 2.5GHz,4,256GB SSD,AMD Radeon R5 M430,Linux,2.3,112001.96591999999,2.5,256,0,0,0,1920.0,1080.0,AMD
416,Dell,Notebook,13.3,1366x768,Intel Core i3 6006U 2GHz,4,128GB SSD,Intel HD Graphics 520,Windows 10,1.65,128851.81919999998,2.0,128,0,0,0,1366.0,768.0,Intel
417,HP,Ultrabook,14.0,Full HD 1920x1080,Intel Core i7 6500U 2.5GHz,8,256GB SSD,Intel HD Graphics 520,Windows 10,1.43,280519.2,2.5,256,0,0,0,1920.0,1080.0,Intel
418,Dell,Notebook,15.6,1366x768,Intel Core i5 7200U 2.5GHz,8,1TB HDD,Intel HD Graphics 620,Windows 10,2.14,100977.56135999999,2.5,0,1000,0,0,1366.0,768.0,Intel
419,Lenovo,Ultrabook,14.0,IPS Panel Full HD 1920x1080,Intel Core i7 8550U 1.8GHz,8,256GB SSD,AMD Radeon RX 550,Windows 10,1.75,227291.616864,1.8,256,0,0,1,1920.0,1080.0,AMD
420,Lenovo,2 in 1 Convertible,15.6,IPS Panel 4K Ultra HD / Touchscreen 3840x2160,Intel Core i7 7700HQ 2.8GHz,16,512GB SSD,Nvidia GeForce GTX 1050,Windows 10,2.0,355137.3072,2.8,512,0,1,1,3840.0,2160.0,Nvidia
421,Chuwi,Notebook,12.3,IPS Panel Retina Display 2736x1824,Intel Celeron Quad Core N3450 1.1GHz,6,64GB Flash Storage,Intel HD Graphics 500,Windows 10,1.4,83968.7472,1.1,64,0,0,1,2736.0,1824.0,Intel
422,HP,Notebook,15.6,Full HD 1920x1080,Intel Core i7 7820HQ 2.9GHz,8,256GB SSD,Intel HD Graphics 630,Windows 10,2.31,266867.2656,2.9,256,0,0,0,1920.0,1080.0,Intel
423,Asus,Notebook,15.6,Full HD 1920x1080,Intel Core i3 7100U 2.4GHz,8,1TB HDD,Nvidia GeForce 940MX,Linux,2.3,111646.64159999999,2.4,0,1000,0,0,1920.0,1080.0,Nvidia
424,Dell,Gaming,17.3,IPS Panel 2560x1440,Intel Core i7 7820HK 2.9GHz,16,256GB SSD +  1TB HDD,Nvidia GeForce GTX 1070,Windows 10,4.42,523448.8272,2.9,256000,0,0,1,2560.0,1440.0,Nvidia
425,Dell,Gaming,15.6,IPS Panel Full HD 1920x1080,Intel Core i7 7700HQ 2.8GHz,8,128GB SSD +  1TB HDD,Nvidia GeForce GTX 1050 Ti,Windows 10,2.62,216747.83519999997,2.8,128000,0,0,1,1920.0,1080.0,Nvidia
426,Dell,Notebook,15.6,Full HD 1920x1080,Intel Core i7 8550U 1.8GHz,8,256GB SSD +  2TB HDD,AMD Radeon 530,Windows 10,2.02,213643.42271999997,1.8,256000,0,0,0,1920.0,1080.0,AMD
427,Dell,Ultrabook,14.0,Full HD 1920x1080,Intel Core i7 7600U 2.8GHz,8,256GB SSD,Intel HD Graphics 620,Linux,1.6,205527.0672,2.8,256,0,0,0,1920.0,1080.0,Intel
428,HP,Gaming,17.3,Full HD 1920x1080,Intel Core i7 7700HQ 2.8GHz,12,256GB SSD +  1TB HDD,Nvidia GeForce GTX 1070,Windows 10,3.35,373838.5872,2.8,256000,0,0,0,1920.0,1080.0,Nvidia
429,Mediacom,2 in 1 Convertible,11.6,IPS Panel Full HD / Touchscreen 1920x1080,Intel Celeron Dual Core N3350 1.1GHz,4,32GB SSD,Intel HD Graphics 500,Windows 10,1.16,55916.82719999999,1.1,32,0,1,1,1920.0,1080.0,Intel
430,Samsung,Netbook,11.6,1366x768,Intel Celeron Dual Core N3060 1.6GHz,4,16GB Flash Storage,Intel HD Graphics 400,Chrome OS,1.15,50306.443199999994,1.6,16,0,0,0,1366.0,768.0,Intel
431,Lenovo,Notebook,13.3,IPS Panel Full HD 1920x1080,Intel Core i7 7500U 2.7GHz,8,256GB SSD,Intel HD Graphics 620,Windows 10,1.4,188882.92799999999,2.7,256,0,0,1,1920.0,1080.0,Intel
432,Lenovo,Notebook,14.0,IPS Panel Full HD 1920x1080,Intel Core i3 7130U 2.7GHz,4,128GB SSD,Intel HD Graphics 620,Windows 10,1.7,112020.6672,2.7,128,0,0,1,1920.0,1080.0,Intel
433,Lenovo,Workstation,15.6,IPS Panel 4K Ultra HD 3840x2160,Intel Core i7 7600U 2.8GHz,16,512GB SSD,Nvidia GeForce 940MX,Windows 10,2.3,457246.296,2.8,512,0,0,1,3840.0,2160.0,Nvidia
434,Lenovo,Notebook,15.6,Full HD 1920x1080,Intel Core i7 7820HQ 2.9GHz,16,512GB SSD,Nvidia Quadro M2200M,Windows 10,2.5,457994.34719999996,2.9,512,0,0,0,1920.0,1080.0,Nvidia
435,Asus,Gaming,17.3,Full HD 1920x1080,AMD Ryzen 1600 3.2GHz,8,256GB SSD +  1TB HDD,AMD Radeon RX 580,Windows 10,3.2,316986.696,3.2,256000,0,0,0,1920.0,1080.0,AMD
436,HP,Notebook,15.6,1366x768,Intel Celeron Dual Core N3060 1.6GHz,4,500GB HDD,Intel HD Graphics 400,Windows 10,2.1,64893.4416,1.6,0,500,0,0,1366.0,768.0,Intel
437,Google,Ultrabook,12.3,Touchscreen 2400x1600,Intel Core i7 7Y75 1.3GHz,16,512GB SSD,Intel HD Graphics 615,Chrome OS,1.1,411241.1472,1.3,512,0,1,0,2400.0,1600.0,Intel
438,Lenovo,Ultrabook,14.0,2560x1440,Intel Core i7 7500U 2.7GHz,24,512GB SSD,Intel HD Graphics 620,Windows 10,1.32,445464.4896,2.7,512,0,0,0,2560.0,1440.0,Intel
439,Asus,Notebook,15.6,Full HD 1920x1080,Intel Core i5 7200U 2.5GHz,4,256GB SSD,Intel HD Graphics 620,Linux,2.0,104540.1552,2.5,256,0,0,0,1920.0,1080.0,Intel
440,Lenovo,Notebook,17.3,1600x900,AMD A6-Series 9220 2.5GHz,8,1TB HDD,AMD Radeon R4,Windows 10,2.8,97059.64319999999,2.5,0,1000,0,0,1600.0,900.0,AMD
441,Dell,Notebook,15.6,Full HD 1920x1080,Intel Core i5 8250U 1.6GHz,4,256GB SSD,AMD Radeon 530,Windows 10,2.2,140072.5872,1.6,256,0,0,0,1920.0,1080.0,AMD
442,Lenovo,Ultrabook,12.5,IPS Panel Full HD 1920x1080,Intel Core i5 7200U 2.5GHz,8,256GB SSD,Intel HD Graphics 620,Windows 10,1.36,267241.2912,2.5,256,0,0,1,1920.0,1080.0,Intel
443,Lenovo,Notebook,15.6,Full HD 1920x1080,Intel Pentium Quad Core N4200 1.1GHz,4,128GB SSD,Intel HD Graphics 505,Windows 10,2.2,65267.4672,1.1,128,0,0,0,1920.0,1080.0,Intel
444,HP,Gaming,15.6,IPS Panel Full HD 1920x1080,Intel Core i7 7700HQ 2.8GHz,8,128GB SSD +  1TB HDD,Nvidia GeForce GTX 1050,Windows 10,2.2,205527.0672,2.8,128000,0,0,1,1920.0,1080.0,Nvidia
445,Dell,Notebook,14.0,Full HD 1920x1080,Intel Core i5 7440HQ 2.8GHz,8,256GB SSD,Nvidia GeForce 930MX,Windows 10,1.64,220488.0912,2.8,256,0,0,0,1920.0,1080.0,Nvidia
446,Acer,Notebook,15.6,1366x768,Intel Core i5 7200U 2.5GHz,4,500GB HDD,Intel HD Graphics 620,Linux,2.4,82622.25503999999,2.5,0,500,0,0,1366.0,768.0,Intel
447,Dell,Workstation,15.6,Full HD 1920x1080,Intel Xeon E3-1505M V6 3GHz,8,64GB Flash Storage +  1TB HDD,Nvidia Quadro M620,Windows 10,2.23,372716.51039999997,3.0,64000,0,0,0,1920.0,1080.0,Nvidia
448,MSI,Gaming,15.6,Full HD 1920x1080,Intel Core i5 7300HQ 2.5GHz,8,256GB SSD,Nvidia GeForce GTX 1050,Windows 10,2.2,192200.535072,2.5,256,0,0,0,1920.0,1080.0,Nvidia
449,Microsoft,Ultrabook,13.5,Touchscreen 2256x1504,Intel Core i7 7660U 2.5GHz,16,512GB SSD,Intel Iris Plus Graphics 640,Windows 10 S,1.25,484176.1391999999,2.5,512,0,1,0,2256.0,1504.0,Intel
450,HP,Notebook,15.6,1366x768,Intel Core i5 7200U 2.5GHz,8,128GB SSD,Intel HD Graphics 620,Windows 10,1.91,110150.53919999998,2.5,128,0,0,0,1366.0,768.0,Intel
451,Dell,Workstation,15.6,IPS Panel Full HD 1920x1080,Intel Core i7 6820HQ 2.7GHz,16,256GB SSD,Nvidia Quadro M620,Windows 10,2.17,369350.27999999997,2.7,256,0,0,1,1920.0,1080.0,Nvidia
452,HP,Workstation,15.6,IPS Panel Full HD 1920x1080,Intel Core i7 7820HQ 2.9GHz,8,512GB SSD,Intel HD Graphics 620,Windows 10,2.31,286877.6352,2.9,512,0,0,1,1920.0,1080.0,Intel
453,Lenovo,Notebook,14.0,Full HD 1920x1080,Intel Core i5 7200U 2.5GHz,8,256GB SSD,Intel HD Graphics 620,Windows 10,1.65,251532.21599999996,2.5,256,0,0,0,1920.0,1080.0,Intel
454,Dell,Notebook,15.6,Full HD 1920x1080,Intel Core i7 8550U 1.8GHz,8,128GB SSD +  1TB HDD,AMD Radeon 530,Windows 10,2.36,183085.5312,1.8,128000,0,0,0,1920.0,1080.0,AMD
455,Dell,2 in 1 Convertible,11.6,Touchscreen 1366x768,Intel Pentium Quad Core N3710 1.6GHz,4,500GB HDD,Intel HD Graphics 405,Windows 10,1.47,89579.13119999999,1.6,0,500,1,0,1366.0,768.0,Intel
456,Dell,Notebook,17.3,IPS Panel Full HD 1920x1080,Intel Core i7 7700HQ 2.7GHz,8,1TB HDD,Nvidia GeForce GTX 1060,Windows 10,4.42,382628.1888,2.7,0,1000,0,1,1920.0,1080.0,Nvidia
457,Microsoft,Ultrabook,13.5,Touchscreen 2256x1504,Intel Core M m3-7Y30 2.2GHz,4,128GB SSD,Intel HD Graphics 615,Windows 10 S,1.252,184955.6592,2.2,128,0,1,0,2256.0,1504.0,Intel
458,Microsoft,Ultrabook,13.5,Touchscreen 2256x1504,Intel Core i7 7660U 2.5GHz,8,256GB SSD,Intel Iris Plus Graphics 640,Windows 10 S,1.25,336436.0272,2.5,256,0,1,0,2256.0,1504.0,Intel
459,HP,Notebook,17.3,1600x900,Intel Core i3 6006U 2GHz,8,256GB SSD,Intel HD Graphics 520,Windows 10,2.5,119669.49072,2.0,256,0,0,0,1600.0,900.0,Intel
460,Acer,Notebook,15.6,Full HD 1920x1080,Intel Core i3 6006U 2GHz,4,1TB HDD,Nvidia GeForce 940MX,Windows 10,2.23,101734.9632,2.0,0,1000,0,0,1920.0,1080.0,Nvidia
461,Acer,Netbook,11.6,1366x768,Intel Celeron Dual Core N3060 1.6GHz,4,128GB SSD,Intel HD Graphics 400,Windows 10,1.4,81350.568,1.6,128,0,0,0,1366.0,768.0,Intel
462,Asus,Notebook,15.6,Full HD 1920x1080,Intel Core i5 7200U 2.5GHz,8,1TB HDD,Intel HD Graphics 620,Windows 10,2.37,140072.5872,2.5,0,1000,0,0,1920.0,1080.0,Intel
463,Lenovo,Notebook,14.0,IPS Panel Full HD 1920x1080,Intel Core i7 7500U 2.7GHz,8,512GB SSD,AMD Radeon R7 M460,No OS,1.5,149423.2272,2.7,512,0,0,1,1920.0,1080.0,AMD
464,Lenovo,Notebook,15.6,Full HD 1920x1080,Intel Core i7 7820HQ 2.9GHz,8,256GB SSD,Nvidia Quadro M2200M,Windows 10,2.67,390856.752,2.9,256,0,0,0,1920.0,1080.0,Nvidia
465,Asus,Notebook,15.6,1366x768,Intel Pentium Quad Core N4200 1.1GHz,4,500GB HDD,Intel HD Graphics 500,Windows 10,2.0,56851.8912,1.1,0,500,0,0,1366.0,768.0,Intel
466,Acer,Notebook,15.6,1366x768,Intel Core i3 6006U 2GHz,4,500GB HDD,Nvidia GeForce GTX 940MX,Windows 10,2.2,87709.00319999999,2.0,0,500,0,0,1366.0,768.0,Nvidia
467,Dell,Notebook,15.6,Full HD 1920x1080,Intel Core i5 8250U 1.6GHz,8,2TB HDD,AMD Radeon 530,Windows 10,2.02,141942.71519999998,1.6,0,2000,0,0,1920.0,1080.0,AMD
468,HP,Gaming,17.3,IPS Panel Full HD 1920x1080,Intel Core i7 7700HQ 2.8GHz,12,1TB HDD,Nvidia GeForce GTX 1060,Windows 10,3.78,317734.7472,2.8,0,1000,0,1,1920.0,1080.0,Nvidia
469,Lenovo,Ultrabook,14.0,IPS Panel Quad HD+ 2560x1440,Intel Core i7 6600U 2.6GHz,12,256GB SSD,Intel HD Graphics 520,Windows 10,1.4,347469.7824,2.6,256,0,0,1,2560.0,1440.0,Intel
470,HP,2 in 1 Convertible,13.3,IPS Panel 4K Ultra HD / Touchscreen 3840x2160,Intel Core i7 8550U 1.8GHz,8,512GB SSD,Intel UHD Graphics 620,Windows 10,1.29,373838.5872,1.8,512,0,1,1,3840.0,2160.0,Intel
471,HP,Notebook,15.6,Full HD 1920x1080,Intel Core i5 7200U 2.5GHz,8,500GB HDD,AMD FirePro W4190M ,Windows 10,1.9,215812.7712,2.5,0,500,0,0,1920.0,1080.0,AMD
472,Google,Ultrabook,12.3,Touchscreen 2400x1600,Intel Core i5 7Y57 1.2GHz,8,128GB SSD,Intel HD Graphics 615,Chrome OS,1.1,238441.31999999998,1.2,128,0,1,0,2400.0,1600.0,Intel
473,Dell,Ultrabook,13.3,Full HD / Touchscreen 1920x1080,Intel Core i5 8250U 1.6GHz,8,256GB SSD,Intel UHD Graphics 620,Windows 10,1.42,344449.52567999996,1.6,256,0,1,0,1920.0,1080.0,Intel
474,Asus,Notebook,15.6,IPS Panel 4K Ultra HD 3840x2160,Intel Core i7 6700HQ 2.6GHz,12,128GB SSD +  1TB HDD,Intel HD Graphics 530,Windows 10,2.06,242929.6272,2.6,128000,0,0,1,3840.0,2160.0,Intel
475,Dell,Notebook,14.0,1366x768,Intel Core i3 6100U 2.3GHz,8,128GB SSD,Intel HD Graphics 520,Windows 10,1.79,138389.47199999998,2.3,128,0,0,0,1366.0,768.0,Intel
476,Dell,Workstation,15.6,Full HD 1920x1080,Intel Core i7 7700HQ 2.8GHz,8,256GB SSD,Nvidia Quadro M1200,Windows 10,1.78,450326.8224,2.8,256,0,0,0,1920.0,1080.0,Nvidia
477,Lenovo,Notebook,14.0,Full HD 1920x1080,Intel Core i5 7200U 2.5GHz,8,180GB SSD,Intel HD Graphics 620,Windows 10,1.7,255085.45919999998,2.5,180,0,0,0,1920.0,1080.0,Intel
478,Dell,Notebook,15.6,Full HD 1920x1080,Intel Core i5 8250U 1.6GHz,8,1TB HDD,AMD Radeon 520,Windows 10,2.2,126233.64,1.6,0,1000,0,0,1920.0,1080.0,AMD
479,Toshiba,Notebook,13.3,IPS Panel Full HD 1920x1080,Intel Core i5 7200U 2.5GHz,8,256GB SSD,Intel HD Graphics 620,Windows 10,1.05,312685.4016,2.5,256,0,0,1,1920.0,1080.0,Intel
480,Dell,Notebook,15.6,IPS Panel Full HD 1920x1080,Intel Core i7 8550U 1.8GHz,8,512GB SSD,Nvidia GeForce 940MX,Windows 10,2.16,236010.1536,1.8,512,0,0,1,1920.0,1080.0,Nvidia
481,Dell,Notebook,15.6,1366x768,Intel Core i3 7100U 2.4GHz,4,1TB HDD,Intel HD Graphics 620,Windows 10,2.18,109701.70847999999,2.4,0,1000,0,0,1366.0,768.0,Intel
482,HP,Notebook,13.3,IPS Panel Full HD 1920x1080,Intel Core i5 8250U 1.6GHz,4,128GB SSD,Intel UHD Graphics 620,Windows 10,1.49,135771.2928,1.6,128,0,0,1,1920.0,1080.0,Intel
483,Chuwi,Notebook,15.6,Full HD 1920x1080,Intel Atom x5-Z8350 1.44GHz,4,64GB Flash Storage,Intel HD Graphics,Windows 10,1.89,46547.48592000001,1.44,64,0,0,0,1920.0,1080.0,Intel
484,Lenovo,Notebook,15.6,1366x768,Intel Core i3 6006U 2.0GHz,4,128GB SSD,Intel HD Graphics 520,Windows 10,2.3,105662.23199999999,2.0,128,0,0,0,1366.0,768.0,Intel
485,Lenovo,Notebook,14.0,IPS Panel Full HD 1920x1080,Intel Core i5 8250U 1.6GHz,8,256GB SSD,Intel UHD Graphics 620,Windows 10,1.75,196176.4272,1.6,256,0,0,1,1920.0,1080.0,Intel
486,Dell,Workstation,15.6,IPS Panel Full HD 1920x1080,Intel Core i7 6820HQ 2.7GHz,16,512GB SSD,Nvidia Quadro M620,Windows 10,2.17,437235.9264,2.7,512,0,0,1,1920.0,1080.0,Nvidia
487,Dell,Notebook,15.6,Full HD 1920x1080,Intel Core i7 7700HQ 2.8GHz,16,512GB SSD,Nvidia GeForce GTX 1050,Windows 10,2.06,355137.3072,2.8,512,0,0,0,1920.0,1080.0,Nvidia
488,Lenovo,Ultrabook,12.5,IPS Panel Full HD 1920x1080,Intel Core i7 7500U 2.7GHz,16,512GB SSD,Intel HD Graphics 620,Windows 10,1.36,336249.0144,2.7,512,0,0,1,1920.0,1080.0,Intel
489,Asus,Ultrabook,12.5,Full HD 1920x1080,Intel Core i7 7500U 2.7GHz,16,512GB SSD,Intel HD Graphics 620,Windows 10,0.91,364674.95999999996,2.7,512,0,0,0,1920.0,1080.0,Intel
490,Lenovo,Notebook,15.6,IPS Panel Full HD 1920x1080,Intel Core i5 7200U 2.5GHz,8,256GB SSD,Nvidia GeForce 940MX,Windows 10,2.3,189255.08347199997,2.5,256,0,0,1,1920.0,1080.0,Nvidia
491,Toshiba,Ultrabook,13.3,Full HD / Touchscreen 1920x1080,Intel Core i7 7500U 2.7GHz,32,512GB SSD,Intel HD Graphics 620,Windows 10,1.05,523448.8272,2.7,512,0,1,0,1920.0,1080.0,Intel
492,Asus,Gaming,15.6,Full HD 1920x1080,Intel Core i7 7700HQ 2.8GHz,8,128GB SSD +  1TB HDD,Nvidia GeForce GTX 1050,Windows 10,1.99,252467.28,2.8,128000,0,0,0,1920.0,1080.0,Nvidia
493,Acer,Notebook,15.6,1366x768,AMD A10-Series 9620P 2.5GHz,8,1TB HDD,AMD Radeon RX 540,Windows 10,2.2,108280.41119999999,2.5,0,1000,0,0,1366.0,768.0,AMD
494,Asus,Gaming,17.3,IPS Panel Full HD / Touchscreen 1920x1080,Intel Core i7 6700HQ 2.6GHz,24,256GB SSD +  1TB HDD,Nvidia GeForce GTX 965M,Windows 10,4.33,237319.24319999997,2.6,256000,0,1,1,1920.0,1080.0,Nvidia
495,Lenovo,Ultrabook,12.5,IPS Panel 1366x768,Intel Core i5 6200U 2.3GHz,8,180GB SSD,Intel HD Graphics 520,Windows 10,1.3,205527.0672,2.3,180,0,0,1,1366.0,768.0,Intel
496,Lenovo,Notebook,15.6,Full HD 1920x1080,Intel Core i7 8550U 1.8GHz,8,256GB SSD,Intel UHD Graphics 620,Windows 10,2.17,168105.80591999996,1.8,256,0,0,0,1920.0,1080.0,Intel
497,HP,Notebook,14.0,Full HD 1920x1080,Intel Core i7 7600U 2.8GHz,8,1TB SSD,Intel HD Graphics 620,Windows 10,1.48,327085.3872,2.8,1000,0,0,0,1920.0,1080.0,Intel
498,Lenovo,Notebook,13.3,IPS Panel Full HD 1920x1080,Intel Core i3 7100U 2.4GHz,8,256GB SSD,Intel HD Graphics 620,Windows 10,1.4,177475.1472,2.4,256,0,0,1,1920.0,1080.0,Intel
499,Lenovo,Notebook,15.6,IPS Panel Full HD 1920x1080,Intel Core i5 7200U 2.5GHz,8,256GB SSD,Intel HD Graphics 620,Windows 10,2.3,170368.66079999998,2.5,256,0,0,1,1920.0,1080.0,Intel
500,Asus,Netbook,11.6,1366x768,Intel Celeron Dual Core N3350 1.1GHz,4,64GB Flash Storage,Intel HD Graphics 500,Windows 10 S,1.2,63584.352,1.1,64,0,0,0,1366.0,768.0,Intel
501,HP,Notebook,15.6,1366x768,Intel Core i5 7200U 2.5GHz,8,256GB SSD,AMD Radeon 520,Windows 10,1.91,115759.053072,2.5,256,0,0,0,1366.0,768.0,AMD
502,Lenovo,2 in 1 Convertible,13.9,IPS Panel Full HD / Touchscreen 1920x1080,Intel Core i5 8250U 1.6GHz,8,256GB SSD,Intel UHD Graphics 620,Windows 10,1.4,299033.4672,1.6,256,0,1,1,1920.0,1080.0,Intel
503,Lenovo,Notebook,14.0,1366x768,Intel Celeron Dual Core N3350 1.1GHz,4,500GB HDD,Intel HD Graphics 500,Windows 10,2.1,55916.82719999999,1.1,0,500,0,0,1366.0,768.0,Intel
504,Lenovo,Netbook,11.6,1366x768,Intel Celeron Dual Core N3060 1.6GHz,4,16GB SSD,Intel HD Graphics 400,Chrome OS,1.25,49558.392,1.6,16,0,0,0,1366.0,768.0,Intel
505,Lenovo,Notebook,13.3,Full HD 1920x1080,Intel Core i5 7200U 2.5GHz,8,256GB SSD,Intel HD Graphics 620,Windows 10,1.44,177475.1472,2.5,256,0,0,0,1920.0,1080.0,Intel
506,Asus,Notebook,15.6,Full HD 1920x1080,Intel Core i7 7500U 2.7GHz,8,256GB SSD +  1TB HDD,Intel HD Graphics 620,Windows 10,2.0,228903.6672,2.7,256000,0,0,0,1920.0,1080.0,Intel
507,Acer,Notebook,15.6,IPS Panel Full HD 1920x1080,Intel Core i5 8250U 1.6GHz,4,1TB HDD,Nvidia GeForce MX150,Windows 10,2.2,114638.8464,1.6,0,1000,0,1,1920.0,1080.0,Nvidia
508,HP,Ultrabook,13.3,IPS Panel Full HD 1920x1080,Intel Core i7 7500U 2.7GHz,8,512GB SSD,Intel HD Graphics 620,Windows 10,1.34,247417.9344,2.7,512,0,0,1,1920.0,1080.0,Intel
509,Lenovo,Gaming,15.6,IPS Panel Full HD 1920x1080,Intel Core i7 7700HQ 2.8GHz,8,256GB SSD +  1TB HDD,Nvidia GeForce GTX 1060,No OS,2.4,214877.7072,2.8,256000,0,0,1,1920.0,1080.0,Nvidia
510,Dell,Ultrabook,13.3,IPS Panel Full HD / Touchscreen 1920x1080,Intel Core i5 7200U 2.5GHz,8,128GB SSD,Intel HD Graphics 620,Windows 10,1.29,168124.5072,2.5,128,0,1,1,1920.0,1080.0,Intel
511,Acer,Notebook,15.6,Full HD 1920x1080,Intel Core i7 7500U 2.7GHz,4,500GB HDD,Nvidia GeForce 940MX,Windows 10,2.2,119501.17919999998,2.7,0,500,0,0,1920.0,1080.0,Nvidia
512,Dell,Notebook,15.6,Full HD 1920x1080,Intel Core i5 7200U 2.5GHz,8,1TB HDD,Intel HD Graphics 620,Windows 10,2.18,156342.7008,2.5,0,1000,0,0,1920.0,1080.0,Intel
513,Dell,Notebook,15.6,Full HD 1920x1080,Intel Core i7 8550U 1.8GHz,16,256GB SSD +  2TB HDD,AMD Radeon 530,Windows 10,2.2,228013.48627199995,1.8,256000,0,0,0,1920.0,1080.0,AMD
514,Xiaomi,Notebook,15.6,IPS Panel Full HD 1920x1080,Intel Core i7 8550U 1.8GHz,16,256GB SSD,Nvidia GeForce MX150,No OS,1.95,261808.56935999996,1.8,256,0,0,1,1920.0,1080.0,Nvidia
515,Asus,Netbook,11.6,1366x768,Intel Celeron Dual Core N3350 1.1GHz,2,32GB Flash Storage,Intel HD Graphics 500,Windows 10,1.1,45818.136,1.1,32,0,0,0,1366.0,768.0,Intel
516,HP,Notebook,15.6,Touchscreen 1366x768,Intel Core i5 8250U 1.6GHz,4,1TB HDD,Intel UHD Graphics 620,Windows 10,2.04,97521.564816,1.6,0,1000,1,0,1366.0,768.0,Intel
517,Asus,Gaming,15.6,Full HD 1920x1080,Intel Core i7 7700HQ 2.8GHz,24,512GB SSD,Nvidia GeForce GTX1080,Windows 10,2.24,555053.9904,2.8,512,0,0,0,1920.0,1080.0,Nvidia
518,HP,Notebook,15.6,Full HD 1920x1080,Intel Core i5 7200U 2.5GHz,8,256GB SSD,Nvidia GeForce 930MX,Windows 10,2.04,166254.3792,2.5,256,0,0,0,1920.0,1080.0,Nvidia
519,Asus,Gaming,17.3,Full HD 1920x1080,Intel Core i7 7700HQ 2.8GHz,16,256GB SSD +  1TB HDD,Nvidia GeForce GTX1050 Ti,Windows 10,3.0,281267.25119999994,2.8,256000,0,0,0,1920.0,1080.0,Nvidia
520,Lenovo,Gaming,15.6,IPS Panel Full HD 1920x1080,Intel Core i7 7700HQ 2.8GHz,8,256GB SSD +  1TB HDD,Nvidia GeForce GTX 1060,Windows 10,3.2,261630.9072,2.8,256000,0,0,1,1920.0,1080.0,Nvidia
521,HP,Ultrabook,13.3,IPS Panel Full HD 1920x1080,Intel Core i7 7500U 2.7GHz,8,256GB SSD,Intel HD Graphics 620,Windows 10,1.32,261630.9072,2.7,256,0,0,1,1920.0,1080.0,Intel
522,Dell,Notebook,14.0,Full HD 1920x1080,Intel Core i5 7300U 2.6GHz,8,256GB SSD,Intel HD Graphics 620,Windows 10,1.64,239325.890544,2.6,256,0,0,0,1920.0,1080.0,Intel
523,HP,Notebook,15.6,1366x768,Intel Core i3 6006U 2GHz,4,128GB SSD,Intel HD Graphics 520,Windows 10,1.63,128851.81919999998,2.0,128,0,0,0,1366.0,768.0,Intel
524,Dell,Notebook,17.3,IPS Panel Full HD 1920x1080,Intel Core i5 8250U 1.6GHz,8,128GB SSD +  1TB HDD,AMD Radeon 530,Linux,2.8,166254.3792,1.6,128000,0,0,1,1920.0,1080.0,AMD
525,Lenovo,Notebook,14.0,Full HD 1920x1080,Intel Core i5 6200U 2.3GHz,8,256GB SSD,Intel HD Graphics 520,Windows 7,2.02,250597.15199999997,2.3,256,0,0,0,1920.0,1080.0,Intel
526,Lenovo,Notebook,15.6,Full HD 1920x1080,Intel Core i7 7500U 2.7GHz,4,1TB HDD,Nvidia GeForce 920MX,Windows 10,2.2,149423.2272,2.7,0,1000,0,0,1920.0,1080.0,Nvidia
527,Lenovo,Notebook,15.6,1366x768,Intel Core i3 6006U 2GHz,8,2TB HDD,Nvidia GeForce 920MX ,No OS,2.2,85838.8752,2.0,0,2000,0,0,1366.0,768.0,Nvidia
528,Dell,Notebook,15.6,Full HD 1920x1080,Intel Core i5 7200U 2.5GHz,4,500GB HDD,AMD Radeon R5 M430,Windows 10,2.3,109402.488,2.5,0,500,0,0,1920.0,1080.0,AMD
529,Dell,Notebook,15.6,Full HD 1920x1080,Intel Core i5 7440HQ 2.8GHz,8,256GB SSD,Intel HD Graphics 620,Windows 10,1.9,257516.62559999997,2.8,256,0,0,0,1920.0,1080.0,Intel
530,Dell,Gaming,17.3,IPS Panel Full HD 1920x1080,Intel Core i7 7700HQ 2.8GHz,16,128GB SSD +  1TB HDD,Nvidia GeForce GTX 1070,Windows 10,4.42,563426.553456,2.8,128000,0,0,1,1920.0,1080.0,Nvidia
531,Toshiba,Notebook,15.6,IPS Panel Full HD 1920x1080,Intel Core i5 7200U 2.5GHz,8,500GB HDD,Intel HD Graphics 620,Windows 10,2.0,160831.008,2.5,0,500,0,1,1920.0,1080.0,Intel
532,Asus,Notebook,15.6,IPS Panel 4K Ultra HD 3840x2160,Intel Core i7 7500U 2.7GHz,8,256GB SSD +  1TB HDD,Nvidia GeForce GTX 960M,Windows 10,2.0,242929.6272,2.7,256000,0,0,1,3840.0,2160.0,Nvidia
533,Mediacom,Notebook,13.3,IPS Panel Full HD 1920x1080,Intel Celeron Quad Core N3450 1.1GHz,4,32GB SSD,Intel HD Graphics 500,Windows 10,1.2,69007.7232,1.1,32,0,0,1,1920.0,1080.0,Intel
534,Asus,Gaming,15.6,IPS Panel Full HD 1920x1080,Intel Core i5 7300HQ 2.5GHz,8,128GB SSD +  1TB HDD,Nvidia GeForce GTX 1060,Windows 10,2.3,308384.10719999997,2.5,128000,0,0,1,1920.0,1080.0,Nvidia
535,Dell,Notebook,15.6,Full HD 1920x1080,Intel Core i7 7600U 2.8GHz,8,256GB SSD,Nvidia GeForce 930MX,Windows 10,1.93,256020.52319999997,2.8,256,0,0,0,1920.0,1080.0,Nvidia
536,Dell,Notebook,15.6,Full HD 1920x1080,Intel Core i5 8250U 1.6GHz,8,256GB SSD,AMD Radeon 530,Windows 10,2.2,149125.87684799999,1.6,256,0,0,0,1920.0,1080.0,AMD
537,HP,Notebook,15.6,Full HD 1920x1080,Intel Pentium Quad Core N3710 1.6GHz,4,256GB SSD,Intel HD Graphics 405,Windows 10,1.86,74616.237072,1.6,256,0,0,0,1920.0,1080.0,Intel
538,HP,Gaming,17.3,Full HD 1920x1080,Intel Core i7 7700HQ 2.8GHz,12,1TB HDD,Nvidia GeForce GTX 1060,Windows 10,2.62,336436.0272,2.8,0,1000,0,0,1920.0,1080.0,Nvidia
539,Lenovo,Notebook,14.0,IPS Panel Full HD 1920x1080,Intel Core i7 7500U 2.7GHz,8,256GB SSD,Nvidia GeForce 940MX,Windows 10,1.87,160643.99519999998,2.7,256,0,0,1,1920.0,1080.0,Nvidia
540,Dell,Ultrabook,13.3,Quad HD+ / Touchscreen 3200x1800,Intel Core i7 8550U 1.8GHz,8,256GB SSD,Intel UHD Graphics 620,Windows 10,1.2,261630.9072,1.8,256,0,1,0,3200.0,1800.0,Intel
541,Dell,Notebook,14.0,Full HD 1920x1080,Intel Core i3 6006U 2GHz,4,128GB SSD,Intel HD Graphics 520,Windows 10,1.6,137617.10913599998,2.0,128,0,0,0,1920.0,1080.0,Intel
542,HP,Ultrabook,13.3,IPS Panel Quad HD+ 3200x1800,Intel Core i7 7500U 2.7GHz,8,256GB SSD,Intel HD Graphics 620,Windows 10,1.34,214129.656,2.7,256,0,0,1,3200.0,1800.0,Intel
543,Acer,Gaming,15.6,Full HD 1920x1080,Intel Core i5 7300HQ 2.5GHz,8,1TB HDD,Nvidia GeForce GTX 1050,Linux,2.4,149236.2144,2.5,0,1000,0,0,1920.0,1080.0,Nvidia
544,Asus,Notebook,15.6,1366x768,AMD E-Series 7110 1.8GHz,4,500GB HDD,AMD Radeon R2 Graphics,Windows 10,2.0,65267.4672,1.8,0,500,0,0,1366.0,768.0,AMD
545,HP,Notebook,15.6,Full HD 1920x1080,Intel Core i3 7100U 2.4GHz,4,128GB SSD,Intel HD Graphics 620,Windows 10,2.1,131937.5304,2.4,128,0,0,0,1920.0,1080.0,Intel
546,Lenovo,Notebook,14.0,Full HD 1920x1080,Intel Core i5 7200U 2.5GHz,4,500GB HDD,Intel HD Graphics 620,Windows 10,1.87,146805.048,2.5,0,500,0,0,1920.0,1080.0,Intel
547,Lenovo,Notebook,15.6,Full HD 1920x1080,Intel Core i5 6200U 2.3GHz,4,1TB HDD,Intel HD Graphics 520,No OS,2.15,86465.36808,2.3,0,1000,0,0,1920.0,1080.0,Intel
548,HP,Notebook,15.6,Full HD 1920x1080,Intel Core i3 6006U 2GHz,4,500GB HDD,Intel HD Graphics 520,Windows 10,1.86,74244.08159999999,2.0,0,500,0,0,1920.0,1080.0,Intel
549,Lenovo,Notebook,15.6,IPS Panel Full HD 1920x1080,Intel Core i7 7500U 2.7GHz,8,512GB SSD,Intel HD Graphics 620,Windows 10,1.99,323345.13119999995,2.7,512,0,0,1,1920.0,1080.0,Intel
550,Lenovo,Notebook,15.6,Full HD 1920x1080,Intel Core i3 6006U 2GHz,4,128GB SSD,Intel HD Graphics 520,Windows 10,2.2,93319.3872,2.0,128,0,0,0,1920.0,1080.0,Intel
551,Dell,Notebook,15.6,Full HD 1920x1080,Intel Core i5 7200U 2.5GHz,8,256GB SSD,Intel HD Graphics 620,Windows 10,1.9,208891.42747199998,2.5,256,0,0,0,1920.0,1080.0,Intel
552,Dell,Gaming,17.3,IPS Panel Full HD 1920x1080,Intel Core i7 7700HQ 2.8GHz,16,256GB SSD +  1TB HDD,Nvidia GeForce GTX 1070,Windows 10,4.42,504747.5472,2.8,256000,0,0,1,1920.0,1080.0,Nvidia
553,HP,Notebook,17.3,1600x900,Intel Core i3 6006U 2GHz,8,1TB HDD,Intel HD Graphics 520,Windows 10,2.65,101763.01512,2.0,0,1000,0,0,1600.0,900.0,Intel
554,HP,Notebook,17.3,Full HD 1920x1080,Intel Core i7 7500U 2.7GHz,8,1TB HDD,Nvidia GeForce 930MX,Windows 10,2.63,239376.38399999996,2.7,0,1000,0,0,1920.0,1080.0,Nvidia
555,Asus,Notebook,15.6,1366x768,Intel Celeron Dual Core N3350 1.1GHz,4,500GB HDD,Intel HD Graphics 500,Linux,2.0,41890.86719999999,1.1,0,500,0,0,1366.0,768.0,Intel
556,Mediacom,Notebook,13.3,IPS Panel Full HD 1920x1080,Intel Atom x5-Z8350 1.44GHz,4,32GB Flash Storage,Intel HD Graphics,Windows 10,1.35,47688.263999999996,1.44,32,0,0,1,1920.0,1080.0,Intel
557,Lenovo,Notebook,17.3,1600x900,Intel Core i7 7500U 2.7GHz,6,128GB SSD +  1TB HDD,Nvidia GeForce 940MX,Windows 10,2.8,177475.1472,2.7,128000,0,0,0,1600.0,900.0,Nvidia
558,HP,Notebook,15.6,IPS Panel Full HD 1920x1080,AMD A10-Series A10-9620P 2.5GHz,6,128GB SSD,AMD Radeon 530,Windows 10,1.91,106391.58191999998,2.5,128,0,0,1,1920.0,1080.0,AMD
559,Dell,Notebook,15.6,1366x768,Intel Core i3 6006U 2GHz,4,1TB HDD,AMD Radeon R5 M420,Windows 10,2.18,115555.20911999998,2.0,0,1000,0,0,1366.0,768.0,AMD
560,Acer,2 in 1 Convertible,11.6,IPS Panel Full HD / Touchscreen 1920x1080,Intel Celeron Dual Core N3350 2.0GHz,4,32GB Flash Storage,Intel HD Graphics 500,Windows 10,1.25,65267.4672,2.0,32,0,1,1,1920.0,1080.0,Intel
561,Lenovo,Notebook,15.6,Full HD 1920x1080,Intel Core i3 7130U 2.7GHz,4,128GB SSD,Intel HD Graphics 620,Windows 10,2.05,117818.064,2.7,128,0,0,0,1920.0,1080.0,Intel
562,HP,Ultrabook,13.3,IPS Panel Quad HD+ / Touchscreen 3200x1800,Intel Core M 6Y75 1.2GHz,16,512GB SSD,Intel HD Graphics 515,Windows 10,1.16,367480.15199999994,1.2,512,0,1,1,3200.0,1800.0,Intel
563,Lenovo,Notebook,17.3,IPS Panel Full HD 1920x1080,Intel Core i7 7700HQ 2.8GHz,8,256GB SSD,Nvidia Quadro M620M,Windows 10,3.4,560851.3872,2.8,256,0,0,1,1920.0,1080.0,Nvidia
564,Asus,Notebook,15.6,Full HD 1920x1080,Intel Core i5 7300HQ 2.5GHz,8,128GB SSD +  1TB HDD,Nvidia GeForce GTX 1050,Windows 10,2.5,156903.73919999998,2.5,128000,0,0,0,1920.0,1080.0,Nvidia
565,Dell,Ultrabook,13.3,IPS Panel 4K Ultra HD / Touchscreen 3840x2160,Intel Core i5 8250U 1.6GHz,8,128GB SSD,Intel UHD Graphics 620,Windows 10,1.21,299033.4672,1.6,128,0,1,1,3840.0,2160.0,Intel
566,Dell,Notebook,15.6,1366x768,Intel Core i5 7300U 2.6GHz,4,500GB HDD,Intel HD Graphics 620,Windows 10,1.93,179345.27519999997,2.6,0,500,0,0,1366.0,768.0,Intel
567,Fujitsu,Notebook,15.6,1366x768,Intel Core i5 7200U 2.5GHz,8,1TB HDD,Intel HD Graphics 620,Windows 10,2.2,138202.45919999998,2.5,0,1000,0,0,1366.0,768.0,Intel
568,Lenovo,Notebook,15.6,Full HD 1920x1080,Intel Pentium Quad Core N4200 1.1GHz,4,500GB HDD,Intel HD Graphics 505,Windows 10,2.2,64332.40319999999,1.1,0,500,0,0,1920.0,1080.0,Intel
569,Lenovo,Notebook,14.0,1366x768,Intel Core i5 7200U 2.5GHz,4,500GB HDD,Intel HD Graphics 620,Windows 10,2.02,185142.672,2.5,0,500,0,0,1366.0,768.0,Intel
570,HP,Workstation,17.3,1600x900,Intel Core i5 7440HQ 2.8GHz,8,500GB HDD,Nvidia Quadro M1200,Windows 10,3.14,348028.950672,2.8,0,500,0,0,1600.0,900.0,Nvidia
571,HP,Notebook,14.0,1366x768,Intel Pentium Quad Core N3710 1.6GHz,8,2TB HDD,Intel HD Graphics 405,Windows 10,1.94,72747.97919999999,1.6,0,2000,0,0,1366.0,768.0,Intel
572,HP,Notebook,15.6,IPS Panel Full HD 1920x1080,AMD A9-Series A9-9420 3GHz,6,256GB SSD,AMD Radeon 530,Windows 10,1.95,121371.3072,3.0,256,0,0,1,1920.0,1080.0,AMD
573,Lenovo,Notebook,15.6,Full HD 1920x1080,Intel Core i5 7200U 2.5GHz,8,256GB SSD,Intel HD Graphics 620,Windows 10,2.3,155220.62399999998,2.5,256,0,0,0,1920.0,1080.0,Intel
574,Lenovo,Notebook,15.6,Full HD 1920x1080,Intel Core i5 8250U 1.6GHz,4,500GB HDD,Intel HD Graphics 620,Windows 10,2.05,128103.768,1.6,0,500,0,0,1920.0,1080.0,Intel
575,Mediacom,Notebook,14.0,Full HD 1920x1080,Intel Atom x5-Z8350 1.44GHz,4,32GB SSD,Intel HD Graphics,Windows 10,1.4,46566.18719999999,1.44,32,0,0,0,1920.0,1080.0,Intel
576,Toshiba,Ultrabook,14.0,Full HD / Touchscreen 1920x1080,Intel Core i7 7500U 2.7GHz,16,512GB SSD,Intel HD Graphics 620,Windows 10,1.24,348778.872,2.7,512,0,1,0,1920.0,1080.0,Intel
577,Lenovo,Gaming,17.3,IPS Panel Full HD 1920x1080,Intel Core i7 6820HK 2.7GHz,32,256GB SSD +  1TB HDD,Nvidia GeForce GTX 1070,Windows 10,4.6,498015.0863999999,2.7,256000,0,0,1,1920.0,1080.0,Nvidia
578,MSI,Gaming,17.3,Full HD 1920x1080,Intel Core i7 7820HK 2.9GHz,16,512GB SSD +  1TB HDD,Nvidia GeForce GTX 1070,Windows 10,4.14,510357.93119999993,2.9,512000,0,0,0,1920.0,1080.0,Nvidia
579,Dell,Notebook,15.6,Full HD 1920x1080,Intel Core i7 7500U 2.7GHz,8,256GB SSD,AMD Radeon R5 M430,Linux,2.2,140074.457328,2.7,256,0,0,0,1920.0,1080.0,AMD
580,Mediacom,Notebook,14.0,IPS Panel Full HD 1920x1080,Intel Celeron Quad Core N3450 1.1GHz,4,32GB SSD,Intel HD Graphics 500,Windows 10,1.45,72747.97919999999,1.1,32,0,0,1,1920.0,1080.0,Intel
581,Dell,Notebook,15.6,1366x768,Intel Core i5 7300U 2.6GHz,8,500GB HDD,Intel HD Graphics 620,Windows 10,1.9,188606.14905599997,2.6,0,500,0,0,1366.0,768.0,Intel
582,HP,Notebook,13.3,Full HD 1920x1080,Intel Core i3 7100U 2.4GHz,4,128GB SSD,Intel HD Graphics 620,Windows 10,1.49,134462.2032,2.4,128,0,0,0,1920.0,1080.0,Intel
583,Dell,Notebook,15.6,Full HD 1920x1080,Intel Core i7 7600U 2.8GHz,16,256GB SSD,Nvidia GeForce 930MX,Windows 10,1.93,287511.608592,2.8,256,0,0,0,1920.0,1080.0,Nvidia
584,Dell,Netbook,11.6,1366x768,Intel Celeron Dual Core N3060 1.6GHz,4,16GB Flash Storage,Intel HD Graphics 400,Chrome OS,1.26,55168.776,1.6,16,0,0,0,1366.0,768.0,Intel
585,MSI,Gaming,17.3,Full HD 1920x1080,Intel Core i7 6820HK 2.7GHz,16,128GB SSD +  1TB HDD,Nvidia GeForce GTX 980M,Windows 10,4.5,439293.0672,2.7,128000,0,0,0,1920.0,1080.0,Nvidia
586,HP,Gaming,17.3,IPS Panel Full HD 1920x1080,Intel Core i7 7700HQ 2.8GHz,16,256GB SSD +  1TB HDD,Nvidia GeForce GTX 1050,Windows 10,3.78,280145.1744,2.8,256000,0,0,1,1920.0,1080.0,Nvidia
587,Lenovo,Ultrabook,14.0,IPS Panel Full HD 1920x1080,Intel Core i7 6600U 2.6GHz,12,256GB SSD,Intel HD Graphics 520,Windows 10,1.4,312872.4144,2.6,256,0,0,1,1920.0,1080.0,Intel
588,Lenovo,Notebook,15.6,Touchscreen 1366x768,Intel Core i7 8550U 1.8GHz,12,1TB HDD,Intel HD Graphics 620,Windows 10,2.2,113890.7952,1.8,0,1000,1,0,1366.0,768.0,Intel
589,Asus,Gaming,17.3,IPS Panel Full HD 1920x1080,Intel Core i5 7300HQ 2.5GHz,8,128GB SSD +  1TB HDD,Nvidia GeForce GTX 1060,Windows 10,2.73,331012.656,2.5,128000,0,0,1,1920.0,1080.0,Nvidia
590,Asus,2 in 1 Convertible,15.6,Touchscreen 1366x768,Intel Core i5 7200U 2.5GHz,8,1TB HDD,Intel HD Graphics 520,Windows 10,2.2,138202.45919999998,2.5,0,1000,1,0,1366.0,768.0,Intel
591,Lenovo,Notebook,15.6,Full HD 1920x1080,AMD A12-Series 9720P 3.6GHz,12,512GB SSD,AMD Radeon 530,Windows 10,2.2,177475.1472,3.6,512,0,0,0,1920.0,1080.0,AMD
592,Dell,2 in 1 Convertible,11.6,Touchscreen 1366x768,Intel Core M 7Y30 1.0GHz,4,128GB SSD,Intel HD Graphics 615,Windows 10,1.39,112768.7184,1.0,128,0,1,0,1366.0,768.0,Intel
593,Samsung,Notebook,15.6,Full HD 1920x1080,Intel Core i7 7700HQ 2.8GHz,16,128GB SSD +  1TB HDD,Nvidia GeForce GTX 1050,Windows 10,2.5,317734.7472,2.8,128000,0,0,0,1920.0,1080.0,Nvidia
594,Lenovo,Notebook,17.3,Full HD 1920x1080,Intel Core i3 6006U 2GHz,4,500GB HDD,Intel HD Graphics 520,No OS,2.8,98929.77119999999,2.0,0,500,0,0,1920.0,1080.0,Intel
595,Lenovo,Notebook,15.6,1366x768,Intel Core i3 6100U 2.3GHz,8,1TB HDD,Intel HD Graphics 520,Windows 10,2.29,85838.8752,2.3,0,1000,0,0,1366.0,768.0,Intel
596,Lenovo,2 in 1 Convertible,13.3,IPS Panel Full HD / Touchscreen 1920x1080,Intel Core i7 7500U 2.7GHz,8,512GB SSD,Intel HD Graphics 620,Windows 10,1.37,378700.92,2.7,512,0,1,1,1920.0,1080.0,Intel
597,Lenovo,Notebook,14.0,IPS Panel Full HD 1920x1080,Intel Core i5 7300HQ 2.5GHz,8,256GB SSD,Intel HD Graphics 630,Windows 10,1.7,275656.8672,2.5,256,0,0,1,1920.0,1080.0,Intel
598,Dell,2 in 1 Convertible,12.5,Full HD / Touchscreen 1920x1080,Intel Core i5 7200U 2.5GHz,8,256GB SSD,Intel HD Graphics 620,Windows 10,1.34,312311.37599999993,2.5,256,0,1,0,1920.0,1080.0,Intel
599,Dell,Workstation,15.6,Full HD / Touchscreen 1920x1080,Intel Core i7 7700HQ 2.8GHz,8,256GB SSD,Nvidia Quadro M620,Windows 10,2.06,329703.56639999995,2.8,256,0,1,0,1920.0,1080.0,Nvidia
600,HP,Notebook,15.6,Full HD 1920x1080,Intel Core i7 7500U 2.7GHz,8,256GB SSD,Intel HD Graphics 620,Windows 10,1.84,227968.60319999998,2.7,256,0,0,0,1920.0,1080.0,Intel
601,HP,Notebook,15.6,1366x768,Intel Core i3 7100U 2.4GHz,4,500GB HDD,Intel HD Graphics 620,Windows 10,2.1,125014.31654399999,2.4,0,500,0,0,1366.0,768.0,Intel
602,Acer,Notebook,14.0,Full HD 1920x1080,Intel Celeron Quad Core N3450 1.1GHz,4,32GB Flash Storage,Intel HD Graphics 500,Windows 10,1.6,61527.21119999999,1.1,32,0,0,0,1920.0,1080.0,Intel
603,MSI,Gaming,17.3,Full HD 1920x1080,Intel Core i7 6820HK 2.7GHz,16,128GB SSD +  1TB HDD,Nvidia GeForce GTX 970M,Windows 10,4.14,411241.1472,2.7,128000,0,0,0,1920.0,1080.0,Nvidia
604,Dell,Notebook,15.6,1366x768,Intel Core i3 6006U 2GHz,4,1TB HDD,AMD Radeon R5 M420,Linux,2.18,86960.95199999999,2.0,0,1000,0,0,1366.0,768.0,AMD
605,MSI,Gaming,15.6,4K Ultra HD 3840x2160,Intel Core i7 7700HQ 2.8GHz,16,256GB SSD +  2TB HDD,Nvidia GeForce GTX 1060,Windows 10,1.8,429942.4272,2.8,256000,0,0,0,3840.0,2160.0,Nvidia
606,Toshiba,Notebook,15.6,IPS Panel Full HD 1920x1080,Intel Core i7 6500U 2.5GHz,8,256GB SSD,Intel HD Graphics 520,Windows 10,2.2,261630.9072,2.5,256,0,0,1,1920.0,1080.0,Intel
607,Lenovo,Notebook,15.6,Full HD 1920x1080,Intel Core i5 7200U 2.5GHz,6,1TB HDD,Intel HD Graphics 620,Windows 10,2.4,105475.21919999999,2.5,0,1000,0,0,1920.0,1080.0,Intel
608,Lenovo,2 in 1 Convertible,15.6,IPS Panel Full HD / Touchscreen 1920x1080,Intel Core i7 7700HQ 2.8GHz,8,256GB SSD,Intel HD Graphics 630,Windows 10,2.0,242929.6272,2.8,256,0,1,1,1920.0,1080.0,Intel
609,Acer,Notebook,14.0,1366x768,Intel Pentium Quad Core N3710 1.6GHz,4,128GB Flash Storage,Intel HD Graphics 405,Windows 10,1.6,65267.4672,1.6,128,0,0,0,1366.0,768.0,Intel
610,Lenovo,Notebook,15.6,IPS Panel 4K Ultra HD 3840x2160,Intel Xeon E3-1535M v6 3.1GHz,32,1TB SSD,Nvidia Quadro M2200M,Windows 10,2.5,916175.7072,3.1,1000,0,0,1,3840.0,2160.0,Nvidia
611,Dell,Gaming,15.6,Full HD 1920x1080,Intel Core i7 6700HQ 2.6GHz,16,1TB HDD,Nvidia GeForce GTX 960<U+039C>,Windows 10,2.59,164386.121328,2.6,0,1000,0,0,1920.0,1080.0,Nvidia
612,Dell,Notebook,15.6,1366x768,Intel Core i3 6006U 2.0GHz,4,1TB HDD,Intel HD Graphics 520,Linux,2.18,83014.98191999999,2.0,0,1000,0,0,1366.0,768.0,Intel
613,Dell,Notebook,15.6,1366x768,Intel Core i3 6006U 2.0GHz,4,1TB HDD,Intel HD Graphics 520,Linux,2.25,67137.5952,2.0,0,1000,0,0,1366.0,768.0,Intel
614,Dell,Notebook,15.6,1366x768,Intel Core i5 7300U 2.6GHz,4,500GB HDD,Intel HD Graphics 620,Linux,1.93,162514.1232,2.6,0,500,0,0,1366.0,768.0,Intel
615,Asus,Gaming,17.3,Full HD 1920x1080,Intel Core i7 7700HQ 2.8GHz,8,128GB SSD +  1TB HDD,Nvidia GeForce GTX 1050,Windows 10,3.0,218430.9504,2.8,128000,0,0,0,1920.0,1080.0,Nvidia
616,Dell,Notebook,15.6,Full HD 1920x1080,Intel Core i5 7200U 2.5GHz,4,128GB SSD,AMD Radeon R5 M420,Linux,2.18,106410.28319999999,2.5,128,0,0,0,1920.0,1080.0,AMD
617,HP,Ultrabook,15.6,Full HD 1920x1080,Intel Core i7 7500U 2.7GHz,8,512GB SSD,Intel HD Graphics 620,Windows 10,1.84,259760.7792,2.7,512,0,0,0,1920.0,1080.0,Intel
618,MSI,Gaming,15.6,Full HD 1920x1080,Intel Core i7 7700HQ 2.8GHz,16,256GB SSD +  1TB HDD,Nvidia GeForce GTX 1070,Windows 10,2.94,424118.848608,2.8,256000,0,0,0,1920.0,1080.0,Nvidia
619,Acer,2 in 1 Convertible,11.6,IPS Panel Touchscreen 1366x768,Intel Celeron Quad Core N3160 1.6GHz,4,32GB Flash Storage,Intel HD Graphics 400,Chrome OS,1.25,70877.85119999999,1.6,32,0,1,1,1366.0,768.0,Intel
620,HP,Notebook,14.0,1366x768,Intel Core i5 7300U 2.6GHz,8,256GB SSD,Intel HD Graphics 620,Windows 10,2.31,210202.3872,2.6,256,0,0,0,1366.0,768.0,Intel
621,Lenovo,Notebook,14.0,Full HD 1920x1080,Intel Core i5 6200U 2.3GHz,8,256GB SSD,Intel HD Graphics 520,Windows 7,1.65,273973.752,2.3,256,0,0,0,1920.0,1080.0,Intel
622,Dell,Notebook,15.6,Full HD 1920x1080,Intel Core i5 8250U 1.6GHz,4,1TB HDD,AMD Radeon 530,Windows 10,2.2,145121.93279999998,1.6,0,1000,0,0,1920.0,1080.0,AMD
623,Fujitsu,Notebook,15.6,1366x768,Intel Core i5 7200U 2.5GHz,8,256GB SSD,Intel HD Graphics 620,Windows 10,2.2,149423.2272,2.5,256,0,0,0,1366.0,768.0,Intel
624,HP,Notebook,15.6,1366x768,Intel Core i5 6200U 2.3GHz,4,500GB HDD,Intel HD Graphics 520,Windows 7,1.88,174295.92959999997,2.3,0,500,0,0,1366.0,768.0,Intel
625,Lenovo,Notebook,15.6,Full HD 1920x1080,Intel Core i7 7500U 2.7GHz,8,1TB HDD,Nvidia GeForce 920MX,Windows 10,2.2,168124.5072,2.7,0,1000,0,0,1920.0,1080.0,Nvidia
626,Mediacom,Notebook,14.0,Full HD 1920x1080,Intel Atom x5-Z8350 1.44GHz,2,32GB Flash Storage,Intel HD Graphics,Windows 10,1.4,44696.059199999996,1.44,32,0,0,0,1920.0,1080.0,Intel
627,Lenovo,Notebook,15.6,Full HD 1920x1080,Intel Core i5 7200U 2.5GHz,4,128GB SSD,Intel HD Graphics 620,No OS,2.2,87521.9904,2.5,128,0,0,0,1920.0,1080.0,Intel
628,Asus,2 in 1 Convertible,13.3,Full HD / Touchscreen 1920x1080,Intel Core i5 7200U 2.5GHz,6,1TB HDD,Intel HD Graphics 620,Windows 10,1.5,119503.049328,2.5,0,1000,1,0,1920.0,1080.0,Intel
629,Dell,Notebook,15.6,Full HD 1920x1080,Intel Core i7 7700HQ 2.8GHz,8,256GB SSD,Nvidia GeForce GTX 1050,Windows 10,2.0,340363.296,2.8,256,0,0,0,1920.0,1080.0,Nvidia
630,Asus,Ultrabook,14.0,Full HD 1920x1080,Intel Core i7 7500U 2.7GHz,16,512GB SSD,Intel HD Graphics 620,Windows 10,1.1,355324.32,2.7,512,0,0,0,1920.0,1080.0,Intel
631,Dell,Gaming,15.6,Full HD 1920x1080,Intel Core i7 7700HQ 2.8GHz,16,256GB SSD +  1TB HDD,Nvidia GeForce GTX 1050 Ti,Windows 10,2.62,276591.9312,2.8,256000,0,0,0,1920.0,1080.0,Nvidia
632,Lenovo,Notebook,15.6,Full HD 1920x1080,Intel Core i5 8250U 1.6GHz,4,256GB SSD,Intel UHD Graphics 620,Windows 10,1.8,155033.6112,1.6,256,0,0,0,1920.0,1080.0,Intel
633,Lenovo,Notebook,15.6,Full HD 1920x1080,Intel Core i3 6006U 2GHz,4,1TB HDD,Nvidia GeForce 920MX ,Windows 10,2.2,108280.41119999999,2.0,0,1000,0,0,1920.0,1080.0,Nvidia
634,Asus,Notebook,15.6,1366x768,Intel Celeron Dual Core N3350 1.1GHz,8,1TB HDD,Intel HD Graphics 500,Windows 10,2.0,74618.1072,1.1,0,1000,0,0,1366.0,768.0,Intel
635,Asus,Notebook,15.6,Full HD 1920x1080,Intel Core i5 7300HQ 2.5GHz,8,1TB HDD,Nvidia GeForce GTX 1050,Windows 10,1.99,169549.544736,2.5,0,1000,0,0,1920.0,1080.0,Nvidia
636,Dell,Ultrabook,13.3,Quad HD+ / Touchscreen 3200x1800,Intel Core i5 8250U 1.6GHz,8,256GB SSD,Intel UHD Graphics 620,Windows 10,1.23,349526.9232,1.6,256,0,1,0,3200.0,1800.0,Intel
637,Lenovo,Notebook,14.0,1366x768,Intel Celeron Dual Core N3060 1.6GHz,2,32GB Flash Storage,Intel HD Graphics 400,Windows 10,1.42,46566.18719999999,1.6,32,0,0,0,1366.0,768.0,Intel
638,Lenovo,2 in 1 Convertible,13.3,IPS Panel Full HD / Touchscreen 1920x1080,Intel Core i7 7500U 2.7GHz,8,256GB SSD,Intel HD Graphics 620,Windows 10,1.37,328660.03497599997,2.7,256,0,1,1,1920.0,1080.0,Intel
639,Dell,Notebook,15.6,4K Ultra HD / Touchscreen 3840x2160,Intel Core i7 7700HQ 2.8GHz,16,1TB SSD,Nvidia GeForce GTX 1050,Windows 10,2.06,448643.7072,2.8,1000,0,1,0,3840.0,2160.0,Nvidia
640,Lenovo,Gaming,15.6,IPS Panel Full HD 1920x1080,Intel Core i7 7700HQ 2.8GHz,8,128GB SSD +  1TB HDD,Nvidia GeForce GTX 1050M,Windows 10,2.5,207397.1952,2.8,128000,0,0,1,1920.0,1080.0,Nvidia
641,HP,Notebook,17.0,1600x900,AMD A9-Series 9420 3GHz,8,1TB HDD,AMD Radeon R5,Windows 10,2.6,97414.96751999999,3.0,0,1000,0,0,1600.0,900.0,AMD
642,Lenovo,Ultrabook,14.0,IPS Panel Full HD 1920x1080,Intel Core i7 7500U 2.7GHz,16,512GB SSD,Intel HD Graphics 620,Windows 10,1.14,458181.36,2.7,512,0,0,1,1920.0,1080.0,Intel
643,Asus,Gaming,15.6,IPS Panel Full HD 1920x1080,Intel Core i7 7700HQ 2.8GHz,8,1TB HDD,Nvidia GeForce GTX 1050 Ti,No OS,2.5,218617.9632,2.8,0,1000,0,1,1920.0,1080.0,Nvidia
644,Acer,Notebook,15.6,1366x768,Intel Core i3 6006U 2GHz,4,500GB HDD,Intel HD Graphics 520,Windows 10,2.4,84155.76,2.0,0,500,0,0,1366.0,768.0,Intel
645,Lenovo,Notebook,14.0,1366x768,Intel Celeron Dual Core N3060 1.6GHz,4,32GB Flash Storage,Intel HD Graphics,Windows 10,1.43,51241.50719999999,1.6,32,0,0,0,1366.0,768.0,Intel
646,Acer,Ultrabook,14.0,IPS Panel Full HD 1920x1080,Intel Core i5 7200U 2.5GHz,8,256GB SSD,Intel Graphics 620,Windows 10,1.8,171864.7632,2.5,256,0,0,1,1920.0,1080.0,Intel
647,Razer,Gaming,14.0,Full HD 1920x1080,Intel Core i7 7700HQ 2.8GHz,16,256GB SSD,Nvidia GeForce GTX 1060,Windows 10,1.95,486046.2672,2.8,256,0,0,0,1920.0,1080.0,Nvidia
648,Toshiba,Notebook,13.3,Full HD 1920x1080,Intel Core i5 6200U 2.3GHz,8,256GB SSD,Intel HD Graphics 520,Windows 10,1.2,226846.52639999997,2.3,256,0,0,0,1920.0,1080.0,Intel
649,Lenovo,Ultrabook,12.5,IPS Panel Full HD 1920x1080,Intel Core i7 7500U 2.7GHz,8,256GB SSD,Intel HD Graphics 620,Windows 10,1.36,296228.2752,2.7,256,0,0,1,1920.0,1080.0,Intel
650,Asus,Gaming,17.3,IPS Panel Full HD 1920x1080,Intel Core i7 6820HK 2.7GHz,32,512GB SSD,Nvidia GeForce GTX 1080,Windows 10,3.8,523448.8272,2.7,512,0,0,1,1920.0,1080.0,Nvidia
651,Acer,Gaming,15.6,Full HD 1920x1080,Intel Core i5 7300HQ 2.5GHz,8,1TB HDD,Nvidia GeForce GTX 1050,Linux,2.4,132592.0752,2.5,0,1000,0,0,1920.0,1080.0,Nvidia
652,Dell,Ultrabook,13.3,Full HD 1920x1080,Intel Core i5 8250U 1.6GHz,8,256GB SSD,Intel UHD Graphics 620,Windows 10,1.2,271149.85872,1.6,256,0,0,0,1920.0,1080.0,Intel
653,MSI,Gaming,15.6,Full HD 1920x1080,Intel Core i7 7700HQ 2.8GHz,8,128GB SSD +  1TB HDD,Nvidia GeForce GTX 1050 Ti,Windows 10,2.2,222881.85503999997,2.8,128000,0,0,0,1920.0,1080.0,Nvidia
654,HP,Notebook,15.6,1366x768,Intel Core i3 6006U 2GHz,4,500GB HDD,Intel HD Graphics 520,No OS,1.86,68240.97072,2.0,0,500,0,0,1366.0,768.0,Intel
655,Toshiba,Notebook,15.6,IPS Panel Full HD 1920x1080,Intel Core i5 7200U 2.5GHz,8,500GB HDD,Intel HD Graphics 620,Windows 10,2.0,198981.6192,2.5,0,500,0,1,1920.0,1080.0,Intel
656,Dell,Notebook,15.6,Full HD 1920x1080,Intel Core i7 8550U 1.8GHz,8,256GB SSD,AMD Radeon 530,Windows 10,2.2,171864.7632,1.8,256,0,0,0,1920.0,1080.0,AMD
657,Dell,Notebook,15.6,Full HD 1920x1080,Intel Core i7 8550U 1.8GHz,16,256GB SSD +  2TB HDD,AMD Radeon 530,Windows 10,2.2,212259.528,1.8,256000,0,0,0,1920.0,1080.0,AMD
658,Lenovo,Gaming,15.6,IPS Panel Full HD 1920x1080,Intel Core i7 6700HQ 2.6GHz,8,128GB SSD +  1TB HDD,Nvidia GeForce GTX 960,Windows 10,3.31,223667.30879999997,2.6,128000,0,0,1,1920.0,1080.0,Nvidia
659,Dell,Gaming,17.3,IPS Panel 4K Ultra HD 3840x2160,Intel Core i7 7700HQ 2.8GHz,32,512GB SSD +  1TB HDD,Nvidia GeForce GTX 1070,Windows 10,4.42,588598.4763359999,2.8,512000,0,0,1,3840.0,2160.0,Nvidia
660,Dell,Notebook,14.0,Full HD 1920x1080,Intel Core i5 6300U 2.4GHz,8,256GB SSD,Intel HD Graphics 520,Windows 10,1.56,229838.7312,2.4,256,0,0,0,1920.0,1080.0,Intel
661,Lenovo,Notebook,15.6,1366x768,Intel Celeron Dual Core N3350 1.1GHz,4,500GB HDD,Intel HD Graphics 500,Windows 10,2.2,78358.36319999999,1.1,0,500,0,0,1366.0,768.0,Intel
662,Lenovo,Notebook,15.6,Full HD 1920x1080,Intel Core i5 6200U 2.3GHz,4,500GB HDD,Intel HD Graphics 520,Windows 10,2.2,100051.848,2.3,0,500,0,0,1920.0,1080.0,Intel
663,HP,Notebook,15.6,1920x1080,Intel Core i3 6006U 2GHz,6,1TB HDD,AMD Radeon R5 M430,Windows 10,2.04,100799.89919999999,2.0,0,1000,0,0,1920.0,1080.0,AMD
664,MSI,Gaming,17.3,Full HD 1920x1080,Intel Core i7 7700HQ 2.8GHz,8,128GB SSD +  1TB HDD,Nvidia GeForce GTX 1060,Windows 10,2.7,278045.02065599995,2.8,128000,0,0,0,1920.0,1080.0,Nvidia
665,Toshiba,Notebook,15.6,1366x768,Intel Core i3 6100U 2.1GHz,4,128GB SSD,Intel HD Graphics 520,Windows 10,2.1,93132.37439999999,2.1,128,0,0,0,1366.0,768.0,Intel
666,Dell,Notebook,15.6,Full HD 1920x1080,Intel Core i5 7200U 2.5GHz,8,1TB HDD,Intel HD Graphics 620,Windows 10,2.06,178597.224,2.5,0,1000,0,0,1920.0,1080.0,Intel
667,HP,Notebook,15.6,Full HD 1920x1080,Intel Core i7 7500U 2.7GHz,8,1TB HDD,AMD Radeon 530,Windows 10,2.1,139324.536,2.7,0,1000,0,0,1920.0,1080.0,AMD
668,Toshiba,Notebook,15.6,IPS Panel Full HD 1920x1080,Intel Core i5 7200U 2.5GHz,8,256GB SSD,Intel HD Graphics 620,Windows 10,2.0,235262.10239999995,2.5,256,0,0,1,1920.0,1080.0,Intel
669,Acer,Notebook,15.6,1366x768,Intel Core i3 6006U 2GHz,4,128GB SSD,Intel HD Graphics 520,Linux,2.1,77049.2736,2.0,128,0,0,0,1366.0,768.0,Intel
670,Microsoft,Ultrabook,13.5,Touchscreen 2256x1504,Intel Core i7 7600U 2.8GHz,8,256GB SSD,Intel Iris Plus Graphics 640,Windows 10 S,1.252,349311.85847999994,2.8,256,0,1,0,2256.0,1504.0,Intel
671,Lenovo,Notebook,15.6,Full HD 1920x1080,Intel Core i5 7200U 2.5GHz,8,128GB SSD +  1TB HDD,AMD Radeon R5 M430,Windows 10,1.9,152967.11975999997,2.5,128000,0,0,0,1920.0,1080.0,AMD
672,Lenovo,2 in 1 Convertible,13.3,IPS Panel Full HD / Touchscreen 1920x1080,Intel Core i5 7200U 2.5GHz,8,256GB SSD,Intel HD Graphics 620,Windows 10,1.3,193371.23519999997,2.5,256,0,1,1,1920.0,1080.0,Intel
673,Lenovo,Notebook,15.6,1366x768,AMD E-Series E2-9000 2.2GHz,4,128GB SSD,AMD Radeon R2 Graphics,Windows 10,2.2,65267.4672,2.2,128,0,0,0,1366.0,768.0,AMD
674,HP,2 in 1 Convertible,14.0,IPS Panel Full HD / Touchscreen 1920x1080,Intel Core i3 7100U 2.4GHz,4,128GB SSD,Nvidia GeForce 940MX,Windows 10,1.63,130721.9472,2.4,128,0,1,1,1920.0,1080.0,Nvidia
675,MSI,Gaming,15.6,Full HD 1920x1080,Intel Core i7 7700HQ 2.8GHz,16,256GB SSD +  1TB HDD,Nvidia GeForce GTX 1050,Windows 10,2.4,241994.56319999995,2.8,256000,0,0,0,1920.0,1080.0,Nvidia
676,Asus,Ultrabook,14.0,Full HD 1920x1080,Intel Core i5 7200U 2.5GHz,8,256GB SSD,Intel HD Graphics 620,Windows 10,1.1,212259.528,2.5,256,0,0,0,1920.0,1080.0,Intel
677,HP,2 in 1 Convertible,11.6,Touchscreen 1366x768,Intel Celeron Dual Core N3350 1.1GHz,8,64GB Flash Storage,Intel HD Graphics 500,Chrome OS,1.4,92571.336,1.1,64,0,1,0,1366.0,768.0,Intel
678,LG,Ultrabook,15.6,IPS Panel Full HD 1920x1080,Intel Core i7 8550U 1.8GHz,8,512GB SSD,Intel HD Graphics 620,Windows 10,1.09,429942.4272,1.8,512,0,0,1,1920.0,1080.0,Intel
679,Acer,Gaming,15.6,Full HD 1920x1080,Intel Core i5 7300HQ 2.5GHz,16,256GB SSD,Nvidia GeForce GTX 1050 Ti,Windows 10,2.5,242929.6272,2.5,256,0,0,0,1920.0,1080.0,Nvidia
680,MSI,Gaming,15.6,Full HD 1920x1080,Intel Core i5 7300HQ 2.5GHz,8,256GB SSD,Nvidia GeForce GTX 1050,Windows 10,2.2,186620.07312,2.5,256,0,0,0,1920.0,1080.0,Nvidia
681,Asus,Notebook,15.6,1366x768,Intel Celeron Dual Core N3350 1.1GHz,4,128GB SSD,Intel HD Graphics 500,Windows 10,1.86,78358.36319999999,1.1,128,0,0,0,1366.0,768.0,Intel
682,Dell,Gaming,15.6,Full HD 1920x1080,Intel Core i5 7300HQ 2.5GHz,16,128GB SSD +  1TB HDD,Nvidia GeForce GTX 1060,Windows 10,3.21,383563.25279999996,2.5,128000,0,0,0,1920.0,1080.0,Nvidia
683,HP,Notebook,17.3,IPS Panel Full HD 1920x1080,Intel Core i3 6006U 2GHz,4,256GB SSD,AMD Radeon R5 520,Windows 10,2.5,130721.9472,2.0,256,0,0,1,1920.0,1080.0,AMD
684,Lenovo,2 in 1 Convertible,13.3,IPS Panel Full HD / Touchscreen 1920x1080,Intel Core i7 8550U 1.8GHz,8,512GB SSD,Intel UHD Graphics 620,Windows 10,1.19,280332.1872,1.8,512,0,1,1,1920.0,1080.0,Intel
685,Dell,Gaming,15.6,Full HD 1920x1080,Intel Core i7 7820HK 2.9GHz,16,256GB SSD +  1TB HDD,Nvidia GeForce GTX 1070,Windows 10,3.49,526207.266,2.9,256000,0,0,0,1920.0,1080.0,Nvidia
686,HP,Notebook,15.6,1366x768,Intel Core i5 7200U 2.5GHz,4,500GB HDD,AMD Radeon 520,Windows 10,1.86,114565.91140799999,2.5,0,500,0,0,1366.0,768.0,AMD
687,Dell,Notebook,15.6,1366x768,Intel Core i3 6006U 2GHz,4,1TB HDD,AMD Radeon R5 M430,Windows 10,2.2,102047.27457599997,2.0,0,1000,0,0,1366.0,768.0,AMD
688,HP,Notebook,17.3,IPS Panel Full HD 1920x1080,AMD A10-Series 9600P 2.4GHz,6,2TB HDD,AMD Radeon R7 M440,Windows 10,2.65,106410.28319999999,2.4,0,2000,0,1,1920.0,1080.0,AMD
689,Lenovo,Notebook,15.6,1366x768,Intel Celeron Dual Core 3855U 1.6GHz,4,500GB HDD,Intel HD Graphics 510,Windows 10,2.1,59470.0704,1.6,0,500,0,0,1366.0,768.0,Intel
690,Acer,Notebook,14.0,1366x768,Intel Celeron Dual Core 3855U 1.6GHz,4,32GB Flash Storage,Intel HD Graphics 510,Chrome OS,1.45,70129.8,1.6,32,0,0,0,1366.0,768.0,Intel
691,Lenovo,Notebook,14.0,Full HD 1920x1080,Intel Core i5 7200U 2.5GHz,4,256GB SSD,Intel HD Graphics 620,Windows 10,1.7,130721.9472,2.5,256,0,0,0,1920.0,1080.0,Intel
692,HP,Workstation,17.3,Full HD 1920x1080,Intel Core i7 7700HQ 2.8GHz,8,500GB HDD,Nvidia Quadro M1200,Windows 10,3.14,356818.552272,2.8,0,500,0,0,1920.0,1080.0,Nvidia
693,Lenovo,2 in 1 Convertible,14.0,Touchscreen 2560x1440,Intel Core i7 7500U 2.7GHz,8,256GB SSD,Intel HD Graphics 620,Windows 10,1.42,484363.1519999999,2.7,256,0,1,0,2560.0,1440.0,Intel
694,Toshiba,Notebook,13.3,IPS Panel Full HD 1920x1080,Intel Core i5 7200U 2.5GHz,8,256GB SSD,Intel HD Graphics 620,Windows 10,1.5,181963.4544,2.5,256,0,0,1,1920.0,1080.0,Intel
695,Acer,Netbook,11.6,1366x768,Intel Celeron Dual Core N3050 1.6GHz,4,32GB Flash Storage,Intel HD Graphics,Windows 10,1.4,50306.443199999994,1.6,32,0,0,0,1366.0,768.0,Intel
696,Lenovo,2 in 1 Convertible,14.0,Full HD / Touchscreen 1920x1080,Intel Core i7 7500U 2.7GHz,16,512GB SSD,Intel HD Graphics 620,Windows 10,1.38,327085.3872,2.7,512,0,1,0,1920.0,1080.0,Intel
697,Asus,2 in 1 Convertible,12.5,Full HD / Touchscreen 1920x1080,Intel Core M M3-6Y30 0.9GHz,4,64GB Flash Storage,Intel HD Graphics 515,Chrome OS,1.2,125111.56319999999,0.9,64,0,1,0,1920.0,1080.0,Intel
698,Toshiba,Ultrabook,13.3,Full HD / Touchscreen 1920x1080,Intel Core i7 6500U 2.5GHz,16,512GB SSD,Intel HD Graphics 520,Windows 10,1.36,351023.0256,2.5,512,0,1,0,1920.0,1080.0,Intel
699,HP,Notebook,15.6,IPS Panel Full HD 1920x1080,Intel Core i7 7500U 2.7GHz,4,500GB HDD,AMD Radeon 530,Windows 10,2.1,128851.81919999998,2.7,0,500,0,1,1920.0,1080.0,AMD
700,Dell,Gaming,15.6,Full HD 1920x1080,Intel Core i5 7300HQ 2.5GHz,8,1TB HDD,Nvidia GeForce GTX 1050,Windows 10,2.56,153163.4832,2.5,0,1000,0,0,1920.0,1080.0,Nvidia
701,Lenovo,Notebook,15.6,Full HD 1920x1080,AMD A9-Series 9420 2.9GHz,4,256GB SSD,AMD Radeon 530,Windows 10,2.2,74618.1072,2.9,256,0,0,0,1920.0,1080.0,AMD
702,Lenovo,Notebook,15.6,1366x768,AMD A12-Series 9720P 3.6GHz,8,1TB HDD,AMD Radeon R7,Windows 10,2.2,80228.49119999999,3.6,0,1000,0,0,1366.0,768.0,AMD
703,Lenovo,Notebook,15.6,Full HD 1920x1080,Intel Core i5 7200U 2.5GHz,4,1TB HDD +  1TB HDD,Intel HD Graphics 620,Windows 10,2.1,116219.10455999999,2.5,0,11000,0,0,1920.0,1080.0,Intel
704,Lenovo,Notebook,15.6,1366x768,Intel Core i3 6006U 2GHz,4,500GB HDD,Intel HD Graphics 520,No OS,1.9,84155.76,2.0,0,500,0,0,1366.0,768.0,Intel
705,Dell,Notebook,15.6,Full HD 1920x1080,Intel Core i5 7200U 2.5GHz,8,256GB SSD,Intel HD Graphics 620,Windows 10,2.18,148675.17599999998,2.5,256,0,0,0,1920.0,1080.0,Intel
706,Acer,2 in 1 Convertible,13.3,IPS Panel Full HD / Touchscreen 1920x1080,Intel Core i5 8250U 1.6GHz,8,256GB SSD,Intel UHD Graphics 620,Windows 10,1.6,186825.7872,1.6,256,0,1,1,1920.0,1080.0,Intel
707,Lenovo,Workstation,15.6,Full HD 1920x1080,Intel Core i7 6500U 2.5GHz,16,512GB SSD,Nvidia Quadro M520M,Windows 7,2.18,346908.74399999995,2.5,512,0,0,0,1920.0,1080.0,Nvidia
708,Lenovo,Notebook,14.0,Full HD 1920x1080,Intel Core i5 6300HQ 2.3GHz,8,256GB SSD,Intel HD Graphics 520,Windows 10,1.8,222732.2448,2.3,256,0,0,0,1920.0,1080.0,Intel
709,HP,Notebook,17.3,IPS Panel Full HD 1920x1080,AMD A10-Series 9620P 2.5GHz,6,2TB HDD,AMD Radeon 530,Windows 10,2.71,122495.25412799997,2.5,0,2000,0,1,1920.0,1080.0,AMD
710,Lenovo,Gaming,15.6,IPS Panel Full HD 1920x1080,Intel Core i7 7700HQ 2.8GHz,8,128GB SSD +  1TB HDD,Nvidia GeForce GTX 1050 Ti,Windows 10,2.5,233578.9872,2.8,128000,0,0,1,1920.0,1080.0,Nvidia
711,Dell,Notebook,14.0,Full HD 1920x1080,Intel Core i5 7440HQ 2.8GHz,8,256GB SSD,Nvidia GeForce 930MX,Linux,1.64,203656.9392,2.8,256,0,0,0,1920.0,1080.0,Nvidia
712,Dell,Notebook,15.6,Full HD 1920x1080,Intel Core i5 7200U 2.5GHz,8,1TB HDD,Intel HD Graphics 620,Linux,1.98,135771.2928,2.5,0,1000,0,0,1920.0,1080.0,Intel
713,Asus,Notebook,14.0,Full HD 1920x1080,Intel Celeron Dual Core N3350 1.1GHz,4,32GB Flash Storage,Intel HD Graphics 500,Windows 10,1.5,55729.814399999996,1.1,32,0,0,0,1920.0,1080.0,Intel
714,Dell,Notebook,15.6,Full HD 1920x1080,Intel Core i5 7300U 2.6GHz,16,512GB SSD,Intel HD Graphics 620,Windows 10,1.93,266803.681248,2.6,512,0,0,0,1920.0,1080.0,Intel
715,Lenovo,Notebook,14.0,IPS Panel Full HD 1920x1080,Intel Core i5 7200U 2.5GHz,8,256GB SSD,Nvidia GeForce 920MX,Windows 10,1.87,160283.060496,2.5,256,0,0,1,1920.0,1080.0,Nvidia
716,Dell,Notebook,15.6,Full HD 1920x1080,Intel Core i5 7300U 2.6GHz,8,256GB SSD,Intel HD Graphics 620,Windows 10,1.9,220488.0912,2.6,256,0,0,0,1920.0,1080.0,Intel
717,Lenovo,Notebook,15.6,1366x768,AMD A6-Series 7310 2GHz,4,500GB HDD,AMD Radeon R4,Windows 10,2.19,55729.814399999996,2.0,0,500,0,0,1366.0,768.0,AMD
718,Mediacom,Notebook,14.0,IPS Panel Full HD 1920x1200,Intel Atom Z8350 1.92GHz,4,32GB HDD,Intel HD Graphics 400,Windows 10,1.4,49558.392,1.92,0,32,0,1,1920.0,1200.0,Intel
719,HP,Notebook,17.3,Full HD 1920x1080,Intel Core i7 7500U 2.7GHz,8,256GB SSD,Nvidia GeForce 930MX,Windows 10,2.63,224415.36,2.7,256,0,0,0,1920.0,1080.0,Nvidia
720,Lenovo,Ultrabook,14.0,IPS Panel Quad HD+ 2560x1440,Intel Core i7 6500U 2.5GHz,8,512GB SSD,Intel HD Graphics 520,Windows 10,1.17,315423.26899199997,2.5,512,0,0,1,2560.0,1440.0,Intel
721,HP,2 in 1 Convertible,13.3,IPS Panel Touchscreen 1366x768,Intel Core i5 7200U 2.5GHz,8,256GB SSD,Intel HD Graphics 620,Windows 10,1.58,156454.90848,2.5,256,0,1,1,1366.0,768.0,Intel
722,Lenovo,Ultrabook,14.0,IPS Panel Full HD 1920x1080,Intel Core i5 7200U 2.5GHz,8,256GB SSD,Intel HD Graphics 620,Windows 10,1.32,280332.1872,2.5,256,0,0,1,1920.0,1080.0,Intel
723,Dell,Gaming,17.3,4K Ultra HD 3840x2160,Intel Core i7 7700HQ 2.8GHz,32,1TB SSD +  1TB HDD,Nvidia GeForce GTX 1070,Windows 10,4.36,684354.6403199999,2.8,11000,0,0,0,3840.0,2160.0,Nvidia
724,MSI,Gaming,17.3,Full HD 1920x1080,Intel Core i7 7700HQ 2.8GHz,8,128GB SSD +  1TB HDD,Nvidia GeForce GTX 1050 Ti,Windows 10,2.7,252183.020544,2.8,128000,0,0,0,1920.0,1080.0,Nvidia
725,Lenovo,Notebook,15.6,1366x768,Intel Core i5 7200U 2.5GHz,4,1TB HDD,Intel HD Graphics 620,No OS,1.9,91617.57071999999,2.5,0,1000,0,0,1366.0,768.0,Intel
726,Dell,Notebook,15.6,Full HD 1920x1080,Intel Core i5 8250U 1.6GHz,8,128GB SSD +  1TB HDD,AMD Radeon 530,Windows 10,2.2,134462.2032,1.6,128000,0,0,0,1920.0,1080.0,AMD
727,Dell,2 in 1 Convertible,13.3,Full HD / Touchscreen 1920x1080,Intel Core i3 7100U 2.4GHz,4,1TB HDD,Intel HD Graphics 620,Windows 10,1.71,121371.3072,2.4,0,1000,1,0,1920.0,1080.0,Intel
728,Dell,Notebook,15.6,1366x768,Intel Core i5 7200U 2.5GHz,8,1TB HDD,AMD Radeon R7 M445,Linux,2.32,110247.78585599999,2.5,0,1000,0,0,1366.0,768.0,AMD
729,HP,Notebook,15.6,Full HD 1920x1080,AMD A9-Series 9420 3GHz,4,1TB HDD,AMD Radeon 520,Windows 10,2.1,91449.25919999999,3.0,0,1000,0,0,1920.0,1080.0,AMD
730,Acer,Gaming,17.3,IPS Panel Full HD 1920x1080,Intel Core i7 6700HQ 2.6GHz,16,128GB SSD +  1TB HDD,Nvidia GeForce GTX 1060,Windows 10,4.2,361869.768,2.6,128000,0,0,1,1920.0,1080.0,Nvidia
731,Dell,Notebook,15.6,1366x768,Intel Core i5 7200U 2.5GHz,12,1TB HDD,Intel HD Graphics 620,Windows 10,2.25,121371.3072,2.5,0,1000,0,0,1366.0,768.0,Intel
732,HP,Notebook,15.6,Full HD 1920x1080,AMD A9-Series A9-9420 3GHz,6,128GB SSD +  1TB HDD,AMD Radeon 520,Windows 10,2.1,121558.31999999999,3.0,128000,0,0,0,1920.0,1080.0,AMD
733,Acer,Notebook,15.6,1366x768,Intel Core i5 7200U 2.5GHz,4,500GB HDD,Intel HD Graphics 620,Windows 10,2.4,104540.1552,2.5,0,500,0,0,1366.0,768.0,Intel
734,Lenovo,Notebook,13.3,IPS Panel Full HD 1920x1080,Intel Core i5 7200U 2.5GHz,8,256GB SSD,Intel HD Graphics 620,Windows 10,1.44,179532.288,2.5,256,0,0,1,1920.0,1080.0,Intel
735,Lenovo,Notebook,15.6,Full HD 1920x1080,Intel Core i7 7500U 2.7GHz,4,1TB HDD,Intel HD Graphics 620,Windows 10,1.85,145682.9712,2.7,0,1000,0,0,1920.0,1080.0,Intel
736,HP,Workstation,15.6,Full HD 1920x1080,Intel Core i7 7700HQ 2.8GHz,16,256GB SSD,Nvidia Quadro M2200,Windows 10,2.6,452383.9632,2.8,256,0,0,0,1920.0,1080.0,Nvidia
737,Dell,2 in 1 Convertible,13.3,Full HD / Touchscreen 1920x1080,Intel Core i5 8250U 1.6GHz,8,1TB HDD,Intel UHD Graphics 620,Windows 10,1.55,123241.43519999998,1.6,0,1000,1,0,1920.0,1080.0,Intel
738,MSI,Gaming,15.6,Full HD 1920x1080,Intel Core i7 7700HQ 2.8GHz,16,256GB SSD +  1TB HDD,Nvidia GeForce GTX 1060,Windows 10,1.8,391694.569344,2.8,256000,0,0,0,1920.0,1080.0,Nvidia
739,Acer,Notebook,15.6,1366x768,Intel Core i3 6006U 2GHz,4,500GB HDD,Intel HD Graphics 520,Windows 10,2.4,76824.85823999999,2.0,0,500,0,0,1366.0,768.0,Intel
740,Dell,Notebook,15.6,Full HD 1920x1080,Intel Core i7 7500U 2.7GHz,8,128GB SSD +  1TB HDD,Nvidia GeForce 940MX,Windows 10,2.0,225724.4496,2.7,128000,0,0,0,1920.0,1080.0,Nvidia
741,Dell,Notebook,15.6,1366x768,Intel Core i3 6006U 2GHz,8,256GB SSD,Intel HD Graphics 520,Windows 10,2.0,124363.51199999999,2.0,256,0,0,0,1366.0,768.0,Intel
742,Toshiba,Notebook,14.0,IPS Panel Full HD / Touchscreen 1920x1080,Intel Core i5 7200U 2.5GHz,8,256GB SSD,Intel HD Graphics 620,Windows 10,1.25,287064.648,2.5,256,0,1,1,1920.0,1080.0,Intel
743,Lenovo,2 in 1 Convertible,14.0,Full HD / Touchscreen 1920x1080,Intel Core i5 7200U 2.5GHz,8,256GB SSD,Intel HD Graphics 620,Windows 10,1.7,186825.7872,2.5,256,0,1,0,1920.0,1080.0,Intel
744,Lenovo,Workstation,15.6,IPS Panel 4K Ultra HD 3840x2160,Intel Core i7 7600U 2.8GHz,16,1TB SSD,Nvidia Quadro M520M,Windows 10,2.5,616955.2272,2.8,1000,0,0,1,3840.0,2160.0,Nvidia
745,Acer,Notebook,14.0,1366x768,Intel Celeron Dual Core N3060 1.6GHz,2,32GB Flash Storage,Intel HD Graphics 400,Chrome OS,1.68,61714.22399999999,1.6,32,0,0,0,1366.0,768.0,Intel
746,Samsung,Ultrabook,13.3,Full HD 1920x1080,Intel Core i7 7500U 2.7GHz,16,256GB SSD,Intel HD Graphics 620,Windows 10,0.81,308384.10719999997,2.7,256,0,0,0,1920.0,1080.0,Intel
747,HP,Notebook,15.6,Full HD 1920x1080,Intel Core i3 6006U 2GHz,8,256GB SSD,Intel HD Graphics 520,Windows 10,1.86,100799.89919999999,2.0,256,0,0,0,1920.0,1080.0,Intel
748,Dell,Notebook,14.0,1366x768,Intel Core i5 7200U 2.5GHz,8,256GB SSD,Intel HD Graphics 620,Windows 10,1.6,210709.191888,2.5,256,0,0,0,1366.0,768.0,Intel
749,HP,Workstation,17.3,IPS Panel Full HD 1920x1080,Intel Xeon E3-1535M v5 2.9GHz,16,256GB SSD,Nvidia Quadro M2000M,Windows 7,3.0,820799.1792,2.9,256,0,0,1,1920.0,1080.0,Nvidia
750,Lenovo,Netbook,11.6,Touchscreen 1366x768,Intel Celeron Dual Core N3060 1.6GHz,4,128GB SSD,Intel HD Graphics 400,Windows 10,1.4,88831.08,1.6,128,0,1,0,1366.0,768.0,Intel
751,HP,Notebook,15.6,Full HD 1920x1080,Intel Core i5 6300U 2.4GHz,8,256GB SSD,Intel HD Graphics 520,Windows 10,1.84,355324.32,2.4,256,0,0,0,1920.0,1080.0,Intel
752,Asus,Notebook,15.6,1366x768,Intel Core i5 6300HQ 2.3GHz,4,1TB HDD,Nvidia GeForce GTX 950M,No OS,2.45,108280.41119999999,2.3,0,1000,0,0,1366.0,768.0,Nvidia
753,Lenovo,Ultrabook,14.0,Full HD 1920x1080,Intel Core i5 6200U 2.3GHz,4,180GB SSD,Intel HD Graphics 520,Windows 10,1.7,204966.02879999997,2.3,180,0,0,0,1920.0,1080.0,Intel
754,Asus,Notebook,15.6,1366x768,Intel Core i7 7500U 2.7GHz,4,256GB SSD,Intel HD Graphics 620,Windows 10,2.37,158942.17872,2.7,256,0,0,0,1366.0,768.0,Intel
755,Lenovo,2 in 1 Convertible,13.3,IPS Panel Quad HD+ / Touchscreen 3200x1800,Intel Core i5 6260U 1.8GHz,8,256GB SSD,Intel HD Graphics 540,Windows 10,1.3,224228.3472,1.8,256,0,1,1,3200.0,1800.0,Intel
756,HP,Notebook,15.6,IPS Panel Full HD 1920x1080,Intel Core i5 7300HQ 2.5GHz,8,128GB SSD +  1TB HDD,Nvidia GeForce GTX 1050,Windows 10,2.2,205527.0672,2.5,128000,0,0,1,1920.0,1080.0,Nvidia
757,HP,Workstation,15.6,Full HD 1920x1080,Intel Core i7 6700HQ 2.6GHz,8,256GB SSD,Nvidia Quadro M1000M,Windows 7,2.59,291926.98079999996,2.6,256,0,0,0,1920.0,1080.0,Nvidia
758,Dell,Gaming,15.6,IPS Panel 4K Ultra HD 3840x2160,Intel Core i7 7700HQ 2.8GHz,16,256GB SSD +  1TB HDD,Nvidia GeForce GTX 1070,Windows 10,4.42,536537.853072,2.8,256000,0,0,1,3840.0,2160.0,Nvidia
759,Acer,Notebook,15.6,1366x768,Intel Core i5 7200U 2.5GHz,4,256GB SSD,Intel HD Graphics 620,Windows 10,2.1,112020.6672,2.5,256,0,0,0,1366.0,768.0,Intel
760,Lenovo,Gaming,15.6,IPS Panel Full HD 1920x1080,Intel Core i7 7700HQ 2.8GHz,8,128GB SSD +  1TB HDD,Nvidia GeForce GTX 1050,Windows 10,2.5,195989.4144,2.8,128000,0,0,1,1920.0,1080.0,Nvidia
761,Dell,Ultrabook,12.5,Full HD 1920x1080,Intel Core i7 7600U 2.8GHz,16,256GB SSD,Intel HD Graphics 620,Windows 10,1.18,347656.7952,2.8,256,0,0,0,1920.0,1080.0,Intel
762,Google,Ultrabook,12.3,Touchscreen 2400x1600,Intel Core i5 7Y57 1.2GHz,8,256GB SSD,Intel HD Graphics 615,Chrome OS,1.1,291552.95519999997,1.2,256,0,1,0,2400.0,1600.0,Intel
763,Asus,Ultrabook,13.3,IPS Panel Quad HD+ 3200x1800,Intel Core i5 7200U 2.5GHz,8,256GB SSD,Intel HD Graphics 620,Windows 10,1.2,211137.4512,2.5,256,0,0,1,3200.0,1800.0,Intel
764,Dell,Notebook,13.3,1366x768,Intel Core i3 6006U 2GHz,4,500GB HDD,Intel HD Graphics 520,Windows 10,1.65,158773.8672,2.0,0,500,0,0,1366.0,768.0,Intel
765,Acer,Notebook,13.3,1366x768,Intel Core i5 6200U 2.3GHz,4,128GB SSD,Intel HD Graphics 520,Windows 10,1.6,122493.38399999999,2.3,128,0,0,0,1366.0,768.0,Intel
766,Asus,Notebook,17.3,1366x768,Intel Pentium Quad Core N4200 1.1GHz,4,1TB HDD,Nvidia GeForce 920MX,Windows 10,2.8,87959.60035199998,1.1,0,1000,0,0,1366.0,768.0,Nvidia
767,Dell,Gaming,15.6,IPS Panel Touchscreen / 4K Ultra HD 3840x2160,Intel Core i7 6700HQ 2.6GHz,16,128GB SSD +  1TB HDD,Nvidia GeForce GTX 960M,Windows 10,2.72,205527.0672,2.6,128000,0,1,1,3840.0,2160.0,Nvidia
768,Samsung,Ultrabook,13.3,Full HD / Touchscreen 1920x1080,Intel Core i7 7500U 2.7GHz,8,256GB SSD,Intel HD Graphics 620,Windows 10,1.31,299033.4672,2.7,256,0,1,0,1920.0,1080.0,Intel
769,Acer,Notebook,15.6,1366x768,Intel Pentium Quad Core N4200 1.1GHz,4,1TB HDD,Intel HD Graphics 505,Linux,2.1,55729.814399999996,1.1,0,1000,0,0,1366.0,768.0,Intel
770,Dell,Notebook,15.6,Full HD 1920x1080,Intel Core i7 7500U 2.7GHz,16,256GB SSD,AMD Radeon R7 M445,Windows 10,2.3,220912.61025599999,2.7,256,0,0,0,1920.0,1080.0,AMD
771,Samsung,2 in 1 Convertible,15.0,Full HD / Touchscreen 1920x1080,Intel Core i7 7500U 2.7GHz,16,256GB SSD,AMD Radeon 540,Windows 10,1.71,336436.0272,2.7,256,0,1,0,1920.0,1080.0,AMD
772,Toshiba,Notebook,14.0,IPS Panel 1366x768,Intel Core i5 6200U 2.3GHz,4,128GB SSD,Intel HD Graphics 520,Windows 10,1.75,190753.05599999998,2.3,128,0,0,1,1366.0,768.0,Intel
773,Dell,Gaming,15.6,Full HD 1920x1080,Intel Core i7 7700HQ 2.8GHz,8,1TB HDD,Nvidia GeForce GTX 1050,Windows 10,2.62,205527.0672,2.8,0,1000,0,0,1920.0,1080.0,Nvidia
774,HP,Ultrabook,12.5,1366x768,Intel Core i5 6200U 2.3GHz,4,256GB SSD,Intel HD Graphics 520,Windows 10,1.26,232643.92319999996,2.3,256,0,0,0,1366.0,768.0,Intel
775,Asus,2 in 1 Convertible,15.6,Full HD / Touchscreen 1920x1080,Intel Core i7 7500U 2.7GHz,12,2TB HDD,Nvidia GeForce 940MX,Windows 10,2.3,156903.73919999998,2.7,0,2000,1,0,1920.0,1080.0,Nvidia
776,Lenovo,Notebook,15.6,4K Ultra HD 3840x2160,Intel Core i7 6820HQ 2.7GHz,16,512GB SSD,Nvidia Quadro M2000M,Windows 7,2.5,443220.336,2.7,512,0,0,0,3840.0,2160.0,Nvidia
777,Acer,Notebook,14.0,IPS Panel Full HD 1920x1080,Intel Core i3 7100U 2.4GHz,4,128GB SSD,Intel HD Graphics 620,Windows 10,1.8,118940.1408,2.4,128,0,0,1,1920.0,1080.0,Intel
778,Razer,Gaming,14.0,Full HD 1920x1080,Intel Core i7 7700HQ 2.8GHz,16,512GB SSD,Nvidia GeForce GTX 1060,Windows 10,1.95,542150.1072,2.8,512,0,0,0,1920.0,1080.0,Nvidia
779,Asus,Notebook,15.6,1920x1080,Intel Pentium Dual Core N4200 1.1GHz,8,128GB SSD,Intel HD Graphics 505,Windows 10,2.0,108822.74832,1.1,128,0,0,0,1920.0,1080.0,Intel
780,Dell,Gaming,17.3,IPS Panel Full HD 1920x1080,Intel Core i7 7700HQ 2.8GHz,32,1TB SSD +  1TB HDD,Nvidia GeForce GTX 1070M,Windows 10,4.42,671151.53664,2.8,11000,0,0,1,1920.0,1080.0,Nvidia
781,Asus,Gaming,17.3,IPS Panel Full HD 1920x1080,Intel Core i7 6700HQ 2.6GHz,16,256GB SSD +  1TB HDD,Nvidia GeForce GTX 1070,Windows 10,4.3,439480.07999999996,2.6,256000,0,0,1,1920.0,1080.0,Nvidia
782,Toshiba,Ultrabook,14.0,IPS Panel Full HD 1920x1080,Intel Core i7 6600U 2.6GHz,16,512GB SSD,Nvidia GeForce 930M,Windows 10,1.47,329890.5792,2.6,512,0,0,1,1920.0,1080.0,Nvidia
783,Lenovo,Notebook,15.6,1366x768,Intel Celeron Quad Core N3710 1.6GHz,8,1TB HDD,Intel HD Graphics 405,No OS,2.2,61527.21119999999,1.6,0,1000,0,0,1366.0,768.0,Intel
784,Lenovo,Ultrabook,14.0,Full HD 1920x1080,Intel Core i7 7500U 2.7GHz,16,512GB SSD,Intel HD Graphics 620,Windows 10,1.7,429942.4272,2.7,512,0,0,0,1920.0,1080.0,Intel
785,MSI,Gaming,14.0,IPS Panel Full HD 1920x1080,Intel Core i7 7700HQ 2.8GHz,16,256GB SSD +  1TB HDD,Nvidia GeForce GTX 1060,Windows 10,1.6,353641.20479999995,2.8,256000,0,0,1,1920.0,1080.0,Nvidia
786,MSI,Gaming,15.6,Full HD 1920x1080,Intel Core i5 7300HQ 2.5GHz,8,128GB SSD +  1TB HDD,Nvidia GeForce GTX 1050,Windows 10,2.2,203656.9392,2.5,128000,0,0,0,1920.0,1080.0,Nvidia
787,Lenovo,Gaming,15.6,IPS Panel Full HD 1920x1080,Intel Core i7 7700HQ 2.8GHz,4,1TB HDD,Nvidia GeForce GTX 1050,Windows 10,2.4,186825.7872,2.8,0,1000,0,1,1920.0,1080.0,Nvidia
788,Acer,Gaming,17.3,IPS Panel Full HD 1920x1080,Intel Core i7 7700HQ 2.8GHz,16,256GB SSD +  1TB HDD,Nvidia GeForce GTX 1060,Windows 10,4.2,429942.4272,2.8,256000,0,0,1,1920.0,1080.0,Nvidia
789,Dell,Gaming,15.6,Full HD 1920x1080,Intel Core i5 7300HQ 2.5GHz,8,256GB SSD,Nvidia GeForce GTX 1050,Windows 10,2.62,184207.608,2.5,256,0,0,0,1920.0,1080.0,Nvidia
790,Asus,Gaming,15.6,Full HD 1920x1080,Intel Core i7 7700HQ 2.8GHz,8,128GB SSD +  1TB HDD,Nvidia GeForce GTX1060,Windows 10,2.24,250410.13919999998,2.8,128000,0,0,0,1920.0,1080.0,Nvidia
791,Vero,Notebook,14.0,1920x1080,Intel Celeron Dual Core N3350 1.1GHz,4,32GB Flash Storage,Intel HD Graphics 500,Windows 10,1.22,37944.89712,1.1,32,0,0,0,1920.0,1080.0,Intel
792,Lenovo,2 in 1 Convertible,13.3,IPS Panel Full HD / Touchscreen 1920x1080,Intel Core i7 7500U 2.7GHz,8,512GB SSD,Intel HD Graphics 620,Windows 10,1.37,368415.216,2.7,512,0,1,1,1920.0,1080.0,Intel
793,Lenovo,2 in 1 Convertible,15.6,Full HD / Touchscreen 1920x1080,Intel Core i5 7200U 2.5GHz,8,256GB SSD,AMD Radeon R7 M460,Windows 10,2.08,179345.27519999997,2.5,256,0,1,0,1920.0,1080.0,AMD
794,Apple,Ultrabook,12.0,IPS Panel Retina Display 2304x1440,Intel Core M 1.2GHz,8,512GB Flash Storage,Intel HD Graphics 5300,Mac OS X,0.92,217869.91199999998,1.2,512,0,0,1,2304.0,1440.0,Intel
795,Lenovo,2 in 1 Convertible,14.0,IPS Panel Touchscreen 2560x1440,Intel Core i5 7200U 2.5GHz,8,256GB SSD,Intel HD Graphics 620,Windows 10,1.42,435739.82399999996,2.5,256,0,1,1,2560.0,1440.0,Intel
796,Asus,Notebook,14.0,1366x768,Intel Celeron Dual Core N3350 1.1GHz,4,32GB Flash Storage,Intel HD Graphics 500,Windows 10,1.63,55916.82719999999,1.1,32,0,0,0,1366.0,768.0,Intel
797,Dell,Notebook,15.6,1366x768,Intel Core i5 7200U 2.5GHz,8,128GB SSD,Intel HD Graphics 620,Windows 10,1.95,151480.368,2.5,128,0,0,0,1366.0,768.0,Intel
798,Lenovo,2 in 1 Convertible,13.9,IPS Panel Full HD / Touchscreen 1920x1080,Intel Core i7 7500U 2.7GHz,8,256GB SSD,Intel HD Graphics 620,Windows 10,1.38,252280.2672,2.7,256,0,1,1,1920.0,1080.0,Intel
799,Dell,Notebook,15.6,Full HD 1920x1080,Intel Core i3 6006U 2GHz,8,256GB SSD,AMD Radeon R5 M420X,Windows 10,2.0,138202.45919999998,2.0,256,0,0,0,1920.0,1080.0,AMD
800,HP,Workstation,15.6,Full HD 1920x1080,Intel Core i7 7700HQ 2.8GHz,8,256GB SSD,Nvidia Quadro M2200,Windows 10,3.14,386162.73072,2.8,256,0,0,0,1920.0,1080.0,Nvidia
801,Asus,Notebook,15.6,Full HD 1920x1080,Intel Core i5 7200U 2.5GHz,8,256GB SSD,Intel HD Graphics 620,Windows 10,2.37,205527.0672,2.5,256,0,0,0,1920.0,1080.0,Intel
802,Dell,Ultrabook,13.3,Full HD 1920x1080,Intel Core i5 7200U 2.5GHz,8,256GB SSD,Intel HD Graphics 620,Windows 10,1.29,280332.1872,2.5,256,0,0,0,1920.0,1080.0,Intel
803,Dell,Notebook,15.6,4K Ultra HD / Touchscreen 3840x2160,Intel Core i5 7300HQ 2.5GHz,8,256GB SSD,Nvidia GeForce GTX 1050,Windows 10,2.06,327085.3872,2.5,256,0,1,0,3840.0,2160.0,Nvidia
804,Dell,Netbook,11.6,1366x768,Intel Pentium Quad Core N4200 1.1GHz,4,128GB SSD,Intel HD Graphics 505,Windows 10,1.63,139137.5232,1.1,128,0,0,0,1366.0,768.0,Intel
805,HP,Netbook,12.5,1366x768,Intel Core i5 7300U 2.6GHz,8,256GB SSD,Intel HD Graphics 620,Windows 10,1.26,259760.7792,2.6,256,0,0,0,1366.0,768.0,Intel
806,Toshiba,Notebook,15.6,1366x768,Intel Core i5 6200U 2.3GHz,4,500GB HDD,Intel HD Graphics 520,Windows 10,2.1,145869.984,2.3,0,500,0,0,1366.0,768.0,Intel
807,HP,Notebook,15.6,1366x768,AMD A12-Series 9700P 2.5GHz,8,2TB HDD,AMD Radeon R7 Graphics,Windows 10,2.04,117631.05119999997,2.5,0,2000,0,0,1366.0,768.0,AMD
808,Dell,Gaming,15.6,4K Ultra HD 3840x2160,Intel Core i7 7700HQ 2.8GHz,16,512GB SSD,Nvidia GeForce GTX 1050 Ti,Windows 10,2.62,313994.4912,2.8,512,0,0,0,3840.0,2160.0,Nvidia
809,Lenovo,Notebook,15.6,Full HD 1920x1080,Intel Core i5 7200U 2.5GHz,4,1TB HDD,Nvidia GeForce 920M,Windows 10,2.4,113890.7952,2.5,0,1000,0,0,1920.0,1080.0,Nvidia
810,HP,Gaming,17.3,IPS Panel Full HD 1920x1080,Intel Core i7 7700HQ 2.8GHz,12,1TB HDD,AMD Radeon RX 580,Windows 10,3.74,327085.3872,2.8,0,1000,0,1,1920.0,1080.0,AMD
811,MSI,Gaming,17.3,Full HD 1920x1080,Intel Core i7 7700HQ 2.8GHz,16,512GB SSD +  1TB HDD,Nvidia GeForce GTX 1070,Windows 10,2.9,451635.91199999995,2.8,512000,0,0,0,1920.0,1080.0,Nvidia
812,Samsung,Ultrabook,13.3,Full HD 1920x1080,Intel Core i5 7200U 2.5GHz,8,256GB SSD,Intel HD Graphics 620,Windows 10,0.81,280332.1872,2.5,256,0,0,0,1920.0,1080.0,Intel
813,Dell,Notebook,15.6,Full HD 1920x1080,Intel Core i7 7500U 2.7GHz,8,1TB HDD,Nvidia GeForce GT 940MX,Windows 10,1.98,179719.3008,2.7,0,1000,0,0,1920.0,1080.0,Nvidia
814,Dell,Notebook,15.6,Full HD 1920x1080,Intel Core i5 7200U 2.5GHz,8,256GB SSD,AMD Radeon R5 M420,Windows 10,2.18,147704.579568,2.5,256,0,0,0,1920.0,1080.0,AMD
815,Lenovo,Ultrabook,14.0,Full HD 1920x1080,Intel Core i7 7500U 2.7GHz,8,256GB SSD,Intel HD Graphics 620,Windows 10,1.32,347656.7952,2.7,256,0,0,0,1920.0,1080.0,Intel
816,Razer,Ultrabook,12.5,IPS Panel 4K Ultra HD / Touchscreen 3840x2160,Intel Core i7 7500U 2.5GHz,16,512GB SSD,Intel HD Graphics 620,Windows 10,1.29,336436.0272,2.5,512,0,1,1,3840.0,2160.0,Intel
817,HP,Netbook,11.6,1366x768,Intel Celeron Dual Core N3060 1.6GHz,4,16GB Flash Storage,Intel HD Graphics 400,Chrome OS,1.23,71999.928,1.6,16,0,0,0,1366.0,768.0,Intel
818,Dell,Gaming,17.3,IPS Panel Full HD 1920x1080,Intel Core i7 7700HQ 2.8GHz,16,128GB SSD +  1TB HDD,Nvidia GeForce GTX 1060,Windows 10,4.36,468470.804256,2.8,128000,0,0,1,1920.0,1080.0,Nvidia
819,Dell,Notebook,14.0,1366x768,Intel Core i5 6200U 2.3GHz,4,500GB HDD,Intel HD Graphics 520,Windows 10,1.76,141194.664,2.3,0,500,0,0,1366.0,768.0,Intel
820,Lenovo,Notebook,15.6,1366x768,Intel Core i3 6006U 2GHz,4,500GB HDD,Intel HD Graphics 520,Windows 10,2.1,91617.57071999999,2.0,0,500,0,0,1366.0,768.0,Intel
821,Toshiba,Ultrabook,14.0,1366x768,Intel Core i5 7200U 2.5GHz,4,128GB SSD,Intel HD Graphics 620,Windows 10,1.25,203843.952,2.5,128,0,0,0,1366.0,768.0,Intel
822,Lenovo,Ultrabook,14.0,IPS Panel Full HD 1920x1080,Intel Core i7 7500U 2.7GHz,8,512GB SSD,Intel HD Graphics 620,Windows 10,1.13,467344.9872,2.7,512,0,0,1,1920.0,1080.0,Intel
823,MSI,Gaming,15.6,Full HD 1920x1080,Intel Core i5 7300HQ 2.5GHz,8,256GB SSD,Nvidia GeForce GTX 1050,Windows 10,2.4,224228.3472,2.5,256,0,0,0,1920.0,1080.0,Nvidia
824,Lenovo,Ultrabook,14.0,IPS Panel Full HD 1920x1080,Intel Core i5 7200U 2.5GHz,8,256GB Flash Storage,Intel HD Graphics 620,Windows 10,1.13,350649.0,2.5,256,0,0,1,1920.0,1080.0,Intel
825,Toshiba,Notebook,14.0,1366x768,Intel Pentium Dual Core 4405U 2.1GHz,4,128GB SSD,Intel HD Graphics 510,Windows 10,1.75,93319.3872,2.1,128,0,0,0,1366.0,768.0,Intel
826,Asus,2 in 1 Convertible,13.3,Touchscreen / Full HD 1920x1080,Intel Core i5 7200U 2.5GHz,8,256GB SSD,Intel HD Graphics 620,Windows 10,1.1,253963.38239999994,2.5,256,0,1,0,1920.0,1080.0,Intel
827,Dell,Notebook,14.0,1366x768,Intel Core i3 6006U 2GHz,4,500GB HDD,Intel HD Graphics 520,Windows 10,1.76,109402.488,2.0,0,500,0,0,1366.0,768.0,Intel
828,Acer,Netbook,11.6,IPS Panel 1366x768,Intel Celeron Dual Core N3060 1.6GHz,4,32GB Flash Storage,Intel HD Graphics 400,Chrome OS,1.35,66389.544,1.6,32,0,0,1,1366.0,768.0,Intel
829,Acer,Notebook,14.0,IPS Panel Full HD 1920x1080,Intel Core i3 7100U 2.4GHz,8,128GB SSD,Intel HD Graphics 620,Windows 10,1.5,115760.92319999999,2.4,128,0,0,1,1920.0,1080.0,Intel
830,Razer,Gaming,17.3,4K Ultra HD / Touchscreen 3840x2160,Intel Core i7 7820HK 2.9GHz,32,512GB SSD,Nvidia GeForce GTX 1080,Windows 10,3.49,1028383.3871999999,2.9,512,0,1,0,3840.0,2160.0,Nvidia
831,Lenovo,Ultrabook,14.0,IPS Panel Quad HD+ 2560x1440,Intel Core i7 6600U 2.6GHz,16,512GB SSD,Intel HD Graphics 520,Windows 10,1.1,392539.8672,2.6,512,0,0,1,2560.0,1440.0,Intel
832,Asus,Notebook,15.6,Full HD 1920x1080,Intel Core i5 7200U 2.5GHz,4,1TB HDD,Nvidia GeForce 920,Linux,2.1,97059.64319999999,2.5,0,1000,0,0,1920.0,1080.0,Nvidia
833,Lenovo,Notebook,14.0,Full HD 1920x1080,Intel Core i5 6200U 2.3GHz,8,256GB SSD,Intel HD Graphics 520,Windows 10,1.7,221797.1808,2.3,256,0,0,0,1920.0,1080.0,Intel
834,Lenovo,Notebook,14.0,IPS Panel Full HD 1920x1080,Intel Core i5 7300U 2.6GHz,8,256GB SSD,Intel HD Graphics 620,Windows 10,1.32,308571.12,2.6,256,0,0,1,1920.0,1080.0,Intel
835,Dell,Gaming,15.6,Full HD 1920x1080,Intel Core i7 7700HQ 2.8GHz,16,256GB SSD +  1TB HDD,Nvidia GeForce GTX 1070,Windows 10,3.21,518891.3252639999,2.8,256000,0,0,0,1920.0,1080.0,Nvidia
836,Asus,Gaming,17.3,Full HD 1920x1080,Intel Core i7 7700HQ 2.8GHz,16,256GB SSD +  1TB HDD,Nvidia GeForce GTX 1070,Windows 10,2.9,452383.9632,2.8,256000,0,0,0,1920.0,1080.0,Nvidia
837,Toshiba,Notebook,15.6,1366x768,Intel Core i3 7100U 2.4GHz,4,500GB HDD,Intel HD Graphics 620,Windows 10,2.0,125111.56319999999,2.4,0,500,0,0,1366.0,768.0,Intel
838,Lenovo,Notebook,14.0,1366x768,Intel Celeron Quad Core N3160 1.6GHz,4,16GB Flash Storage,Intel HD Graphics 400,Chrome OS,1.5,60779.159999999996,1.6,16,0,0,0,1366.0,768.0,Intel
839,Asus,Notebook,15.6,Full HD 1920x1080,Intel Core i5 7200U 2.5GHz,8,128GB HDD,Intel HD Graphics 620,Windows 10,2.3,110337.552,2.5,0,128,0,0,1920.0,1080.0,Intel
840,Asus,Gaming,17.3,Full HD 1920x1080,Intel Core i7 6700HQ 2.6GHz,16,512GB SSD +  1TB HDD,Nvidia GeForce GTX 1060,Windows 10,2.73,336436.0272,2.6,512000,0,0,0,1920.0,1080.0,Nvidia
841,Dell,Gaming,17.3,IPS Panel Full HD 1920x1080,Intel Core i7 7700HQ 2.8GHz,32,512GB SSD +  1TB HDD,Nvidia GeForce GTX 1070,Windows 10,4.42,574669.7629919999,2.8,512000,0,0,1,1920.0,1080.0,Nvidia
842,HP,Notebook,17.3,1600x900,Intel Core i5 7200U 2.5GHz,8,1TB HDD,Nvidia GeForce 930MX,Windows 10,2.63,170181.648,2.5,0,1000,0,0,1600.0,900.0,Nvidia
843,Dell,Notebook,15.6,1366x768,Intel Core i5 7200U 2.5GHz,8,128GB SSD,Intel HD Graphics 620,Windows 10,2.18,133525.269072,2.5,128,0,0,0,1366.0,768.0,Intel
844,HP,Ultrabook,14.0,Full HD 1920x1080,Intel Core i7 6500U 2.5GHz,8,512GB SSD,Intel HD Graphics 520,Windows 7,1.54,349713.936,2.5,512,0,0,0,1920.0,1080.0,Intel
845,Dell,Notebook,15.6,Full HD 1920x1080,Intel Core i7 7500U 2.7GHz,4,256GB SSD,AMD Radeon R5 M420,Windows 10,2.18,138202.45919999998,2.7,256,0,0,0,1920.0,1080.0,AMD
846,HP,2 in 1 Convertible,11.6,Touchscreen 1366x768,Intel Celeron Dual Core N3350 1.1GHz,4,32GB Flash Storage,Intel HD Graphics 500,Chrome OS,1.4,115012.87199999999,1.1,32,0,1,0,1366.0,768.0,Intel
847,Asus,Ultrabook,13.3,IPS Panel Full HD 1920x1080,Intel Core i5 6200U 2.3GHz,8,512GB SSD,Nvidia GeForce 940M,Windows 10,1.45,191875.1328,2.3,512,0,0,1,1920.0,1080.0,Nvidia
848,HP,2 in 1 Convertible,13.3,Full HD / Touchscreen 1920x1080,Intel Core i5 7200U 2.5GHz,8,256GB SSD,Intel HD Graphics 620,Windows 10,1.28,425828.1456,2.5,256,0,1,0,1920.0,1080.0,Intel
849,HP,Ultrabook,14.0,Full HD 1920x1080,Intel Core i7 6500U 2.5GHz,8,512GB SSD,Intel HD Graphics 520,Windows 10,1.54,274534.79039999994,2.5,512,0,0,0,1920.0,1080.0,Intel
850,HP,Notebook,15.6,1366x768,Intel Celeron Dual Core N3060 1.6GHz,4,128GB SSD,Intel HD Graphics 400,No OS,1.86,55916.82719999999,1.6,128,0,0,0,1366.0,768.0,Intel
851,Asus,Gaming,15.6,Full HD 1920x1080,Intel Core i7 7700HQ 2.8GHz,16,128GB SSD +  1TB HDD,Nvidia GeForce GTX 1060,Windows 10,2.1,355137.3072,2.8,128000,0,0,0,1920.0,1080.0,Nvidia
852,Dell,Notebook,17.3,Full HD 1920x1080,Intel Core i7 7500U 2.7GHz,8,1TB HDD,AMD Radeon R7 M445,Linux,2.83,161766.072,2.7,0,1000,0,0,1920.0,1080.0,AMD
853,Lenovo,Ultrabook,14.0,IPS Panel Full HD 1920x1080,Intel Core i7 7700HQ 2.8GHz,8,256GB SSD,Nvidia GeForce GT 940MX,Windows 10,1.96,355885.35839999997,2.8,256,0,0,1,1920.0,1080.0,Nvidia
854,Asus,Notebook,15.6,IPS Panel Full HD 1920x1080,Intel Core i7 7500U 2.7GHz,8,256GB SSD,Nvidia GeForce GTX 930MX,Windows 10,2.3,147179.0736,2.7,256,0,0,1,1920.0,1080.0,Nvidia
855,Dell,Notebook,15.6,Full HD 1920x1080,Intel Core i5 7200U 2.5GHz,8,128GB SSD,Intel HD Graphics 620,Windows 10,1.9,176727.096,2.5,128,0,0,0,1920.0,1080.0,Intel
856,Asus,Notebook,15.6,1366x768,Intel Pentium Quad Core N4200 1.1GHz,4,1TB HDD,Intel HD Graphics 505,Windows 10,2.0,83968.7472,1.1,0,1000,0,0,1366.0,768.0,Intel
857,HP,2 in 1 Convertible,13.3,Full HD / Touchscreen 1920x1080,Intel Core i7 7600U 2.8GHz,8,256GB SSD,Intel HD Graphics 620,Windows 10,1.28,478565.75519999996,2.8,256,0,1,0,1920.0,1080.0,Intel
858,Dell,Notebook,13.3,Full HD / Touchscreen 1920x1080,Intel Core i5 6200U 2.3GHz,8,1TB HDD,Intel HD Graphics 520,Windows 10,1.62,121371.3072,2.3,0,1000,1,0,1920.0,1080.0,Intel
859,Lenovo,Notebook,15.6,Full HD 1920x1080,Intel Core i3 6006U 2.0GHz,4,1TB HDD,Intel HD Graphics 520,No OS,2.2,87709.00319999999,2.0,0,1000,0,0,1920.0,1080.0,Intel
860,Lenovo,Notebook,15.6,IPS Panel Full HD 1920x1080,Intel Core i5 7200U 2.5GHz,8,1TB HDD,Intel HD Graphics 620,Windows 10,2.3,159084.308448,2.5,0,1000,0,1,1920.0,1080.0,Intel
861,HP,Notebook,15.6,Full HD 1920x1080,Intel Core i5 7300U 2.6GHz,8,256GB SSD,AMD Radeon R7 M465,Windows 10,1.84,252280.2672,2.6,256,0,0,0,1920.0,1080.0,AMD
862,Toshiba,Notebook,13.3,Full HD 1920x1080,Intel Core i5 7200U 2.5GHz,4,128GB SSD,Intel HD Graphics 620,Windows 10,1.05,240311.448,2.5,128,0,0,0,1920.0,1080.0,Intel
863,Lenovo,Gaming,15.6,IPS Panel Full HD 1920x1080,Intel Core i5 7300HQ 2.5GHz,8,1TB HDD,Nvidia GeForce GTX 1050,No OS,2.5,190192.0176,2.5,0,1000,0,1,1920.0,1080.0,Nvidia
864,Dell,Ultrabook,13.3,Quad HD+ / Touchscreen 3200x1800,Intel Core i7 7660U 2.5GHz,16,512GB SSD,Intel Iris Plus Graphics 640,Windows 10,1.29,418908.67199999996,2.5,512,0,1,0,3200.0,1800.0,Intel
865,HP,Notebook,15.6,Full HD 1920x1080,Intel Core i5 6200U 2.3GHz,4,500GB HDD,Intel HD Graphics 520,Windows 10,2.07,170181.648,2.3,0,500,0,0,1920.0,1080.0,Intel
866,Toshiba,Ultrabook,13.3,1366x768,Intel Core i5 6200U 2.3GHz,8,256GB SSD,Intel HD Graphics 520,Windows 10,1.2,204779.01599999997,2.3,256,0,0,0,1366.0,768.0,Intel
867,Lenovo,2 in 1 Convertible,13.3,IPS Panel Full HD / Touchscreen 1920x1080,Intel Core i7 7500U 2.7GHz,8,256GB SSD,Intel HD Graphics 620,Windows 10,1.37,364674.95999999996,2.7,256,0,1,1,1920.0,1080.0,Intel
868,Acer,Notebook,14.0,IPS Panel Full HD 1920x1080,Intel Core i5 7200U 2.5GHz,8,256GB SSD,Intel HD Graphics 620,Windows 10,1.56,168685.54559999998,2.5,256,0,0,1,1920.0,1080.0,Intel
869,Dell,Workstation,15.6,Full HD 1920x1080,Intel Core i7 7700HQ 2.8GHz,8,1TB HDD,Nvidia Quadro M620,Windows 10,2.23,332508.7584,2.8,0,1000,0,0,1920.0,1080.0,Nvidia
870,Lenovo,Notebook,15.6,1366x768,Intel Core i5 7200U 2.5GHz,4,500GB HDD,Intel HD Graphics 620,Windows 10,2.38,197298.504,2.5,0,500,0,0,1366.0,768.0,Intel
871,Lenovo,Notebook,15.6,Full HD 1920x1080,Intel Core i3 6006U 2GHz,4,1TB HDD,AMD Radeon R5 M430,No OS,2.2,89579.13119999999,2.0,0,1000,0,0,1920.0,1080.0,AMD
872,Toshiba,Notebook,15.6,IPS Panel Full HD 1920x1080,Intel Core i7 7500U 2.7GHz,8,256GB SSD,Intel HD Graphics 620,Windows 10,2.0,259573.7664,2.7,256,0,0,1,1920.0,1080.0,Intel
873,Lenovo,Notebook,13.3,IPS Panel Full HD 1920x1080,Intel Core i3 7100U 2.4GHz,4,180GB SSD,Intel HD Graphics 620,Windows 10,1.44,137454.408,2.4,180,0,0,1,1920.0,1080.0,Intel
874,Samsung,Ultrabook,15.0,Full HD 1920x1080,Intel Core i7 7500U 2.7GHz,16,256GB SSD,Nvidia GeForce 940MX,Windows 10,1.23,345786.66719999997,2.7,256,0,0,0,1920.0,1080.0,Nvidia
875,Dell,Ultrabook,12.5,Full HD 1920x1080,Intel Core i7 7600U 2.8GHz,8,256GB SSD,Intel HD Graphics 620,Windows 10,1.6,316051.632,2.8,256,0,0,0,1920.0,1080.0,Intel
876,Asus,Notebook,15.6,1366x768,Intel Pentium Quad Core N4200 1.1GHz,4,1TB HDD,Intel HD Graphics 505,Linux,2.0,74616.237072,1.1,0,1000,0,0,1366.0,768.0,Intel
877,Xiaomi,Ultrabook,13.3,IPS Panel Full HD 1920x1080,Intel Core i5 6200U 2.3GHz,8,256GB SSD,Nvidia GeForce 940MX,Windows 10,1.28,174856.968,2.3,256,0,0,1,1920.0,1080.0,Nvidia
878,Dell,Notebook,15.6,Full HD 1920x1080,Intel Core i5 7200U 2.5GHz,4,128GB SSD +  1TB HDD,Nvidia GeForce 940MX,Windows 10,2.18,170649.18,2.5,128000,0,0,0,1920.0,1080.0,Nvidia
879,HP,Notebook,15.6,Full HD 1920x1080,Intel Core i5 7200U 2.5GHz,4,256GB SSD,Intel HD Graphics 620,Windows 10,2.04,156903.73919999998,2.5,256,0,0,0,1920.0,1080.0,Intel
880,HP,2 in 1 Convertible,13.3,Full HD / Touchscreen 1920x1080,Intel Core i5 7200U 2.5GHz,4,256GB SSD,Intel HD Graphics 620,Windows 10,1.28,317921.76,2.5,256,0,1,0,1920.0,1080.0,Intel
881,HP,2 in 1 Convertible,15.6,Touchscreen 1366x768,Intel Core i5 7200U 2.5GHz,4,500GB HDD,Intel HD Graphics 620,Windows 10,2.3,128066.36543999997,2.5,0,500,1,0,1366.0,768.0,Intel
882,Asus,Notebook,14.1,1366x768,Intel Celeron Dual Core N3350 1.1GHz,4,32GB Flash Storage,Intel HD Graphics 500,Windows 10,1.65,65080.454399999995,1.1,32,0,0,0,1366.0,768.0,Intel
883,Lenovo,Notebook,15.6,IPS Panel Full HD 1920x1080,Intel Core i7 6500U 2.5GHz,8,1TB HDD,Nvidia GeForce 940MX,Windows 10,2.2,125111.56319999999,2.5,0,1000,0,1,1920.0,1080.0,Nvidia
884,Dell,Notebook,15.6,1366x768,Intel Pentium Quad Core N3710 1.6GHz,4,500GB HDD,Intel HD Graphics,Windows 10,2.2,69007.7232,1.6,0,500,0,0,1366.0,768.0,Intel
885,HP,2 in 1 Convertible,13.3,Full HD / Touchscreen 1920x1080,Intel Core i5 7200U 2.5GHz,4,256GB SSD,Intel HD Graphics 620,Windows 10,1.28,336436.0272,2.5,256,0,1,0,1920.0,1080.0,Intel
886,Dell,Notebook,15.6,1366x768,Intel Core i3 6006U 2.0GHz,4,1TB HDD,AMD Radeon R5 M420X,Linux,2.18,85221.73296,2.0,0,1000,0,0,1366.0,768.0,AMD
887,Asus,Gaming,17.3,Full HD 1920x1080,Intel Core i5 7300HQ 2.5GHz,12,128GB SSD +  1TB HDD,Nvidia GeForce GTX 1050,Windows 10,2.2,256188.83471999998,2.5,128000,0,0,0,1920.0,1080.0,Nvidia
888,Acer,Netbook,11.6,IPS Panel 1366x768,Intel Celeron Dual Core N3060 1.6GHz,4,32GB Flash Storage,Intel HD Graphics 400,Chrome OS,1.25,55542.8016,1.6,32,0,0,1,1366.0,768.0,Intel
889,Lenovo,Notebook,17.3,1600x900,AMD A4-Series 7210 2.2GHz,4,500GB HDD,AMD Radeon R3,Windows 10,2.8,70877.85119999999,2.2,0,500,0,0,1600.0,900.0,AMD
890,HP,Notebook,14.0,Full HD 1920x1080,Intel Core i5 7200U 2.5GHz,4,128GB SSD,Intel HD Graphics 620,Windows 10,1.95,236571.19199999998,2.5,128,0,0,0,1920.0,1080.0,Intel
891,HP,2 in 1 Convertible,13.3,Quad HD+ / Touchscreen 3200x1800,Intel Core i7 7500U 2.7GHz,16,256GB SSD,Intel HD Graphics 620,Windows 10,1.42,261630.9072,2.7,256,0,1,0,3200.0,1800.0,Intel
892,Samsung,Ultrabook,15.0,Full HD 1920x1080,Intel Core i7 7500U 2.7GHz,8,256GB SSD,Intel HD Graphics 620,Windows 10,1.17,317734.7472,2.7,256,0,0,0,1920.0,1080.0,Intel
893,Lenovo,Ultrabook,14.0,IPS Panel Full HD 1920x1080,Intel Core i5 7200U 2.5GHz,8,256GB SSD,Intel HD Graphics 620,Windows 10,1.32,336436.0272,2.5,256,0,0,1,1920.0,1080.0,Intel
894,MSI,Gaming,17.3,IPS Panel 4K Ultra HD 3840x2160,Intel Core i7 6700HQ 2.6GHz,16,512GB SSD +  2TB HDD,Nvidia GeForce GTX 1060,Windows 10,2.43,495396.90719999996,2.6,512000,0,0,1,3840.0,2160.0,Nvidia
895,Toshiba,Notebook,13.3,Full HD 1920x1080,Intel Core i5 7200U 2.5GHz,8,256GB SSD,Intel HD Graphics 620,Windows 10,1.05,275843.88,2.5,256,0,0,0,1920.0,1080.0,Intel
896,Dell,Gaming,15.6,Full HD 1920x1080,Intel Core i7 7700HQ 2.8GHz,8,1TB HDD,Nvidia GeForce GTX 1050Ti,Linux,2.62,173734.8912,2.8,0,1000,0,0,1920.0,1080.0,Nvidia
897,HP,Notebook,15.6,Full HD 1920x1080,Intel Core i7 7500U 2.7GHz,8,1TB HDD,Nvidia GeForce 930MX,Windows 10,2.04,168311.52,2.7,0,1000,0,0,1920.0,1080.0,Nvidia
898,Dell,Notebook,15.6,1366x768,Intel Core i3 6006U 2.0GHz,4,1TB HDD,AMD Radeon R5 M420X,Windows 10,2.18,114825.85919999999,2.0,0,1000,0,0,1366.0,768.0,AMD
899,Dell,Notebook,15.6,Full HD 1920x1080,Intel Core i5 7300U 2.6GHz,8,500GB HDD,Intel HD Graphics 620,Windows 10,1.9,174856.968,2.6,0,500,0,0,1920.0,1080.0,Intel
900,Dell,2 in 1 Convertible,13.3,Quad HD+ / Touchscreen 3200x1800,Intel Core i7 7Y75 1.3GHz,8,512GB SSD,Intel HD Graphics 615,Windows 10,1.24,376475.46767999994,1.3,512,0,1,0,3200.0,1800.0,Intel
901,Asus,Gaming,17.3,IPS Panel Full HD 1920x1080,Intel Core i7 6820HK 2.7GHz,32,256GB SSD +  256GB SSD,Nvidia GeForce GTX 980M,Windows 10,3.58,239189.37119999997,2.7,256,0,0,1,1920.0,1080.0,Nvidia
902,Dell,2 in 1 Convertible,13.3,Full HD / Touchscreen 1920x1080,Intel Core i7 7Y75 1.3GHz,16,256GB SSD,Intel HD Graphics 615,Windows 10,1.22,308384.10719999997,1.3,256,0,1,0,1920.0,1080.0,Intel
903,Lenovo,Ultrabook,14.0,IPS Panel Full HD 1920x1080,Intel Core i7 7500U 2.7GHz,8,256GB Flash Storage,Intel HD Graphics 620,Windows 10,1.13,383189.22719999996,2.7,256,0,0,1,1920.0,1080.0,Intel
904,Lenovo,Notebook,15.6,IPS Panel Full HD 1920x1080,Intel Core i5 7200U 2.5GHz,8,512GB SSD,Intel HD Graphics 620,Windows 10,1.95,367104.25627199997,2.5,512,0,0,1,1920.0,1080.0,Intel
905,LG,Ultrabook,15.6,IPS Panel Full HD / Touchscreen 1920x1080,Intel Core i7 7500U 2.7GHz,16,512GB SSD,Intel HD Graphics 620,Windows 10,1.08,392539.8672,2.7,512,0,1,1,1920.0,1080.0,Intel
906,HP,Netbook,12.5,Full HD 1920x1080,Intel Core i7 7500U 2.7GHz,8,512GB SSD,Intel HD Graphics 620,Windows 10,1.26,277339.9824,2.7,512,0,0,0,1920.0,1080.0,Intel
907,Acer,Notebook,15.6,IPS Panel Full HD 1920x1080,Intel Celeron Dual Core 3205U 1.5GHz,4,16GB Flash Storage,Intel HD Graphics,Chrome OS,2.2,67137.5952,1.5,16,0,0,1,1920.0,1080.0,Intel
908,Lenovo,Notebook,15.6,IPS Panel Full HD 1920x1080,Intel Core i5 6300HQ 2.3GHz,8,128GB SSD +  1TB HDD,Nvidia GeForce GTX 960M,Windows 10,2.6,147553.0992,2.3,128000,0,0,1,1920.0,1080.0,Nvidia
909,LG,Ultrabook,14.0,IPS Panel Full HD / Touchscreen 1920x1080,Intel Core i7 7500U 2.7GHz,8,512GB SSD,Intel HD Graphics 620,Windows 10,0.98,355137.3072,2.7,512,0,1,1,1920.0,1080.0,Intel
910,Dell,Notebook,14.0,Full HD 1920x1080,Intel Core i5 7440HQ 2.8GHz,8,256GB SSD,Intel HD Graphics 620,Windows 10,1.6,225350.424,2.8,256,0,0,0,1920.0,1080.0,Intel
911,HP,Ultrabook,12.5,4K Ultra HD / Touchscreen 3840x2160,Intel Core M 6Y75 1.2GHz,8,240GB SSD,Intel HD Graphics 515,Windows 10,1.09,579739.6799999999,1.2,240,0,1,0,3840.0,2160.0,Intel
912,Lenovo,Notebook,15.6,Full HD 1920x1080,Intel Core i7 7500U 2.7GHz,6,256GB SSD,Nvidia GeForce 940MX,Windows 10,2.2,147553.0992,2.7,256,0,0,0,1920.0,1080.0,Nvidia
913,HP,Notebook,15.6,Full HD 1920x1080,Intel Core i7 7500U 2.7GHz,8,256GB SSD,Nvidia GeForce 930MX,Windows 10,2.04,190564.17307199995,2.7,256,0,0,0,1920.0,1080.0,Nvidia
914,Acer,Notebook,15.6,Full HD 1920x1080,Intel Core i3 7100U 2.4GHz,4,1TB HDD,Intel HD Graphics 620,Windows 10,2.4,93319.3872,2.4,0,1000,0,0,1920.0,1080.0,Intel
915,Lenovo,Notebook,13.3,Full HD 1920x1080,Intel Core i5 7200U 2.5GHz,4,128GB SSD,Intel HD Graphics 620,Windows 10,1.44,164758.2768,2.5,128,0,0,0,1920.0,1080.0,Intel
916,HP,Notebook,13.3,Full HD 1920x1080,Intel Core i5 7200U 2.5GHz,8,256GB SSD,Intel HD Graphics 620,Windows 10,1.49,179532.288,2.5,256,0,0,0,1920.0,1080.0,Intel
917,MSI,Gaming,17.3,Full HD 1920x1080,Intel Core i7 7700HQ 2.8GHz,16,256GB SSD +  1TB HDD,Nvidia GeForce GTX 1050 Ti,Windows 10,2.7,299033.4672,2.8,256000,0,0,0,1920.0,1080.0,Nvidia
918,Dell,Gaming,15.6,Full HD 1920x1080,Intel Core i7 7700HQ 2.8GHz,16,128GB SSD +  1TB HDD,Nvidia GeForce GTX 1050 Ti,Windows 10,2.6,252280.2672,2.8,128000,0,0,0,1920.0,1080.0,Nvidia
919,MSI,Gaming,15.6,Full HD 1920x1080,Intel Core i5 7300HQ 2.5GHz,8,128GB SSD +  1TB HDD,Nvidia GeForce GTX 1050,Windows 10,2.2,209437.504848,2.5,128000,0,0,0,1920.0,1080.0,Nvidia
920,Dell,Notebook,15.6,1366x768,Intel Core i5 7200U 2.5GHz,4,1TB HDD,AMD Radeon R5 M420,Windows 10,2.18,128101.897872,2.5,0,1000,0,0,1366.0,768.0,AMD
921,HP,Ultrabook,15.6,Full HD 1920x1080,Intel Core i7 6500U 2.5GHz,8,256GB SSD,AMD Radeon R7 M365X,Windows 10,1.84,242553.73147199996,2.5,256,0,0,0,1920.0,1080.0,AMD
922,HP,Ultrabook,13.3,Quad HD+ / Touchscreen 3200x1800,Intel Core i7 7500U 2.7GHz,8,256GB SSD,Intel HD Graphics 620,Windows 10,1.39,214877.7072,2.7,256,0,1,0,3200.0,1800.0,Intel
923,Toshiba,Notebook,15.6,IPS Panel Full HD 1920x1080,Intel Core i7 6600U 2.6GHz,16,256GB SSD,Nvidia GeForce 930M,Windows 10,2.4,369350.27999999997,2.6,256,0,0,1,1920.0,1080.0,Nvidia
924,Lenovo,2 in 1 Convertible,13.3,IPS Panel Full HD / Touchscreen 1920x1080,Intel Core i5 7200U 2.5GHz,8,512GB SSD,Intel HD Graphics 620,Windows 10,1.37,341298.36,2.5,512,0,1,1,1920.0,1080.0,Intel
925,Dell,Notebook,15.6,1366x768,Intel Core i5 6200U 2.3GHz,4,500GB HDD,Intel HD Graphics 520,Windows 10,1.95,136500.64272,2.3,0,500,0,0,1366.0,768.0,Intel
926,Lenovo,Ultrabook,12.5,IPS Panel Full HD 1920x1080,Intel Core i7 7500U 2.7GHz,8,256GB SSD,Intel HD Graphics 620,Windows 10,1.36,308571.12,2.7,256,0,0,1,1920.0,1080.0,Intel
927,HP,Notebook,15.6,Full HD 1920x1080,Intel Core i5 6200U 2.3GHz,8,256GB SSD,Intel HD Graphics 520,Windows 10,2.31,217869.91199999998,2.3,256,0,0,0,1920.0,1080.0,Intel
928,Dell,Notebook,15.6,1366x768,Intel Core i5 7200U 2.5GHz,4,1TB HDD,Intel HD Graphics 620,Windows 10,2.18,132416.283168,2.5,0,1000,0,0,1366.0,768.0,Intel
929,HP,Notebook,14.0,1366x768,Intel Core i5 6200U 2.3GHz,4,500GB HDD,Intel HD Graphics 520,Windows 10,1.95,214877.7072,2.3,0,500,0,0,1366.0,768.0,Intel
930,Lenovo,Notebook,15.6,1366x768,Intel Pentium Quad Core N4200 1.1GHz,4,1TB HDD,Intel HD Graphics 505,Windows 10,2.2,57786.9552,1.1,0,1000,0,0,1366.0,768.0,Intel
931,HP,Ultrabook,12.5,Full HD 1920x1080,Intel Core i5 6200U 2.3GHz,4,500GB HDD,Intel HD Graphics 520,Windows 10,1.26,295293.21119999996,2.3,0,500,0,0,1920.0,1080.0,Intel
932,HP,Notebook,15.6,1366x768,Intel Celeron Dual Core N3060 1.6GHz,4,1TB HDD,Intel HD Graphics 400,No OS,1.86,54027.99792,1.6,0,1000,0,0,1366.0,768.0,Intel
933,Lenovo,2 in 1 Convertible,13.3,IPS Panel Quad HD+ / Touchscreen 3200x1800,Intel Core i7 6560U 2.2GHz,16,1TB SSD,Intel Iris Graphics 540,Windows 10,1.3,336436.0272,2.2,1000,0,1,1,3200.0,1800.0,Intel
934,Toshiba,Notebook,14.0,IPS Panel Full HD 1920x1080,Intel Core i5 6200U 2.3GHz,4,128GB SSD,Intel HD Graphics 520,Windows 10,1.47,206649.144,2.3,128,0,0,1,1920.0,1080.0,Intel
935,HP,Netbook,12.5,Full HD 1920x1080,Intel Core i5 6200U 2.3GHz,8,256GB SSD,Intel HD Graphics 520,Windows 10,1.26,312124.36319999996,2.3,256,0,0,0,1920.0,1080.0,Intel
936,Dell,Notebook,15.6,1366x768,Intel Core i3 6006U 2.0GHz,4,1TB HDD,Intel HD Graphics 520,Windows 10,2.18,104465.35007999999,2.0,0,1000,0,0,1366.0,768.0,Intel
937,MSI,Gaming,15.6,Full HD 1920x1080,Intel Core i7 7700HQ 2.8GHz,8,128GB SSD +  1TB HDD,Nvidia GeForce GTX 1050,Windows 10,2.2,224228.3472,2.8,128000,0,0,0,1920.0,1080.0,Nvidia
938,Dell,Ultrabook,14.0,Full HD 1920x1080,Intel Core i5 7200U 2.5GHz,8,256GB SSD,Intel HD Graphics 620,Windows 10,1.36,306513.9792,2.5,256,0,0,0,1920.0,1080.0,Intel
939,Dell,Gaming,17.3,2560x1440,Intel Core i7 6820HK 2.7GHz,16,512GB SSD +  1TB HDD,Nvidia GeForce GTX 1080,Windows 10,4.36,515781.3023999999,2.7,512000,0,0,0,2560.0,1440.0,Nvidia
940,HP,Gaming,17.3,IPS Panel Full HD 1920x1080,Intel Core i5 6300HQ 2.3GHz,8,128GB SSD +  1TB HDD,Nvidia GeForce GTX 965M,Windows 10,2.75,261630.9072,2.3,128000,0,0,1,1920.0,1080.0,Nvidia
941,Asus,Notebook,17.3,1600x900,Intel Pentium Quad Core N3710 1.6GHz,4,1TB HDD,Nvidia GeForce 920MX,Windows 10,2.8,99116.784,1.6,0,1000,0,0,1600.0,900.0,Nvidia
942,Acer,Notebook,15.6,1366x768,Intel Core i5 7200U 2.5GHz,4,500GB HDD,Intel HD Graphics 620,Windows 10,2.23,115760.92319999999,2.5,0,500,0,0,1366.0,768.0,Intel
943,Toshiba,Notebook,15.6,1366x768,Intel Core i5 6200U 2.3GHz,8,256GB SSD,Intel HD Graphics 520,Windows 10,2.2,209267.32319999998,2.3,256,0,0,0,1366.0,768.0,Intel
944,Lenovo,2 in 1 Convertible,11.3,IPS Panel Full HD / Touchscreen 1920x1080,Intel Core M m7-6Y75 1.2GHz,8,256GB SSD,Intel HD Graphics 515,Windows 10,1.1,242929.6272,1.2,256,0,1,1,1920.0,1080.0,Intel
945,Lenovo,Gaming,15.6,IPS Panel Full HD 1920x1080,AMD FX 8800P 2.1GHz,16,512GB SSD +  1TB HDD,AMD Radeon R9 M385,Windows 10,2.5,186825.7872,2.1,512000,0,0,1,1920.0,1080.0,AMD
946,Dell,Ultrabook,12.5,Full HD / Touchscreen 1920x1080,Intel Core i5 7200U 2.5GHz,8,256GB SSD,Intel HD Graphics,Windows 10,1.36,275320.24416,2.5,256,0,1,0,1920.0,1080.0,Intel
947,Lenovo,Notebook,15.6,Full HD 1920x1080,Intel Core i7 7500U 2.7GHz,8,1TB HDD,Nvidia GeForce 920MX,No OS,2.2,128103.768,2.7,0,1000,0,0,1920.0,1080.0,Nvidia
948,Dell,Notebook,17.3,1600x900,Intel Core i3 6006U 2.0GHz,4,1TB HDD,AMD Radeon R7 M445,Windows 10,2.36,123241.43519999998,2.0,0,1000,0,0,1600.0,900.0,AMD
949,Acer,Notebook,14.0,1366x768,Intel Celeron Dual Core N3060 1.6GHz,4,32GB Flash Storage,Intel HD Graphics 400,Chrome OS,1.68,65267.4672,1.6,32,0,0,0,1366.0,768.0,Intel
950,HP,Workstation,15.6,IPS Panel Full HD 1920x1080,Intel Core i7 6820HQ 2.7GHz,8,8GB SSD,Nvidia Quadro M1000M,Windows 10,2.0,420591.78719999996,2.7,8,0,0,1,1920.0,1080.0,Nvidia
951,Dell,Ultrabook,14.0,Full HD 1920x1080,Intel Core i7 7600U 2.8GHz,8,256GB SSD,Intel HD Graphics 620,Windows 10,1.36,331947.72,2.8,256,0,0,0,1920.0,1080.0,Intel
952,Toshiba,Notebook,13.3,Full HD 1920x1080,Intel Core i5 6200U 2.3GHz,8,256GB SSD,Intel HD Graphics 520,Windows 7,1.2,273038.68799999997,2.3,256,0,0,0,1920.0,1080.0,Intel
953,Asus,2 in 1 Convertible,12.5,Full HD 1920x1080,Intel Core M M7-6Y75 1.2GHz,8,64GB Flash Storage,Intel HD Graphics 515,Chrome OS,1.2,216747.83519999997,1.2,64,0,0,0,1920.0,1080.0,Intel
954,Lenovo,Ultrabook,14.0,IPS Panel Full HD 1920x1080,Intel Core i7 6600U 2.6GHz,8,256GB SSD,Intel HD Graphics 520,Windows 10,1.7,278460.189072,2.6,256,0,0,1,1920.0,1080.0,Intel
955,Dell,Gaming,17.3,IPS Panel 4K Ultra HD 3840x2160,Intel Core i7 7700HQ 2.8GHz,16,512GB SSD +  1TB HDD,Nvidia GeForce GTX 1070,Windows 10,4.36,589838.3711999999,2.8,512000,0,0,1,3840.0,2160.0,Nvidia
956,Dell,2 in 1 Convertible,13.3,Full HD / Touchscreen 1920x1080,Intel Core i5 7Y54 1.2GHz,8,256GB SSD,Intel HD Graphics 615,Windows 10,1.24,355137.3072,1.2,256,0,1,0,1920.0,1080.0,Intel
957,HP,2 in 1 Convertible,11.6,Touchscreen 1366x768,Intel Pentium Quad Core N4200 1.1GHz,4,256GB SSD,Intel HD Graphics 505,Windows 10,1.45,144934.91999999998,1.1,256,0,1,0,1366.0,768.0,Intel
958,Dell,Ultrabook,13.3,Quad HD+ 3200x1800,Intel Core i7 6500U 2.5GHz,8,256GB SSD,Intel HD Graphics 520,Windows 10,1.3,237132.23039999997,2.5,256,0,0,0,3200.0,1800.0,Intel
959,Acer,2 in 1 Convertible,11.6,IPS Panel Touchscreen 1366x768,Intel Celeron Dual Core N3060 1.6GHz,4,32GB Flash Storage,Intel HD Graphics 400,Chrome OS,1.25,72747.97919999999,1.6,32,0,1,1,1366.0,768.0,Intel
960,Toshiba,Notebook,13.3,Full HD 1920x1080,Intel Core i5 6300U 2.4GHz,8,256GB SSD,Intel HD Graphics 520,Windows 10,1.2,287064.648,2.4,256,0,0,0,1920.0,1080.0,Intel
961,Lenovo,Ultrabook,12.5,IPS Panel Full HD 1920x1080,Intel Core i5 7300U 2.6GHz,8,256GB SSD,Intel HD Graphics 620,Windows 10,1.36,329142.528,2.6,256,0,0,1,1920.0,1080.0,Intel
962,Acer,Notebook,15.6,Full HD 1920x1080,Intel Core i5 7200U 2.5GHz,12,128GB SSD +  1TB HDD,Nvidia GeForce GTX 950M,Windows 10,2.4,188695.9152,2.5,128000,0,0,0,1920.0,1080.0,Nvidia
963,Toshiba,Ultrabook,12.5,Full HD / Touchscreen 1920x1080,Intel Core i7 7500U 2.7GHz,8,512GB SSD,Intel HD Graphics 620,Windows 10,1.1,334752.91199999995,2.7,512,0,1,0,1920.0,1080.0,Intel
964,HP,Notebook,15.6,1366x768,Intel Core i5 7200U 2.50GHz,8,1TB HDD,Nvidia GeForce 930MX,Windows 10,2.04,158306.33519999997,2.5,0,1000,0,0,1366.0,768.0,Nvidia
965,Dell,Notebook,15.6,1366x768,Intel Core i3 6006U 2.0GHz,4,1TB HDD,AMD Radeon R5 M430,Linux,2.25,87076.89993599999,2.0,0,1000,0,0,1366.0,768.0,AMD
966,Dell,Notebook,15.6,1366x768,Intel Core i5 7200U 2.5GHz,4,500GB HDD,Intel HD Graphics 620,Windows 10,1.9,154285.56,2.5,0,500,0,0,1366.0,768.0,Intel
967,HP,Notebook,15.6,Full HD 1920x1080,Intel Core i3 7100U 2.4GHz,4,500GB HDD,Intel HD Graphics 620,Windows 10,2.04,128103.768,2.4,0,500,0,0,1920.0,1080.0,Intel
968,Dell,Gaming,17.3,IPS Panel Full HD 1920x1080,Intel Core i7 7700HQ 2.8GHz,32,256GB SSD +  1TB HDD,Nvidia GeForce GTX 1070,Windows 10,4.42,588903.3071999999,2.8,256000,0,0,1,1920.0,1080.0,Nvidia
969,Lenovo,Notebook,15.6,Full HD 1920x1080,Intel Core i5 7200U 2.5GHz,6,256GB SSD,Nvidia GeForce 920MX,Windows 10,2.4,129973.896,2.5,256,0,0,0,1920.0,1080.0,Nvidia
970,Dell,2 in 1 Convertible,13.3,Quad HD+ / Touchscreen 3200x1800,Intel Core i7 7Y75 1.3GHz,16,512GB SSD,Intel HD Graphics 615,Windows 10,1.22,355137.3072,1.3,512,0,1,0,3200.0,1800.0,Intel
971,Dell,Ultrabook,14.0,Touchscreen 2560x1440,Intel Core i7 6600U 2.6GHz,8,256GB SSD,Intel HD Graphics 520,Windows 10,1.5,367102.38614399993,2.6,256,0,1,0,2560.0,1440.0,Intel
972,Dell,Gaming,17.3,Full HD 1920x1080,Intel Core i7 6700HQ 2.6GHz,32,256GB SSD +  1TB HDD,Nvidia GeForce GTX 1070,Windows 10,4.42,523635.83999999997,2.6,256000,0,0,0,1920.0,1080.0,Nvidia
973,Toshiba,Notebook,14.0,Full HD 1920x1080,Intel Core i5 6200U 2.3GHz,8,256GB SSD,Intel HD Graphics 520,Windows 10,1.95,220675.104,2.3,256,0,0,0,1920.0,1080.0,Intel
974,Asus,Gaming,17.3,Full HD 1920x1080,Intel Core i7 7700HQ 2.8GHz,16,256GB SSD +  1TB HDD,Nvidia GeForce GTX 1060,Windows 10,2.73,383357.53872,2.8,256000,0,0,0,1920.0,1080.0,Nvidia
975,HP,Notebook,15.6,IPS Panel Full HD 1920x1080,Intel Core i5 7200U 2.70GHz,8,128GB SSD +  1TB HDD,Nvidia GeForce 930MX,Windows 10,2.04,183085.5312,2.7,128000,0,0,1,1920.0,1080.0,Nvidia
976,Lenovo,Notebook,14.0,1366x768,Intel Core i5 6200U 2.3GHz,4,508GB Hybrid,Intel HD Graphics 520,Windows 7,1.7,187386.82559999998,2.3,0,0,0,0,1366.0,768.0,Intel
977,Asus,2 in 1 Convertible,15.6,4K Ultra HD / Touchscreen 3840x2160,Intel Core i7 7500U 2.7GHz,16,512GB SSD +  2TB HDD,Nvidia GeForce GTX 950M,Windows 10,2.3,336436.0272,2.7,512000,0,1,0,3840.0,2160.0,Nvidia
978,HP,Notebook,15.6,1366x768,Intel Core i7 7500U 2.7GHz,6,1TB HDD,Intel HD Graphics 620,Windows 10,2.04,108280.41119999999,2.7,0,1000,0,0,1366.0,768.0,Intel
979,Asus,Gaming,17.3,Full HD 1920x1080,Intel Core i7 7700HQ 2.8GHz,16,256GB SSD +  1TB HDD,Nvidia GeForce GTX 1050 Ti,Windows 10,2.99,327085.3872,2.8,256000,0,0,0,1920.0,1080.0,Nvidia
980,Dell,2 in 1 Convertible,15.6,IPS Panel Full HD / Touchscreen 1920x1080,Intel Core i7 7500U 2.7GHz,12,512GB SSD,Intel HD Graphics 620,Windows 10,2.19,242929.6272,2.7,512,0,1,1,1920.0,1080.0,Intel
981,Toshiba,Notebook,13.3,Full HD 1920x1080,Intel Core i5 6200U 2.3GHz,4,128GB SSD,Intel HD Graphics 520,Windows 7,1.2,223480.29599999997,2.3,128,0,0,0,1920.0,1080.0,Intel
982,Lenovo,Notebook,15.6,Full HD 1920x1080,AMD A12-Series 9720P 3.6GHz,6,256GB SSD,AMD Radeon 530,Windows 10,2.2,102670.0272,3.6,256,0,0,0,1920.0,1080.0,AMD
983,Fujitsu,Notebook,15.6,1366x768,Intel Core i5 6200U 2.3GHz,4,256GB SSD,Intel HD Graphics 520,Windows 10,2.3,121371.3072,2.3,256,0,0,0,1366.0,768.0,Intel
984,Toshiba,Notebook,14.0,1366x768,Intel Core i5 6200U 2.3GHz,4,500GB HDD,Intel HD Graphics 520,Windows 10,1.75,171116.71199999997,2.3,0,500,0,0,1366.0,768.0,Intel
985,Dell,Notebook,15.6,1366x768,Intel Core i5 7200U 2.5GHz,4,500GB HDD,AMD Radeon R5 M430,Windows 10,2.25,112020.6672,2.5,0,500,0,0,1366.0,768.0,AMD
986,HP,Notebook,15.6,Full HD 1920x1080,Intel Core i5 7200U 2.5GHz,8,1TB HDD,Intel HD Graphics 620,Windows 10,2.04,150732.3168,2.5,0,1000,0,0,1920.0,1080.0,Intel
987,Lenovo,Gaming,15.6,IPS Panel Full HD 1920x1080,Intel Core i7 7700HQ 2.8GHz,8,128GB SSD +  1TB HDD,Nvidia GeForce GTX 1060,Windows 10,2.5,222358.2192,2.8,128000,0,0,1,1920.0,1080.0,Nvidia
988,Dell,Notebook,15.6,1366x768,Intel Core i7 7500U 2.7GHz,8,1TB HDD,AMD Radeon R7 M445,Windows 10,2.36,140072.5872,2.7,0,1000,0,0,1366.0,768.0,AMD
989,Dell,Notebook,14.0,Full HD 1920x1080,Intel Core i5 7200U 2.5GHz,8,128GB SSD,Intel HD Graphics 620 ,Windows 10,1.6,209267.32319999998,2.5,128,0,0,0,1920.0,1080.0,Intel
990,HP,Netbook,12.5,Full HD 1920x1080,Intel Core M 6Y75 1.2GHz,8,512GB SSD,Intel HD Graphics 515,Windows 10,0.97,356820.4224,1.2,512,0,0,0,1920.0,1080.0,Intel
991,HP,Notebook,15.6,Full HD 1920x1080,Intel Core i3 6006U 2GHz,4,128GB SSD +  1TB HDD,AMD Radeon 520,Windows 10,2.1,93319.3872,2.0,128000,0,0,0,1920.0,1080.0,AMD
992,Lenovo,Notebook,15.6,1366x768,Intel Celeron Dual Core N3350 1.1GHz,4,128GB SSD,Intel HD Graphics 500,No OS,1.9,50609.403935999995,1.1,128,0,0,0,1366.0,768.0,Intel
993,Lenovo,Notebook,15.6,Full HD 1920x1080,Intel Core i5 6200U 2.3GHz,8,256GB SSD,Intel HD Graphics 520,Windows 10,2.3,252280.2672,2.3,256,0,0,0,1920.0,1080.0,Intel
994,Dell,2 in 1 Convertible,13.3,Full HD / Touchscreen 1920x1080,Intel Core i5 7200U 2.5GHz,8,256GB SSD,Intel HD Graphics 620,Windows 10,1.68,166254.3792,2.5,256,0,1,0,1920.0,1080.0,Intel
995,Asus,Notebook,13.3,Quad HD+ 3200x1800,Intel Core i5 7200U 2.5GHz,8,256GB SSD,Intel HD Graphics 620,Windows 10,1.4,215064.72,2.5,256,0,0,0,3200.0,1800.0,Intel
996,HP,Ultrabook,13.3,IPS Panel Full HD / Touchscreen 1920x1080,Intel Core i7 7500U 2.7GHz,8,256GB SSD,Intel HD Graphics 620,Windows 10,1.11,252280.2672,2.7,256,0,1,1,1920.0,1080.0,Intel
997,Acer,Notebook,15.6,1366x768,Intel Pentium Quad Core N4200 1.1GHz,4,500GB HDD,Intel HD Graphics 505,Windows 10,2.4,71064.864,1.1,0,500,0,0,1366.0,768.0,Intel
998,Asus,Gaming,15.6,Full HD 1920x1080,Intel Core i7 7700HQ 2.8GHz,16,256GB SSD +  1TB HDD,Nvidia GeForce GTX 1050 Ti,Windows 10,2.5,336436.0272,2.8,256000,0,0,0,1920.0,1080.0,Nvidia
999,HP,Ultrabook,14.0,Full HD 1920x1080,Intel Core i7 7500U 2.7GHz,8,512GB SSD,Intel HD Graphics 620,Windows 10,1.48,390669.73919999995,2.7,512,0,0,0,1920.0,1080.0,Intel
1000,Acer,Gaming,15.6,IPS Panel Full HD 1920x1080,Intel Core i7 7700HQ 2.8GHz,8,128GB SSD +  1TB HDD,Nvidia GeForce GTX 1050,Windows 10,2.7,235636.128,2.8,128000,0,0,1,1920.0,1080.0,Nvidia
1001,HP,Notebook,13.3,IPS Panel Full HD 1920x1080,Intel Core i5 7200U 2.5GHz,8,256GB SSD,Intel HD Graphics 620,Windows 10,1.34,222358.2192,2.5,256,0,0,1,1920.0,1080.0,Intel
1002,Dell,Notebook,15.6,1366x768,Intel Core i3 7100U 2.4GHz,4,128GB SSD,Intel HD Graphics 620,Windows 10,2.18,102296.00159999999,2.4,128,0,0,0,1366.0,768.0,Intel
1003,HP,Notebook,14.0,1366x768,Intel Core i5 7200U 2.5GHz,4,500GB HDD,Intel HD Graphics 620,Windows 10,1.64,145682.9712,2.5,0,500,0,0,1366.0,768.0,Intel
1004,Toshiba,Notebook,13.3,Full HD 1920x1080,Intel Core i5 6200U 2.3GHz,4,128GB SSD,Intel HD Graphics 520,Windows 10,1.2,223480.29599999997,2.3,128,0,0,0,1920.0,1080.0,Intel
1005,HP,Notebook,14.0,1366x768,Intel Core i5 6300U 2.4GHz,4,256GB SSD,Intel HD Graphics 520,Windows 10,1.48,205712.20987199995,2.4,256,0,0,0,1366.0,768.0,Intel
1006,HP,Notebook,14.0,Full HD 1920x1080,Intel Core i5 7200U 2.5GHz,4,256GB SSD,Intel HD Graphics 620,Windows 10,1.95,225350.424,2.5,256,0,0,0,1920.0,1080.0,Intel
1007,HP,Ultrabook,14.0,Full HD 1920x1080,Intel Core i7 6600U 2.6GHz,8,256GB SSD,Intel HD Graphics 520,Windows 7,1.43,270981.5472,2.6,256,0,0,0,1920.0,1080.0,Intel
1008,HP,Notebook,14.0,Full HD 1920x1080,Intel Core i5 7200U 2.5GHz,8,256GB SSD,Nvidia GeForce 930MX,Windows 10,1.64,196225.050528,2.5,256,0,0,0,1920.0,1080.0,Nvidia
1009,HP,Notebook,14.0,1366x768,Intel Core i3 7100U 2.4GHz,4,500GB HDD,Intel HD Graphics 620,Windows 10,1.64,127916.75519999999,2.4,0,500,0,0,1366.0,768.0,Intel
1010,Dell,Gaming,15.6,Full HD 1920x1080,Intel Core i5 7300HQ 2.5GHz,8,1.0TB Hybrid,Nvidia GeForce GTX 1050,Windows 10,2.65,177475.1472,2.5,0,0,0,0,1920.0,1080.0,Nvidia
1011,HP,Ultrabook,12.5,Full HD 1920x1080,Intel Core i5 7200U 2.5GHz,4,500GB HDD,Intel HD Graphics 620,Windows 10,1.26,287812.6992,2.5,0,500,0,0,1920.0,1080.0,Intel
1012,HP,Notebook,14.0,Full HD 1920x1080,Intel Core i5 7200U 2.5GHz,4,256GB SSD,Intel HD Graphics 620,Windows 10,1.48,297350.35199999996,2.5,256,0,0,0,1920.0,1080.0,Intel
1013,HP,Ultrabook,14.0,Full HD 1920x1080,Intel Core i7 6500U 2.5GHz,8,256GB SSD,Intel HD Graphics 520,Windows 10,1.54,352932.426288,2.5,256,0,0,0,1920.0,1080.0,Intel
1014,HP,Notebook,13.3,1366x768,Intel Core i3 7100U 2.4GHz,4,500GB HDD,Intel HD Graphics 620,Windows 10,1.49,149610.24,2.4,0,500,0,0,1366.0,768.0,Intel
1015,Toshiba,Notebook,13.3,1366x768,Intel Core i5 6200U 2.3GHz,8,256GB SSD,Intel HD Graphics 520,Windows 10,1.5,226285.48799999998,2.3,256,0,0,0,1366.0,768.0,Intel
1016,HP,Notebook,15.6,1366x768,Intel Core i3 7100U 2.4GHz,4,256GB SSD,Intel HD Graphics 620,Windows 10,2.04,143997.985872,2.4,256,0,0,0,1366.0,768.0,Intel
1017,Lenovo,Notebook,17.3,IPS Panel 4K Ultra HD 3840x2160,Intel Core i7 6820HQ 2.7GHz,16,512GB SSD,Nvidia Quadro 3000M,Windows 7,2.4,555053.9904,2.7,512,0,0,1,3840.0,2160.0,Nvidia
1018,Toshiba,Notebook,14.0,IPS Panel Full HD 1920x1080,Intel Core i5 6200U 2.3GHz,8,256GB SSD,Intel HD Graphics 520,Windows 10,1.47,278649.072,2.3,256,0,0,1,1920.0,1080.0,Intel
1019,HP,Notebook,14.0,Full HD 1920x1080,Intel Core i7 6500U 2.5GHz,8,256GB SSD,Intel HD Graphics 520,Windows 10,1.43,416851.53119999997,2.5,256,0,0,0,1920.0,1080.0,Intel
1020,Dell,2 in 1 Convertible,15.6,IPS Panel Full HD / Touchscreen 1920x1080,Intel Core i3 6100U 2.3GHz,4,1TB HDD,Intel HD Graphics 520,Windows 10,2.08,148860.31867199996,2.3,0,1000,1,1,1920.0,1080.0,Intel
1021,Toshiba,Ultrabook,13.3,Full HD 1920x1080,Intel Core i5 6200U 2.3GHz,8,256GB SSD,Intel HD Graphics 520,Windows 10,1.2,297350.35199999996,2.3,256,0,0,0,1920.0,1080.0,Intel
1022,HP,Notebook,13.3,IPS Panel Full HD 1920x1080,Intel Core i5 7200U 2.5GHz,8,256GB SSD,Intel HD Graphics 620,Windows 10,1.11,214877.7072,2.5,256,0,0,1,1920.0,1080.0,Intel
1023,HP,Notebook,14.0,Full HD 1920x1080,Intel Core i7 7500U 2.7GHz,8,256GB SSD,Nvidia GeForce 930MX,Windows 10,1.64,221690.583504,2.7,256,0,0,0,1920.0,1080.0,Nvidia
1024,Dell,Notebook,15.6,Full HD 1920x1080,Intel Core i5 6300U 2.4GHz,8,500GB HDD,Intel HD Graphics 520,Windows 10,2.09,195697.67443199997,2.4,0,500,0,0,1920.0,1080.0,Intel
1025,HP,Ultrabook,12.5,1366x768,Intel Core i5 7200U 2.5GHz,4,256GB SSD,Intel HD Graphics 620,Windows 10,1.26,291552.95519999997,2.5,256,0,0,0,1366.0,768.0,Intel
1026,HP,Notebook,14.0,1366x768,Intel Core i5 7200U 2.5GHz,4,500GB HDD,Intel HD Graphics 620,Windows 10,2.31,222358.2192,2.5,0,500,0,0,1366.0,768.0,Intel
1027,HP,Notebook,14.0,1366x768,Intel Core i5 7200U 2.5GHz,4,500GB HDD,Intel HD Graphics 620,Windows 10,1.95,198233.568,2.5,0,500,0,0,1366.0,768.0,Intel
1028,Dell,Ultrabook,13.3,Quad HD+ / Touchscreen 3200x1800,Intel Core i5 7200U 2.5GHz,8,256GB SSD,Intel HD Graphics 620,Windows 10,1.29,303708.78719999996,2.5,256,0,1,0,3200.0,1800.0,Intel
1029,HP,Notebook,17.3,Full HD 1920x1080,Intel Core i5 7200U 2.5GHz,8,256GB SSD,Nvidia GeForce 930MX,Windows 10,2.63,201973.824,2.5,256,0,0,0,1920.0,1080.0,Nvidia
1030,HP,Notebook,14.0,1366x768,Intel Core i5 7200U 2.5GHz,4,256GB SSD,Intel HD Graphics 620,Windows 10,1.64,181963.4544,2.5,256,0,0,0,1366.0,768.0,Intel
1031,Acer,Notebook,15.6,1366x768,AMD A9-Series 9420 3GHz,6,1TB HDD,AMD Radeon R5,Windows 10,2.1,76488.2352,3.0,0,1000,0,0,1366.0,768.0,AMD
1032,MSI,Gaming,17.3,Full HD 1920x1080,Intel Core i7 7700HQ 2.8GHz,8,128GB SSD +  1TB HDD,Nvidia GeForce GTX 1050,Windows 10,2.7,222881.85503999997,2.8,128000,0,0,0,1920.0,1080.0,Nvidia
1033,HP,Notebook,14.0,Full HD 1920x1080,Intel Core i5 6200U 2.3GHz,8,256GB SSD,Intel HD Graphics 520,Windows 7,1.95,223480.29599999997,2.3,256,0,0,0,1920.0,1080.0,Intel
1034,HP,Notebook,15.6,Full HD 1920x1080,Intel Core i7 6500U 2.5GHz,8,256GB SSD,Intel HD Graphics 520,Windows 10,1.84,229836.861072,2.5,256,0,0,0,1920.0,1080.0,Intel
1035,HP,Ultrabook,12.5,Full HD 1920x1080,Intel Core i7 6500U 2.5GHz,8,256GB SSD,Intel HD Graphics 520,Windows 10,1.26,252280.2672,2.5,256,0,0,0,1920.0,1080.0,Intel
1036,HP,Notebook,15.6,1366x768,Intel Core i5 7200U 2.5GHz,4,500GB HDD,Intel HD Graphics 620,Windows 10,2.04,138763.4976,2.5,0,500,0,0,1366.0,768.0,Intel
1037,Toshiba,Ultrabook,14.0,IPS Panel Full HD 1920x1080,Intel Core i7 6600U 2.6GHz,8,256GB SSD,Intel HD Graphics 520,Windows 10,1.47,322597.07999999996,2.6,256,0,0,1,1920.0,1080.0,Intel
1038,Dell,Notebook,15.6,Full HD 1920x1080,Intel Core i5 6300U 2.4GHz,8,256GB SSD,Intel HD Graphics 520,Windows 7,2.09,198785.25576,2.4,256,0,0,0,1920.0,1080.0,Intel
1039,HP,Notebook,14.0,Full HD 1920x1080,Intel Core i5 7200U 2.5GHz,8,256GB SSD,Intel HD Graphics 620,Windows 10,1.64,188978.304528,2.5,256,0,0,0,1920.0,1080.0,Intel
1040,Lenovo,2 in 1 Convertible,15.6,IPS Panel Full HD / Touchscreen 1920x1080,Intel Core i7 6500U 2.5GHz,4,256GB SSD,Intel HD Graphics 520,Windows 10,1.8,158399.8416,2.5,256,0,1,1,1920.0,1080.0,Intel
1041,Vero,Notebook,14.0,1366x768,Intel Atom X5-Z8350 1.44GHz,2,32GB Flash Storage,Intel HD Graphics 400,Windows 10,1.45,39422.298240000004,1.44,32,0,0,0,1366.0,768.0,Intel
1042,Toshiba,Notebook,15.6,IPS Panel Full HD 1920x1080,Intel Core i7 6500U 2.5GHz,16,256GB SSD,Nvidia GeForce 930M,Windows 10,2.4,266493.24,2.5,256,0,0,1,1920.0,1080.0,Nvidia
1043,Lenovo,Notebook,15.6,Full HD 1920x1080,Intel Core i5 6200U 2.3GHz,8,256GB SSD,Intel HD Graphics 520,Windows 10,2.3,196288.63488,2.3,256,0,0,0,1920.0,1080.0,Intel
1044,HP,Notebook,14.0,Full HD 1920x1080,Intel Core i5 6200U 2.3GHz,4,500GB HDD,Intel HD Graphics 520,Windows 10,1.54,187012.8,2.3,0,500,0,0,1920.0,1080.0,Intel
1045,HP,Notebook,15.6,Full HD 1920x1080,Intel Core i5 6300U 2.4GHz,8,256GB SSD +  500GB HDD,Intel HD Graphics 520,Windows 10,1.84,393351.50275199994,2.4,256,0,0,0,1920.0,1080.0,Intel
1046,HP,Notebook,14.0,Full HD 1920x1080,Intel Core i5 6200U 2.3GHz,8,256GB SSD,Intel HD Graphics 520,Windows 7,1.43,274721.80319999997,2.3,256,0,0,0,1920.0,1080.0,Intel
1047,MSI,Gaming,17.3,IPS Panel Full HD 1920x1080,Intel Core i7 6820HK 2.7GHz,16,256GB SSD +  1TB HDD,Nvidia GeForce GTX 980M,Windows 10,3.78,289054.464192,2.7,256000,0,0,1,1920.0,1080.0,Nvidia
1048,Lenovo,Gaming,17.3,IPS Panel Full HD 1920x1080,Intel Core i7 6700HQ 2.6GHz,16,128GB SSD +  1TB HDD,Nvidia GeForce GTX 980M,Windows 10,4.6,428257.44187199994,2.6,128000,0,0,1,1920.0,1080.0,Nvidia
1049,Asus,Netbook,11.6,1366x768,Intel Celeron Dual Core N3060 1.6GHz,4,16GB Flash Storage,Intel HD Graphics 400,Chrome OS,1.2,53840.98511999999,1.6,16,0,0,0,1366.0,768.0,Intel
1050,Lenovo,Notebook,14.0,IPS Panel 2560x1440,Intel Core i7 6600U 2.6GHz,16,256GB SSD,Intel HD Graphics 520,Windows 7,1.1,489973.53599999996,2.6,256,0,0,1,2560.0,1440.0,Intel
1051,HP,Notebook,15.6,IPS Panel Full HD 1920x1080,Intel Core i7 7500U 2.7GHz,8,1TB HDD,Nvidia GeForce 940MX,Windows 10,1.91,183085.5312,2.7,0,1000,0,1,1920.0,1080.0,Nvidia
1052,Dell,2 in 1 Convertible,15.6,IPS Panel Full HD / Touchscreen 1920x1080,Intel Core i5 7200U 2.7GHz,8,256GB SSD,Intel HD Graphics 620,Windows 10,2.3,204592.00319999998,2.7,256,0,1,1,1920.0,1080.0,Intel
1053,HP,Notebook,15.6,1366x768,Intel Core i5 7200U 2.5GHz,4,256GB SSD,Intel HD Graphics 620,Windows 10,2.04,183085.5312,2.5,256,0,0,0,1366.0,768.0,Intel
1054,Dell,Ultrabook,13.3,Quad HD+ / Touchscreen 3200x1800,Intel Core i7 7500U 2.7GHz,16,1TB SSD,Intel HD Graphics 620,Windows 10,1.2,421526.8512,2.7,1000,0,1,0,3200.0,1800.0,Intel
1055,HP,Notebook,15.6,1366x768,Intel Core i3 6100U 2.3GHz,4,500GB HDD,Intel HD Graphics 520,Windows 10,2.31,131872.07592,2.3,0,500,0,0,1366.0,768.0,Intel
1056,HP,Notebook,15.6,1366x768,Intel Core i5 7200U 2.5GHz,4,500GB HDD,Intel HD Graphics 620,No OS,1.96,93319.3872,2.5,0,500,0,0,1366.0,768.0,Intel
1057,Acer,Notebook,15.6,1366x768,AMD A8-Series 7410 2.2GHz,8,1TB HDD,AMD Radeon R5,Windows 10,2.4,83968.7472,2.2,0,1000,0,0,1366.0,768.0,AMD
1058,Dell,2 in 1 Convertible,13.3,IPS Panel Full HD / Touchscreen 1920x1080,Intel Core i7 7500U 2.7GHz,12,256GB SSD,Intel HD Graphics 620,Windows 10,1.6,242929.6272,2.7,256,0,1,1,1920.0,1080.0,Intel
1059,MSI,Gaming,15.6,Full HD 1920x1080,Intel Core i7 6700HQ 2.6GHz,16,256GB SSD +  1TB HDD,Nvidia GeForce GTX 1060,Windows 10,2.94,340176.2832,2.6,256000,0,0,0,1920.0,1080.0,Nvidia
1060,HP,Notebook,15.6,Full HD 1920x1080,Intel Core i7 7500U 2.7GHz,8,256GB SSD,Intel HD Graphics 620,Windows 10,2.04,200103.696,2.7,256,0,0,0,1920.0,1080.0,Intel
1061,Asus,Gaming,17.3,IPS Panel Full HD 1920x1080,Intel Core i7 6700HQ 2.6GHz,16,1TB HDD,Nvidia GeForce GTX 965M,No OS,4.0,186638.7744,2.6,0,1000,0,1,1920.0,1080.0,Nvidia
1062,Dell,Notebook,15.6,Full HD 1920x1080,Intel Core i5 7200U 2.5GHz,4,1TB HDD,Intel HD Graphics,Windows 10,2.25,104540.1552,2.5,0,1000,0,0,1920.0,1080.0,Intel
1063,Dell,Notebook,15.6,Full HD 1920x1080,Intel Core i7 7500U 2.7GHz,16,2TB HDD,AMD Radeon R7 M445,Windows 10,2.32,185140.801872,2.7,0,2000,0,0,1920.0,1080.0,AMD
1064,MSI,Gaming,15.6,Full HD 1920x1080,Intel Core i7 6700HQ 2.6GHz,16,256GB SSD +  1TB HDD,Nvidia GeForce GTX 1060,Windows 10,1.8,360747.69119999994,2.6,256000,0,0,0,1920.0,1080.0,Nvidia
1065,Dell,Ultrabook,13.3,Full HD 1920x1080,Intel Core i7 7500U 2.7GHz,8,256GB SSD,Intel HD Graphics 620,Windows 10,1.29,272664.6624,2.7,256,0,0,0,1920.0,1080.0,Intel
1066,Asus,Gaming,17.3,IPS Panel Full HD 1920x1080,Intel Core i7 6820HK 2.7GHz,64,1TB SSD,Nvidia GeForce GTX 980 ,Windows 10,3.58,743375.88,2.7,1000,0,0,1,1920.0,1080.0,Nvidia
1067,Dell,2 in 1 Convertible,13.3,Full HD / Touchscreen 1920x1080,Intel Core i7 6500U 2.5GHz,8,256GB SSD,Intel HD Graphics 520,Windows 10,1.62,149238.084528,2.5,256,0,1,0,1920.0,1080.0,Intel
1068,Dell,Gaming,15.6,4K Ultra HD 3840x2160,Intel Core i7 6700HQ 2.6GHz,16,256GB SSD +  1TB HDD,Nvidia GeForce GTX 970M,Windows 10,3.21,248540.01119999998,2.6,256000,0,0,0,3840.0,2160.0,Nvidia
1069,Apple,Ultrabook,12.0,IPS Panel Retina Display 2304x1440,Intel Core M 1.1GHz,8,256GB Flash Storage,Intel HD Graphics 515,Mac OS X,0.92,243116.63999999998,1.1,256,0,0,1,2304.0,1440.0,Intel
1070,Dell,Notebook,15.6,1366x768,Intel Core i3 6100U 2.3GHz,4,500GB HDD,Intel HD Graphics 520,Windows 10,2.06,90136.429344,2.3,0,500,0,0,1366.0,768.0,Intel
1071,HP,Notebook,15.6,1366x768,Intel Core i5 6200U 2.3GHz,4,500GB HDD,Intel HD Graphics 520,Windows 10,2.31,224228.3472,2.3,0,500,0,0,1366.0,768.0,Intel
1072,HP,Ultrabook,12.5,Full HD 1920x1080,Intel Core i5 6200U 2.3GHz,8,256GB SSD,Intel HD Graphics 520,Windows 7,1.26,224228.3472,2.3,256,0,0,0,1920.0,1080.0,Intel
1073,HP,Notebook,13.3,Full HD 1920x1080,Intel Core i7 7500U 2.7GHz,8,256GB SSD,Intel HD Graphics 620,Windows 10,1.49,203843.952,2.7,256,0,0,0,1920.0,1080.0,Intel
1074,Lenovo,Ultrabook,12.5,IPS Panel Full HD / Touchscreen 1920x1080,Intel Core i7 6500U 2.5GHz,8,256GB SSD,Intel HD Graphics 520,Windows 10,1.3,320444.562672,2.5,256,0,1,1,1920.0,1080.0,Intel
1075,Lenovo,Notebook,17.3,1600x900,Intel Core i5 6200U 2.3GHz,8,1.0TB HDD,AMD Radeon R5 M330,Windows 10,3.0,123241.43519999998,2.3,0,10000,0,0,1600.0,900.0,AMD
1076,Lenovo,Notebook,15.6,IPS Panel Full HD 1920x1080,Intel Core i5 6300HQ 2.3GHz,4,1TB HDD,Nvidia GeForce GTX 950M,Windows 10,2.3,182711.50559999997,2.3,0,1000,0,1,1920.0,1080.0,Nvidia
1077,MSI,Gaming,17.3,Full HD 1920x1080,Intel Core i7 7700HQ 2.8GHz,16,256GB SSD +  1TB HDD,Nvidia GeForce GTX 1070,Windows 10,3.78,467344.9872,2.8,256000,0,0,0,1920.0,1080.0,Nvidia
1078,Lenovo,Notebook,15.6,1366x768,Intel Core i5 6200U 2.3GHz,4,500GB HDD,Intel HD Graphics 520,Windows 10,2.1,100986.912,2.3,0,500,0,0,1366.0,768.0,Intel
1079,HP,Notebook,15.6,Full HD 1920x1080,Intel Core i5 6200U 2.3GHz,4,500GB HDD,Intel HD Graphics 520,Windows 7,2.31,175792.03199999998,2.3,0,500,0,0,1920.0,1080.0,Intel
1080,Lenovo,Ultrabook,12.5,IPS Panel Touchscreen 2560x1440,Intel Core M 6Y75 1.2GHz,8,512GB SSD,Intel HD Graphics 515,Windows 10,0.99,261630.9072,1.2,512,0,1,1,2560.0,1440.0,Intel
1081,Lenovo,Gaming,17.3,IPS Panel Full HD 1920x1080,Intel Core i7 6820HK 2.7GHz,32,512GB SSD +  1.0TB Hybrid,Nvidia GeForce GTX 980M,Windows 10,4.6,605921.472,2.7,512000,0,0,1,1920.0,1080.0,Nvidia
1082,Lenovo,2 in 1 Convertible,10.1,IPS Panel Touchscreen 1920x1200,Intel Atom x5-Z8550 1.44GHz,4,64GB Flash Storage,Intel HD Graphics 400,Windows 10,0.69,120860.76225599999,1.44,64,0,1,1,1920.0,1200.0,Intel
1083,HP,Ultrabook,13.3,IPS Panel 4K Ultra HD 3840x2160,Intel Core i7 7500U 2.7GHz,16,512GB SSD,Intel HD Graphics 620,Windows 10,1.3,383189.22719999996,2.7,512,0,0,1,3840.0,2160.0,Intel
1084,Dell,Notebook,15.6,Full HD 1920x1080,Intel Core i5 7200U 2.5GHz,8,256GB SSD,Intel HD Graphics 620,Windows 10,2.18,140259.6,2.5,256,0,0,0,1920.0,1080.0,Intel
1085,HP,Notebook,14.0,Full HD 1920x1080,Intel Core i5 6200U 2.3GHz,4,500GB HDD,Intel HD Graphics 520,Windows 7,1.54,192808.32667199997,2.3,0,500,0,0,1920.0,1080.0,Intel
1086,HP,Workstation,15.6,Full HD 1920x1080,Intel Core i7 6500U 2.5GHz,8,256GB SSD,AMD FirePro W4190M,Windows 7,1.9,279584.13599999994,2.5,256,0,0,0,1920.0,1080.0,AMD
1087,Lenovo,Notebook,14.0,Full HD 1920x1080,Intel Core i5 6200U 2.3GHz,8,180GB SSD,Intel HD Graphics 520,Windows 7,1.7,224228.3472,2.3,180,0,0,0,1920.0,1080.0,Intel
1088,HP,Notebook,13.3,Quad HD+ 3200x1800,Intel Pentium Dual Core 4405Y 1.5GHz,4,32GB Flash Storage,Intel HD Graphics 515,Chrome OS,1.29,115012.87199999999,1.5,32,0,0,0,3200.0,1800.0,Intel
1089,Acer,Notebook,15.6,1366x768,AMD A8-Series 7410 2.2GHz,4,500GB HDD,AMD Radeon R5,Windows 10,2.4,72373.9536,2.2,0,500,0,0,1366.0,768.0,AMD
1090,Dell,Notebook,15.6,1366x768,Intel Pentium Quad Core N3700 1.6GHz,4,500GB HDD,Intel HD Graphics,Linux,2.2,73587.66667199999,1.6,0,500,0,0,1366.0,768.0,Intel
1091,HP,Notebook,15.6,1366x768,Intel Core i3 6006U 2GHz,4,1TB HDD,Intel HD Graphics 520,No OS,1.86,64704.558672,2.0,0,1000,0,0,1366.0,768.0,Intel
1092,Asus,Gaming,17.3,IPS Panel Full HD 1920x1080,Intel Core i7 7700HQ 2.8GHz,8,256GB SSD +  1TB HDD,Nvidia GeForce GTX 1060,Windows 10,2.7,299033.4672,2.8,256000,0,0,1,1920.0,1080.0,Nvidia
1093,Dell,Ultrabook,13.3,IPS Panel Full HD 1920x1080,Intel Core i5 8250U 1.6GHz,4,256GB SSD,AMD Radeon 530,Windows 10,1.4,153041.92488,1.6,256,0,0,1,1920.0,1080.0,AMD
1094,HP,Netbook,12.5,1366x768,Intel Core i5 6200U 2.3GHz,4,128GB SSD,Intel HD Graphics 520,Windows 7,2.4,299033.4672,2.3,128,0,0,0,1366.0,768.0,Intel
1095,Acer,Notebook,15.6,Full HD 1920x1080,Intel Core i5 7200U 2.5GHz,8,256GB SSD +  1TB HDD,Nvidia GeForce GTX 950M,Windows 10,2.4,149423.2272,2.5,256000,0,0,0,1920.0,1080.0,Nvidia
1096,Dell,Notebook,15.6,Full HD 1920x1080,Intel Core i5 7200U 2.5GHz,8,1TB HDD,AMD Radeon R7 M445,Windows 10,2.36,119463.77664,2.5,0,1000,0,0,1920.0,1080.0,AMD
1097,MSI,Gaming,17.3,Full HD 1920x1080,Intel Core i7 6700HQ 2.6GHz,8,256GB SSD,Nvidia GeForce GTX 965M,Windows 10,2.6,299033.4672,2.6,256,0,0,0,1920.0,1080.0,Nvidia
1098,HP,Notebook,15.6,1366x768,Intel Pentium Quad Core N3710 1.6GHz,4,1TB HDD,Intel HD Graphics 405,Windows 10,1.96,93506.4,1.6,0,1000,0,0,1366.0,768.0,Intel
1099,Asus,Gaming,17.3,IPS Panel Full HD 1920x1080,Intel Core i7 6700HQ 2.6GHz,16,128GB SSD +  1TB HDD,Nvidia GeForce GTX 980M,Windows 10,4.3,429942.4272,2.6,128000,0,0,1,1920.0,1080.0,Nvidia
1100,Dell,Ultrabook,12.5,1366x768,Intel Core i3 6100U 2.3GHz,4,500GB HDD,Intel HD Graphics 520,Windows 7,1.5,212287.57992,2.3,0,500,0,0,1366.0,768.0,Intel
1101,Dell,Ultrabook,12.5,1366x768,Intel Core i3 6100U 2.3GHz,4,128GB SSD,Intel HD Graphics 520,Windows 7,1.5,218238.32721599998,2.3,128,0,0,0,1366.0,768.0,Intel
1102,Acer,Notebook,15.6,1366x768,Intel Celeron Dual Core 3205U 1.5GHz,4,16GB SSD,Intel HD Graphics,Chrome OS,2.2,39085.6752,1.5,16,0,0,0,1366.0,768.0,Intel
1103,HP,Workstation,17.3,IPS Panel Full HD 1920x1080,Intel Core i7 6700HQ 2.6GHz,8,1TB HDD,AMD FirePro W6150M,Windows 7,3.0,542150.1072,2.6,0,1000,0,1,1920.0,1080.0,AMD
1104,Lenovo,Gaming,15.6,Full HD 1920x1080,Intel Core i7 7700HQ 2.8GHz,16,512GB SSD,Nvidia GeForce GTX 1050 Ti,Windows 10,2.4,224228.3472,2.8,512,0,0,0,1920.0,1080.0,Nvidia
1105,Dell,Ultrabook,12.5,1366x768,Intel Core i5 6200U 2.3GHz,8,256GB SSD,Intel HD Graphics 520,Windows 7,1.5,264267.78767999995,2.3,256,0,0,0,1366.0,768.0,Intel
1106,MSI,Gaming,17.3,Full HD 1920x1080,Intel Core i7 6700HQ 2.6GHz,8,128GB SSD +  1TB HDD,Nvidia GeForce GTX 960M,Windows 10,2.9,282611.8732319999,2.6,128000,0,0,0,1920.0,1080.0,Nvidia
1107,Lenovo,2 in 1 Convertible,15.6,IPS Panel Full HD / Touchscreen 1920x1080,Intel Core i5 6200U 2.3GHz,4,256GB SSD,Intel HD Graphics 520,Windows 10,2.1,162140.0976,2.3,256,0,1,1,1920.0,1080.0,Intel
1108,HP,Notebook,15.6,Full HD 1920x1080,AMD A6-Series 9220 2.5GHz,4,1TB HDD,AMD Radeon R4,Windows 10,2.1,74431.09439999999,2.5,0,1000,0,0,1920.0,1080.0,AMD
1109,Asus,Gaming,15.6,IPS Panel Full HD 1920x1080,Intel Core i7 6700HQ 2.6GHz,16,128GB SSD +  1TB HDD,Nvidia GeForce GTX 960M,Windows 10,2.59,250410.13919999998,2.6,128000,0,0,1,1920.0,1080.0,Nvidia
1110,HP,Notebook,13.3,Quad HD+ / Touchscreen 3200x1800,Intel Core M 6Y54 1.1GHz,8,256GB SSD,Intel HD Graphics 515,Windows 10,1.16,317734.7472,1.1,256,0,1,0,3200.0,1800.0,Intel
1111,Dell,Notebook,15.6,1366x768,Intel Core i5 6200U 2.3GHz,4,500GB HDD,AMD Radeon R5 M315,Windows 7,2.24,143840.89511999997,2.3,0,500,0,0,1366.0,768.0,AMD
1112,Lenovo,Notebook,15.6,1366x768,Intel Core i3 6006U 2.0GHz,4,128GB SSD,Intel HD Graphics 520,Windows 10,2.1,80228.49119999999,2.0,128,0,0,0,1366.0,768.0,Intel
1113,HP,Ultrabook,13.3,Full HD 1920x1080,Intel Core i7 6500U 2.5GHz,8,512GB SSD,Intel HD Graphics 520,Windows 10,1.16,368228.2032,2.5,512,0,0,0,1920.0,1080.0,Intel
1114,Lenovo,2 in 1 Convertible,10.1,IPS Panel Touchscreen 1920x1200,Intel Atom x5-Z8550 1.44GHz,4,64GB Flash Storage,Intel HD Graphics 400,Android,0.69,102670.0272,1.44,64,0,1,1,1920.0,1200.0,Intel
1115,Dell,Ultrabook,13.3,Full HD 1920x1080,Intel Core i7 7560U 2.4GHz,8,256GB SSD,Intel Iris Plus Graphics 640,Windows 10,1.23,257890.65119999996,2.4,256,0,0,0,1920.0,1080.0,Intel
1116,Lenovo,Gaming,17.3,IPS Panel Full HD 1920x1080,Intel Core i7 6820HK 2.7GHz,16,256GB SSD +  1.0TB Hybrid,Nvidia GeForce GTX 980M,Windows 10,4.6,514283.3298719999,2.7,256000,0,0,1,1920.0,1080.0,Nvidia
1117,Razer,Ultrabook,12.5,Touchscreen / 4K Ultra HD 3840x2160,Intel Core i7 6500U 2.5GHz,8,256GB SSD,Intel HD Graphics 520,Windows 10,1.25,192436.1712,2.5,256,0,1,0,3840.0,2160.0,Intel
1118,Toshiba,Ultrabook,13.3,Full HD 1920x1080,Intel Core i7 7500U 2.7GHz,16,512GB SSD,Intel HD Graphics 620,Windows 10,1.05,416290.49279999995,2.7,512,0,0,0,1920.0,1080.0,Intel
1119,Asus,Gaming,17.3,Full HD 1920x1080,Intel Core i7 6700HQ 2.6GHz,8,128GB SSD +  1TB HDD,Nvidia GeForce GTX 960M,Windows 10,3.52,245452.42987199998,2.6,128000,0,0,0,1920.0,1080.0,Nvidia
1120,Vero,Notebook,13.3,Full HD 1920x1080,Intel Atom X5-Z8350 1.44GHz,4,32GB Flash Storage,Intel HD Graphics 400,Windows 10,1.35,36654.508799999996,1.44,32,0,0,0,1920.0,1080.0,Intel
1121,HP,Notebook,13.3,Full HD 1920x1080,Intel Core i5 6200U 2.3GHz,8,256GB SSD,Intel HD Graphics 520,Windows 10,1.16,316051.632,2.3,256,0,0,0,1920.0,1080.0,Intel
1122,HP,Notebook,14.0,Full HD 1920x1080,Intel Core i5 6200U 2.3GHz,8,256GB SSD,Intel HD Graphics 520,Windows 7,1.43,282950.3664,2.3,256,0,0,0,1920.0,1080.0,Intel
1123,Dell,Notebook,15.6,1366x768,Intel Core i5 6200U 2.3GHz,4,500GB HDD,Intel HD Graphics 520,Linux,2.09,97925.51246399998,2.3,0,500,0,0,1366.0,768.0,Intel
1124,Asus,Notebook,15.6,1366x768,Intel Core i3 7100U 2.4GHz,4,1TB HDD,Intel HD Graphics 620,Windows 10,2.0,81350.568,2.4,0,1000,0,0,1366.0,768.0,Intel
1125,Lenovo,2 in 1 Convertible,14.0,IPS Panel Full HD / Touchscreen 1920x1080,Intel Core i7 6500U 2.5GHz,8,256GB SSD,Intel HD Graphics 520,Windows 10,1.8,312124.36319999996,2.5,256,0,1,1,1920.0,1080.0,Intel
1126,Lenovo,2 in 1 Convertible,10.1,IPS Panel Touchscreen 1920x1200,Intel Atom x5-Z8550 1.44GHz,4,64GB Flash Storage,Intel HD Graphics 400,Windows 10,0.69,89579.13119999999,1.44,64,0,1,1,1920.0,1200.0,Intel
1127,HP,Ultrabook,12.5,1366x768,Intel Core i5 6300U 2.4GHz,8,256GB SSD,Intel HD Graphics 520,Windows 7,1.26,354389.256,2.4,256,0,0,0,1366.0,768.0,Intel
1128,Lenovo,Gaming,15.6,IPS Panel Full HD 1920x1080,Intel Core i5 7300HQ 2.5GHz,8,128GB SSD +  1TB HDD,Nvidia GeForce GTX 1060,No OS,2.4,184955.6592,2.5,128000,0,0,1,1920.0,1080.0,Nvidia
1129,HP,Gaming,17.3,IPS Panel Full HD 1920x1080,Intel Core i5 6300HQ 2.3GHz,8,128GB SSD +  1TB HDD,Nvidia GeForce GTX 1060,Windows 10,3.35,211137.4512,2.3,128000,0,0,1,1920.0,1080.0,Nvidia
1130,HP,Notebook,15.6,1366x768,Intel Core i7 7500U 2.7GHz,8,2TB HDD,Intel HD Graphics 620,Windows 10,2.04,117631.05119999997,2.7,0,2000,0,0,1366.0,768.0,Intel
1131,Lenovo,2 in 1 Convertible,14.0,IPS Panel Full HD / Touchscreen 1920x1080,Intel Core i7 6600U 2.6GHz,8,512GB SSD,Nvidia Quadro M500M,Windows 7,1.8,383447.304864,2.6,512,0,1,1,1920.0,1080.0,Nvidia
1132,Asus,Notebook,14.0,1366x768,Intel Celeron Dual Core N3350 1.1GHz,4,32GB Flash Storage,Intel HD Graphics 500,Windows 10,1.5,51989.558399999994,1.1,32,0,0,0,1366.0,768.0,Intel
1133,HP,Ultrabook,15.6,Full HD 1920x1080,Intel Core i7 7500U 2.7GHz,8,256GB SSD,Intel HD Graphics 620,Windows 10,1.84,140633.62559999997,2.7,256,0,0,0,1920.0,1080.0,Intel
1134,Acer,Notebook,15.6,Full HD 1920x1080,Intel Core i5 7200U 2.5GHz,4,1TB HDD,Nvidia GeForce 940MX,Windows 10,2.23,115199.8848,2.5,0,1000,0,0,1920.0,1080.0,Nvidia
1135,Lenovo,Notebook,15.6,Full HD 1920x1080,Intel Core i7 6500U 2.5GHz,16,1.0TB Hybrid,AMD Radeon R7 M360,Windows 10,2.5,205527.0672,2.5,0,0,0,0,1920.0,1080.0,AMD
1136,HP,Workstation,17.3,IPS Panel Full HD 1920x1080,Intel Core i7 6700HQ 2.6GHz,8,256GB SSD,Nvidia Quadro M3000M,Windows 7,3.0,738588.35232,2.6,256,0,0,1,1920.0,1080.0,Nvidia
1137,Dell,Notebook,15.6,1366x768,Intel Core i5 7200U 2.5GHz,8,1TB HDD,AMD Radeon R7 M445,Windows 10,2.5,146618.03519999998,2.5,0,1000,0,0,1366.0,768.0,AMD
1138,MSI,Gaming,17.3,Full HD 1920x1080,Intel Core i7 6820HQ 2.7GHz,16,256GB SSD +  1TB HDD,Nvidia GeForce GTX 980M,Windows 10,3.78,448643.7072,2.7,256000,0,0,0,1920.0,1080.0,Nvidia
1139,HP,Ultrabook,15.6,Full HD 1920x1080,Intel Core i7 6500U 2.5GHz,8,256GB SSD,Intel HD Graphics 520,Windows 7,1.88,406139.438016,2.5,256,0,0,0,1920.0,1080.0,Intel
1140,Lenovo,2 in 1 Convertible,14.0,IPS Panel Touchscreen 2560x1440,Intel Core i7 6600U 2.6GHz,16,512GB SSD,Intel HD Graphics 520,Windows 10,2.8,456311.23199999996,2.6,512,0,1,1,2560.0,1440.0,Intel
1141,MSI,Gaming,15.6,Full HD 1920x1080,Intel Core i7 7700HQ 2.8GHz,8,128GB SSD +  1TB HDD,Nvidia GeForce GTX 1050,Windows 10,2.4,213718.22783999998,2.8,128000,0,0,0,1920.0,1080.0,Nvidia
1142,HP,2 in 1 Convertible,13.3,Full HD / Touchscreen 1920x1080,Intel Core i5 6300U 2.4GHz,8,256GB SSD,Intel HD Graphics 520,Windows 10,1.48,304643.8512,2.4,256,0,1,0,1920.0,1080.0,Intel
1143,HP,Workstation,15.6,IPS Panel Full HD 1920x1080,Intel Core i7 6700HQ 2.6GHz,8,256GB SSD,Nvidia Quadro M1000M,Windows 7,2.59,416851.53119999997,2.6,256,0,0,1,1920.0,1080.0,Nvidia
1144,HP,2 in 1 Convertible,13.3,Touchscreen 2560x1440,Intel Core i7 6600U 2.6GHz,8,256GB SSD,Intel HD Graphics 520,Windows 10,1.48,336436.0272,2.6,256,0,1,0,2560.0,1440.0,Intel
1145,HP,Workstation,15.6,Full HD 1920x1080,Intel Core i7 6700HQ 2.6GHz,8,256GB SSD,Nvidia Quadro M1000M,Windows 7,2.0,355137.3072,2.6,256,0,0,0,1920.0,1080.0,Nvidia
1146,HP,Ultrabook,12.5,Full HD 1920x1080,Intel Core i7 6500U 2.50GHz,8,256GB SSD,Intel HD Graphics 520,Windows 7,1.26,429559.0509599999,2.5,256,0,0,0,1920.0,1080.0,Intel
1147,Dell,Notebook,15.6,Full HD 1920x1080,Intel Core i7 7500U 2.7GHz,8,256GB SSD,Nvidia GeForce 940MX,Windows 10,2.18,188864.22672,2.7,256,0,0,0,1920.0,1080.0,Nvidia
1148,HP,Notebook,15.6,Full HD 1920x1080,Intel Core i5 6200U 2.3GHz,8,256GB SSD,Intel HD Graphics 520,Windows 7,1.88,295293.21119999996,2.3,256,0,0,0,1920.0,1080.0,Intel
1149,Lenovo,2 in 1 Convertible,14.0,IPS Panel Touchscreen 2560x1440,Intel Core i7 6500U 2.5GHz,8,256GB SSD,Intel HD Graphics 520,Windows 10,1.27,437422.93919999996,2.5,256,0,1,1,2560.0,1440.0,Intel
1150,Lenovo,Notebook,15.6,1366x768,Intel Core i3 6006U 2.0GHz,4,1TB HDD,Intel HD Graphics 520,No OS,1.9,63397.33919999999,2.0,0,1000,0,0,1366.0,768.0,Intel
1151,HP,Notebook,15.6,1366x768,AMD E-Series 7110 1.8GHz,4,500GB HDD,AMD Radeon R2 Graphics,Windows 10,1.86,55542.8016,1.8,0,500,0,0,1366.0,768.0,AMD
1152,Lenovo,Notebook,15.6,Full HD 1920x1080,Intel Core i5 6200U 2.3GHz,8,1TB HDD,AMD Radeon R5 M330,No OS,2.32,112020.6672,2.3,0,1000,0,0,1920.0,1080.0,AMD
1153,Dell,Gaming,15.6,Full HD 1920x1080,Intel Core i7 7700HQ 2.8GHz,8,1TB HDD,Nvidia GeForce GTX 1050Ti,Windows 10,2.62,224228.3472,2.8,0,1000,0,0,1920.0,1080.0,Nvidia
1154,Dell,Notebook,15.6,IPS Panel Touchscreen / 4K Ultra HD 3840x2160,Intel Core i5 6300HQ 2.3GHz,8,256GB SSD,Nvidia GeForce 960M,Windows 10,2.04,420905.968704,2.3,256,0,1,1,3840.0,2160.0,Nvidia
1155,HP,Notebook,15.6,Full HD 1920x1080,AMD A6-Series A6-9220 2.5GHz,4,256GB SSD,AMD Radeon 520,Windows 10,1.91,89558.559792,2.5,256,0,0,0,1920.0,1080.0,AMD
1156,MSI,Gaming,17.3,Full HD 1920x1080,Intel Core i7 7700HQ 2.8GHz,16,256GB SSD +  1TB HDD,Nvidia GeForce GTX 1050 Ti,Windows 10,2.7,279172.70783999993,2.8,256000,0,0,0,1920.0,1080.0,Nvidia
1157,Lenovo,Ultrabook,14.0,Full HD 1920x1080,Intel Core i7 6600U 2.6GHz,12,512GB SSD,Intel HD Graphics 520,Windows 7,1.4,429942.4272,2.6,512,0,0,0,1920.0,1080.0,Intel
1158,Lenovo,Notebook,15.6,Full HD 1920x1080,Intel Core i5 6200U 2.3GHz,8,1.0TB Hybrid,AMD Radeon R5 M330,Windows 10,2.5,147457.72267199997,2.3,0,0,0,0,1920.0,1080.0,AMD
1159,HP,2 in 1 Convertible,13.3,Touchscreen 2560x1440,Intel Core i7 6600U 2.6GHz,8,512GB SSD,Intel HD Graphics 520,Windows 10,1.48,381693.1248,2.6,512,0,1,0,2560.0,1440.0,Intel
1160,Lenovo,Ultrabook,14.0,Full HD 1920x1080,Intel Core i7 6600U 2.6GHz,8,256GB SSD,Intel HD Graphics 520,Windows 7,1.7,280332.1872,2.6,256,0,0,0,1920.0,1080.0,Intel
1161,MSI,Gaming,14.0,Full HD 1920x1080,Intel Core i7 6700HQ 2.6GHz,16,256GB SSD +  1TB HDD,Nvidia GeForce GTX 970M,Windows 10,1.7,330825.6432,2.6,256000,0,0,0,1920.0,1080.0,Nvidia
1162,HP,Gaming,15.6,IPS Panel Full HD 1920x1080,Intel Core i7 7700HQ 2.8GHz,8,1TB HDD,Nvidia GeForce GTX 1050,Windows 10,2.62,168124.5072,2.8,0,1000,0,1,1920.0,1080.0,Nvidia
1163,Lenovo,Notebook,15.6,1366x768,Intel Core i3 6006U 2.0GHz,8,1TB HDD,Intel HD Graphics 520,Windows 10,2.2,85838.8752,2.0,0,1000,0,0,1366.0,768.0,Intel
1164,HP,Notebook,15.6,1366x768,Intel Core i5 6200U 2.3GHz,4,500GB HDD,Intel HD Graphics 520,No OS,2.1,89203.235472,2.3,0,500,0,0,1366.0,768.0,Intel
1165,Dell,Gaming,15.6,4K Ultra HD 3840x2160,Intel Core i7 7700HQ 2.8GHz,8,128GB SSD +  1TB HDD,Nvidia GeForce GTX 1050 Ti,Windows 10,2.62,280145.1744,2.8,128000,0,0,0,3840.0,2160.0,Nvidia
1166,Lenovo,Notebook,15.6,IPS Panel Full HD 1920x1080,Intel Core i5 7200U 2.5GHz,8,256GB SSD,Intel HD Graphics 620,Windows 10,1.95,259947.792,2.5,256,0,0,1,1920.0,1080.0,Intel
1167,Lenovo,Notebook,15.6,Full HD 1920x1080,Intel Core i3 6006U 2GHz,4,1TB HDD,Nvidia GeForce 920MX ,Windows 10,2.2,87521.9904,2.0,0,1000,0,0,1920.0,1080.0,Nvidia
1168,HP,Notebook,14.0,1366x768,Intel Celeron Dual Core N3060 1.6GHz,2,32GB Flash Storage,Intel HD Graphics 400,Windows 10,1.44,46566.18719999999,1.6,32,0,0,0,1366.0,768.0,Intel
1169,MSI,Gaming,15.6,IPS Panel Full HD 1920x1080,Intel Core i7 7500U 2.7GHz,8,1TB HDD,Nvidia GeForce GTX 1050,Windows 10,2.2,156903.73919999998,2.7,0,1000,0,1,1920.0,1080.0,Nvidia
1170,HP,Notebook,15.6,Full HD 1920x1080,Intel Core i7 6500U 2.5GHz,8,256GB SSD,Intel HD Graphics 520,Windows 10,1.96,126981.6912,2.5,256,0,0,0,1920.0,1080.0,Intel
1171,HP,Notebook,15.6,Full HD 1920x1080,Intel Core i7 8550U 1.8GHz,16,512GB SSD,Intel UHD Graphics 620,Windows 10,2.1,216747.83519999997,1.8,512,0,0,0,1920.0,1080.0,Intel
1172,Asus,Notebook,15.6,1366x768,Intel Celeron Dual Core N3050 1.6GHz,4,500GB HDD,Intel HD Graphics,Windows 10,2.2,69007.7232,1.6,0,500,0,0,1366.0,768.0,Intel
1173,Lenovo,Notebook,15.6,1366x768,Intel Core i5 6200U 2.3GHz,4,500GB HDD,Intel HD Graphics 520,No OS,2.1,74431.09439999999,2.3,0,500,0,0,1366.0,768.0,Intel
1174,Lenovo,Notebook,15.6,Full HD 1920x1080,Intel Core i7 7500U 2.7GHz,8,1TB HDD,Nvidia GeForce 940MX,No OS,2.2,132592.0752,2.7,0,1000,0,0,1920.0,1080.0,Nvidia
1175,Asus,Notebook,14.0,Full HD 1920x1080,Intel Core i3 7100U 2.4GHz,4,256GB SSD,Intel HD Graphics 620,Windows 10,2.0,143812.8432,2.4,256,0,0,0,1920.0,1080.0,Intel
1176,Lenovo,Notebook,15.6,Full HD 1920x1080,Intel Core i7 6500U 2.5GHz,4,1.0TB Hybrid,Intel HD Graphics 520,Windows 7,2.32,154285.56,2.5,0,0,0,0,1920.0,1080.0,Intel
1177,Lenovo,Gaming,15.6,IPS Panel Full HD 1920x1080,Intel Core i7 6700HQ 2.6GHz,16,512GB SSD,Nvidia GeForce GTX 960,Windows 10,3.31,244051.70399999997,2.6,512,0,0,1,1920.0,1080.0,Nvidia
1178,MSI,Gaming,15.6,Full HD 1920x1080,Intel Core i7 6700HQ 2.6GHz,16,128GB SSD +  1TB HDD,Nvidia GeForce GTX 970M,Windows 10,1.91,402707.75313599996,2.6,128000,0,0,0,1920.0,1080.0,Nvidia
1179,HP,Notebook,15.6,1366x768,Intel Core i3 6100U 2.3GHz,4,500GB HDD,Intel HD Graphics 520,Windows 10,2.07,121558.31999999999,2.3,0,500,0,0,1366.0,768.0,Intel
1180,Lenovo,2 in 1 Convertible,14.0,IPS Panel Touchscreen 2560x1440,Intel Core i5 6200U 2.3GHz,8,256GB SSD,Intel HD Graphics 520,Windows 10,1.36,306139.9536,2.3,256,0,1,1,2560.0,1440.0,Intel
1181,Lenovo,Ultrabook,15.6,Full HD 1920x1080,Intel Core i7 7500U 2.7GHz,6,256GB SSD,Nvidia GeForce 920M,Windows 10,1.54,155407.63679999998,2.7,256,0,0,0,1920.0,1080.0,Nvidia
1182,Dell,Notebook,15.6,Full HD 1920x1080,Intel Core i7 7500U 2.7GHz,8,256GB SSD,Nvidia GeForce GT 940MX,Linux,1.98,167378.326128,2.7,256,0,0,0,1920.0,1080.0,Nvidia
1183,Acer,Notebook,15.6,1366x768,Intel Celeron Dual Core N3350 2GHz,4,500GB HDD,Intel HD Graphics 500,Windows 10,2.1,62275.26239999999,2.0,0,500,0,0,1366.0,768.0,Intel
1184,HP,Notebook,15.6,IPS Panel Full HD 1920x1080,Intel Core i7 6700HQ 2.6GHz,6,1TB HDD,Nvidia GeForce GTX 960M,Windows 10,2.18,149423.2272,2.6,0,1000,0,1,1920.0,1080.0,Nvidia
1185,Asus,Gaming,15.6,IPS Panel Full HD 1920x1080,Intel Core i7 6700HQ 2.6GHz,8,256GB SSD +  1TB HDD,Nvidia GeForce GTX 960M,Windows 10,2.591,169994.6352,2.6,256000,0,0,1,1920.0,1080.0,Nvidia
1186,Dell,2 in 1 Convertible,15.6,Full HD / Touchscreen 1920x1080,Intel Core i7 7500U 2.7GHz,16,512GB SSD,Intel HD Graphics 620,Windows 10,2.09,220488.0912,2.7,512,0,1,0,1920.0,1080.0,Intel
1187,Acer,Notebook,15.6,Full HD 1920x1080,Intel Core i5 7200U 2.5GHz,4,256GB SSD,Nvidia GeForce 940MX,Windows 10,2.23,129225.8448,2.5,256,0,0,0,1920.0,1080.0,Nvidia
1188,Dell,Ultrabook,13.3,Quad HD+ / Touchscreen 3200x1800,Intel Core i5 6300U 2.4GHz,8,256GB SSD,Intel HD Graphics 520,Linux,1.23,205527.0672,2.4,256,0,1,0,3200.0,1800.0,Intel
1189,Acer,Gaming,17.3,IPS Panel Full HD 1920x1080,Intel Core i7 7700HQ 2.8GHz,16,256GB SSD +  1TB HDD,Nvidia GeForce GTX 1070,Windows 10,4.2,486046.2672,2.8,256000,0,0,1,1920.0,1080.0,Nvidia
1190,Lenovo,Gaming,15.6,IPS Panel Full HD 1920x1080,Intel Core i5 7300HQ 2.5GHz,8,1TB HDD,Nvidia GeForce GTX 1050,Windows 10,2.4,153163.4832,2.5,0,1000,0,1,1920.0,1080.0,Nvidia
1191,Samsung,2 in 1 Convertible,12.3,IPS Panel Touchscreen 2400x1600,Samsung Cortex A72&A53 2.0GHz,4,32GB Flash Storage,ARM Mali T860 MP4,Chrome OS,1.15,123241.43519999998,2.0,32,0,1,1,2400.0,1600.0,ARM
1192,HP,Notebook,15.6,1366x768,Intel Core i5 7200U 2.5GHz,4,500GB HDD,Intel HD Graphics 620,Windows 10,1.86,90701.208,2.5,0,500,0,0,1366.0,768.0,Intel
1193,Apple,Ultrabook,12.0,IPS Panel Retina Display 2304x1440,Intel Core M 1.1GHz,8,256GB Flash Storage,Intel HD Graphics 5300,Mac OS X,0.92,217495.8864,1.1,256,0,0,1,2304.0,1440.0,Intel
1194,Dell,2 in 1 Convertible,13.3,IPS Panel Full HD / Touchscreen 1920x1080,Intel Core i5 7200U 2.5GHz,8,256GB SSD,Intel HD Graphics 620,Windows 10,1.6,224228.3472,2.5,256,0,1,1,1920.0,1080.0,Intel
1195,HP,Notebook,15.6,IPS Panel Full HD 1920x1080,Intel Core i7 7700HQ 2.8GHz,12,128GB SSD +  1TB HDD,Nvidia GeForce GTX 1050,Windows 10,2.21,248165.98559999999,2.8,128000,0,0,1,1920.0,1080.0,Nvidia
1196,Lenovo,Notebook,15.6,1366x768,Intel Core i3 6006U 2GHz,4,1TB HDD,AMD Radeon R5 M430,No OS,1.9,68820.7104,2.0,0,1000,0,0,1366.0,768.0,AMD
1197,Asus,Gaming,17.3,IPS Panel Full HD 1920x1080,Intel Core i7 6700HQ 2.6GHz,16,512GB SSD +  1TB HDD,Nvidia GeForce GTX 980M,Windows 10,4.3,402077.51999999996,2.6,512000,0,0,1,1920.0,1080.0,Nvidia
1198,Acer,Notebook,15.6,1366x768,Intel Celeron Dual Core N3350 2GHz,4,1TB HDD,Intel HD Graphics 500,Linux,2.1,50867.4816,2.0,0,1000,0,0,1366.0,768.0,Intel
1199,MSI,Gaming,17.3,Full HD 1920x1080,Intel Core i7 7700HQ 2.8GHz,16,256GB SSD +  1TB HDD,Nvidia GeForce GTX 1060,Windows 10,2.43,383170.52592,2.8,256000,0,0,0,1920.0,1080.0,Nvidia
1200,Dell,Notebook,15.6,1366x768,Intel Core i3 6006U 2.0GHz,4,128GB SSD,AMD Radeon R7 M440,Windows 10,2.3,93319.3872,2.0,128,0,0,0,1366.0,768.0,AMD
1201,Lenovo,Notebook,15.6,1366x768,Intel Core i7 6500U 2.5GHz,8,500GB HDD,Nvidia GeForce 920MX,No OS,2.2,117631.05119999997,2.5,0,500,0,0,1366.0,768.0,Nvidia
1202,Dell,2 in 1 Convertible,15.6,Full HD / Touchscreen 1920x1080,Intel Core i7 8550U 1.8GHz,16,512GB SSD,Intel UHD Graphics 620,Windows 10,2.0,240311.448,1.8,512,0,1,0,1920.0,1080.0,Intel
1203,Dell,Ultrabook,13.3,Quad HD+ / Touchscreen 3200x1800,Intel Core i7 7500U 2.7GHz,16,512GB SSD,Intel HD Graphics 620,Windows 10,1.2,501194.30399999995,2.7,512,0,1,0,3200.0,1800.0,Intel
1204,Asus,Gaming,15.6,Full HD 1920x1080,Intel Core i7 6700HQ 2.6GHz,8,1TB HDD,Nvidia GeForce GTX 1060,Windows 10,2.2,218617.9632,2.6,0,1000,0,0,1920.0,1080.0,Nvidia
1205,Dell,Notebook,15.6,Full HD 1920x1080,Intel Core i5 7200U 2.5GHz,8,256GB SSD,AMD Radeon R7 M445,Windows 10,2.36,166254.3792,2.5,256,0,0,0,1920.0,1080.0,AMD
1206,HP,Notebook,15.6,1366x768,Intel Core i5 7200U 2.5GHz,8,256GB SSD,Intel HD Graphics 620,Windows 10,1.91,108280.41119999999,2.5,256,0,0,0,1366.0,768.0,Intel
1207,Lenovo,Notebook,15.6,1366x768,AMD E-Series 9000 2.2GHz,4,500GB HDD,AMD Radeon R2 Graphics,Windows 10,2.2,55916.82719999999,2.2,0,500,0,0,1366.0,768.0,AMD
1208,Acer,Notebook,17.3,1600x900,Intel Core i3 6006U 2.0GHz,8,1TB HDD,Nvidia GeForce 940MX,Windows 10,3.3,117631.05119999997,2.0,0,1000,0,0,1600.0,900.0,Nvidia
1209,Asus,Gaming,15.6,Full HD 1920x1080,Intel Core i7 7700HQ 2.8GHz,16,256GB SSD +  1TB HDD,Nvidia GeForce GTX 1070,Windows 10,2.2,457994.34719999996,2.8,256000,0,0,0,1920.0,1080.0,Nvidia
1210,Apple,Ultrabook,12.0,IPS Panel Retina Display 2304x1440,Intel Core M 1.2GHz,8,512GB Flash Storage,Intel HD Graphics 515,Mac OS X,0.92,239189.37119999997,1.2,512,0,0,1,2304.0,1440.0,Intel
1211,Asus,Notebook,15.6,Full HD 1920x1080,Intel Core i7 7700HQ 2.8GHz,16,128GB SSD +  1TB HDD,Nvidia GeForce GTX 1060,Windows 10,2.2,327085.3872,2.8,128000,0,0,0,1920.0,1080.0,Nvidia
1212,MSI,Gaming,17.3,IPS Panel Full HD 1920x1080,Intel Core i7 6700HQ 2.6GHz,16,256GB SSD +  1TB HDD,Nvidia GeForce GTX 1060,Windows 10,2.43,364486.07707199996,2.6,256000,0,0,1,1920.0,1080.0,Nvidia
1213,Dell,2 in 1 Convertible,15.6,IPS Panel Full HD / Touchscreen 1920x1080,Intel Core i5 7200U 2.5GHz,8,256GB SSD,Intel HD Graphics 620,Windows 10,2.191,186825.7872,2.5,256,0,1,1,1920.0,1080.0,Intel
1214,Asus,Gaming,17.3,Full HD 1920x1080,Intel Core i7 7700HQ 2.8GHz,16,256GB SSD +  1TB HDD,Nvidia GeForce GTX 1060,Windows 10,2.9,364487.9472,2.8,256000,0,0,0,1920.0,1080.0,Nvidia
1215,Acer,Netbook,11.6,1366x768,Intel Celeron Dual Core 3205U 1.5GHz,2,32GB SSD,Intel HD Graphics,Chrome OS,1.3,32540.227199999998,1.5,32,0,0,0,1366.0,768.0,Intel
1216,Acer,Notebook,17.3,1600x900,Intel Core i3 6006U 2GHz,4,1TB HDD,Nvidia GeForce 940MX,Windows 10,3.3,111833.65439999998,2.0,0,1000,0,0,1600.0,900.0,Nvidia
1217,Lenovo,Notebook,17.3,1600x900,Intel Core i5 7200U 2.5GHz,8,1TB HDD,Intel HD Graphics 620,No OS,2.8,100799.89919999999,2.5,0,1000,0,0,1600.0,900.0,Intel
1218,Lenovo,Gaming,15.6,IPS Panel Full HD 1920x1080,Intel Core i7 6700HQ 2.6GHz,8,128GB SSD +  1TB HDD,Nvidia GeForce GTX 960<U+039C>,Windows 10,2.6,237880.2816,2.6,128000,0,0,1,1920.0,1080.0,Nvidia
1219,Acer,2 in 1 Convertible,14.0,IPS Panel Full HD / Touchscreen 1920x1080,Intel Core i7 7Y75 1.3GHz,8,256GB SSD,Intel HD Graphics 615,Windows 10,1.2,214877.7072,1.3,256,0,1,1,1920.0,1080.0,Intel
1220,Lenovo,Notebook,15.6,IPS Panel Full HD 1920x1080,Intel Core i7 6600U 2.6GHz,8,256GB SSD,Intel HD Graphics 520,Windows 10,2.3,285942.57119999995,2.6,256,0,0,1,1920.0,1080.0,Intel
1221,MSI,Gaming,15.6,Full HD 1920x1080,Intel Core i7 6700HQ 2.6GHz,8,128GB SSD +  1TB HDD,Nvidia GeForce GTX 1060,Windows 10,2.2,276051.464208,2.6,128000,0,0,0,1920.0,1080.0,Nvidia
1222,HP,Notebook,15.6,Full HD 1920x1080,AMD A12-Series 9720P 2.7GHz,6,1TB HDD,AMD Radeon 530,Windows 10,2.1,98929.77119999999,2.7,0,1000,0,0,1920.0,1080.0,AMD
1223,Dell,Ultrabook,12.5,Full HD / Touchscreen 1920x1080,Intel Core i5 6300U 2.4GHz,8,256GB SSD,Intel HD Graphics 520,Windows 7,1.26,320422.121136,2.4,256,0,1,0,1920.0,1080.0,Intel
1224,Dell,2 in 1 Convertible,15.0,Full HD / Touchscreen 1920x1080,Intel Core i3 7100U 2.4GHz,4,500GB HDD,Intel HD Graphics 620,Windows 10,2.08,95189.5152,2.4,0,500,1,0,1920.0,1080.0,Intel
1225,Asus,Notebook,15.6,1366x768,Intel Pentium Quad Core N3710 1.6GHz,4,1TB HDD,Intel HD Graphics 405,Windows 10,2.65,57786.9552,1.6,0,1000,0,0,1366.0,768.0,Intel
1226,Dell,Ultrabook,13.3,Quad HD+ / Touchscreen 3200x1800,Intel Core i7 7500U 2.7GHz,8,256GB SSD,Intel HD Graphics 620,Windows 10,1.29,276217.9056,2.7,256,0,1,0,3200.0,1800.0,Intel
1227,Dell,Notebook,15.6,1366x768,Intel Core i5 7200U 2.5GHz,4,1TB HDD,Intel HD Graphics 520,Linux,2.18,97594.499808,2.5,0,1000,0,0,1366.0,768.0,Intel
1228,Lenovo,Gaming,15.6,IPS Panel Full HD / Touchscreen 1920x1080,Intel Core i7 6700HQ 2.6GHz,16,128GB SSD +  1TB HDD,Nvidia GeForce GTX 960M,Windows 10,2.6,192436.1712,2.6,128000,0,1,1,1920.0,1080.0,Nvidia
1229,MSI,Gaming,15.6,Full HD 1920x1080,Intel Core i7 7700HQ 2.8GHz,8,128GB SSD +  1TB HDD,Nvidia GeForce GTX 1050,Windows 10,2.2,214877.7072,2.8,128000,0,0,0,1920.0,1080.0,Nvidia
1230,Lenovo,Netbook,12.5,IPS Panel Full HD / Touchscreen 1920x1080,Intel Core i7 6500U 2.50GHz,16,512GB SSD,Intel HD Graphics 520,Windows 10,1.3,308571.12,2.5,512,0,1,1,1920.0,1080.0,Intel
1231,Razer,Gaming,14.0,Full HD 1920x1080,Intel Core i7 7700HQ 2.8GHz,16,1TB SSD,Nvidia GeForce GTX 1060,Windows 10,1.95,654357.7872,2.8,1000,0,0,0,1920.0,1080.0,Nvidia
1232,Dell,Notebook,15.6,Touchscreen 1366x768,Intel Core i3 7100U 2.4GHz,8,1TB HDD,Intel HD Graphics 620,Windows 10,2.3,87710.873328,2.4,0,1000,1,0,1366.0,768.0,Intel
1233,MSI,Gaming,17.3,Full HD 1920x1080,Intel Core i7 7700HQ 2.8GHz,16,256GB SSD +  1TB HDD,Nvidia GeForce GTX 1060,Windows 10,2.7,298846.4544,2.8,256000,0,0,0,1920.0,1080.0,Nvidia
1234,Apple,Ultrabook,11.6,1366x768,Intel Core i5 1.6GHz,4,256GB Flash Storage,Intel HD Graphics 6000,Mac OS X,1.08,179345.27519999997,1.6,256,0,0,0,1366.0,768.0,Intel
1235,HP,Notebook,15.6,Full HD 1920x1080,Intel Core i3 6006U 2GHz,4,1TB HDD,Intel HD Graphics 520,Windows 10,2.1,89392.11839999999,2.0,0,1000,0,0,1920.0,1080.0,Intel
1236,HP,Ultrabook,14.0,2560x1440,Intel Core i7 6500U 2.5GHz,8,256GB SSD,Intel HD Graphics 520,Windows 7,1.54,411089.666832,2.5,256,0,0,0,2560.0,1440.0,Intel
1237,Dell,Notebook,15.6,1366x768,Intel Core i5 6200U 2.3GHz,4,500GB HDD,Intel HD Graphics 520,Windows 7,2.24,137828.4336,2.3,0,500,0,0,1366.0,768.0,Intel
1238,MSI,Gaming,15.6,Full HD 1920x1080,Intel Core i7 6700HQ 2.6GHz,8,128GB SSD +  1TB HDD,Nvidia GeForce GTX 960M,Windows 10,2.3,218617.9632,2.6,128000,0,0,0,1920.0,1080.0,Nvidia
1239,Lenovo,Notebook,13.3,IPS Panel Full HD 1920x1080,Intel Core i7 7500U 2.7GHz,16,512GB SSD,Intel HD Graphics 620,Windows 10,1.4,280332.1872,2.7,512,0,0,1,1920.0,1080.0,Intel
1240,Lenovo,Notebook,15.6,Full HD 1920x1080,AMD A12-Series 9720P 3.6GHz,6,256GB SSD,AMD Radeon 530,Windows 10,2.2,111753.238896,3.6,256,0,0,0,1920.0,1080.0,AMD
1241,Asus,Ultrabook,13.3,Full HD 1920x1080,Intel Core i7 6500U 2.5GHz,8,256GB SSD,Intel HD Graphics 520,Windows 10,1.45,239376.38399999996,2.5,256,0,0,0,1920.0,1080.0,Intel
1242,Acer,Notebook,15.6,1366x768,Intel Core i3 6006U 2.0GHz,4,500GB HDD,Intel HD Graphics 520,Linux,2.4,67661.23104,2.0,0,500,0,0,1366.0,768.0,Intel
1243,Dell,2 in 1 Convertible,17.3,Full HD / Touchscreen 1920x1080,Intel Core i7 7500U 2.7GHz,16,512GB SSD,Nvidia GeForce 940MX,Windows 10,2.77,336436.0272,2.7,512,0,1,0,1920.0,1080.0,Nvidia
1244,HP,Notebook,14.0,Full HD 1920x1080,Intel Core i5 6200U 2.3GHz,4,256GB SSD,Intel HD Graphics 520,Windows 7,1.54,205712.20987199995,2.3,256,0,0,0,1920.0,1080.0,Intel
1245,Asus,Gaming,15.6,IPS Panel Full HD 1920x1080,Intel Core i7 7700HQ 2.8GHz,16,256GB SSD +  1TB HDD,Nvidia GeForce GTX 1050 Ti,Windows 10,2.5,299220.48,2.8,256000,0,0,1,1920.0,1080.0,Nvidia
1246,Dell,Notebook,14.0,1366x768,Intel Core i5 7200U 2.5GHz,4,500GB HDD,Intel HD Graphics 620,Windows 10,1.6,163636.19999999998,2.5,0,500,0,0,1366.0,768.0,Intel
1247,Asus,Gaming,15.6,IPS Panel Full HD 1920x1080,Intel Core i7 6700HQ 2.6GHz,16,256GB SSD +  1TB HDD,Nvidia GeForce GTX 1070,Windows 10,2.34,434804.75999999995,2.6,256000,0,0,1,1920.0,1080.0,Nvidia
1248,Lenovo,Notebook,15.6,IPS Panel Full HD 1920x1080,Intel Core i5 7200U 2.5GHz,8,256GB SSD,Intel HD Graphics 620,No OS,2.3,107158.33439999999,2.5,256,0,0,1,1920.0,1080.0,Intel
1249,Dell,2 in 1 Convertible,13.3,Quad HD+ / Touchscreen 3200x1800,Intel Core i5 7Y54 1.2GHz,8,256GB SSD,Intel HD Graphics 615,Windows 10,1.24,339054.20639999997,1.2,256,0,1,0,3200.0,1800.0,Intel
1250,Dell,Notebook,15.6,1366x768,Intel Pentium Quad Core N3710 1.6GHz,4,500GB HDD,Intel HD Graphics,Linux,2.2,60592.1472,1.6,0,500,0,0,1366.0,768.0,Intel
1251,HP,Notebook,15.6,1366x768,AMD A6-Series 9220 2.5GHz,4,500GB HDD,AMD Radeon R4 Graphics,Windows 10,1.86,74618.1072,2.5,0,500,0,0,1366.0,768.0,AMD
1252,Lenovo,Notebook,15.6,Full HD 1920x1080,Intel Core i3 6100U 2.3GHz,6,128GB SSD,Nvidia GeForce 920MX,Windows 10,2.4,106410.28319999999,2.3,128,0,0,0,1920.0,1080.0,Nvidia
1253,Lenovo,Notebook,14.0,IPS Panel Full HD 1920x1080,Intel Core i5 6200U 2.3GHz,8,256GB SSD,Intel HD Graphics 520,Windows 10,1.9,200477.7216,2.3,256,0,0,1,1920.0,1080.0,Intel
1254,Dell,Notebook,15.6,1366x768,Intel Pentium Quad Core N3700 1.6GHz,4,500GB HDD,Intel HD Graphics,Windows 10,2.2,83031.81307199999,1.6,0,500,0,0,1366.0,768.0,Intel
1255,Asus,Notebook,15.6,1366x768,Intel Celeron Dual Core N3350 1.1GHz,4,1TB HDD,Intel HD Graphics 500,Windows 10,2.0,63397.33919999999,1.1,0,1000,0,0,1366.0,768.0,Intel
1256,Asus,Gaming,17.3,IPS Panel Full HD 1920x1080,Intel Core i7 6700HQ 2.6GHz,16,128GB SSD +  1TB HDD,Nvidia GeForce GTX 970M,Windows 10,4.0,355324.32,2.6,128000,0,0,1,1920.0,1080.0,Nvidia
1257,Dell,Notebook,15.6,1366x768,Intel Core i3 6006U 2GHz,4,500GB HDD,Intel HD Graphics 520,Windows 10,2.29,91636.272,2.0,0,500,0,0,1366.0,768.0,Intel
1258,Lenovo,Notebook,15.6,Full HD 1920x1080,Intel Core i7 6500U 2.5GHz,8,1.0TB Hybrid,AMD Radeon R5 M330,Windows 7,2.32,167376.45599999998,2.5,0,0,0,0,1920.0,1080.0,AMD
1259,MSI,Gaming,15.6,Full HD 1920x1080,Intel Core i7 6700HQ 2.6GHz,8,128GB SSD +  1TB HDD,Nvidia GeForce GTX 960M,Windows 10,2.4,229838.7312,2.6,128000,0,0,0,1920.0,1080.0,Nvidia
1260,Lenovo,2 in 1 Convertible,14.0,Full HD / Touchscreen 1920x1080,Intel Core i5 6200U 2.3GHz,4,128GB SSD,Intel HD Graphics 520,Windows 10,1.8,155783.53252799998,2.3,128,0,1,0,1920.0,1080.0,Intel
1261,Asus,Ultrabook,13.3,IPS Panel Full HD 1920x1080,Intel Core M 6Y30 0.9GHz,8,512GB SSD,Intel HD Graphics 515,Windows 10,1.2,136332.33120000002,0.9,512,0,0,1,1920.0,1080.0,Intel
1262,Dell,Notebook,15.6,1366x768,Intel Core i3 7100U 2.4GHz,6,1TB HDD,Intel HD Graphics 620,Windows 10,2.3,85838.8752,2.4,0,1000,0,0,1366.0,768.0,Intel
1263,Acer,Notebook,15.6,1366x768,Intel Celeron Dual Core N3060 1.6GHz,4,500GB HDD,Intel HD Graphics 400,Linux,2.4,54046.699199999995,1.6,0,500,0,0,1366.0,768.0,Intel
1264,Dell,Notebook,15.6,1366x768,Intel Celeron Dual Core N3050 1.6GHz,2,500GB HDD,Intel HD Graphics,Windows 10,2.2,70877.85119999999,1.6,0,500,0,0,1366.0,768.0,Intel
1265,Lenovo,Notebook,15.6,IPS Panel Full HD 1920x1080,Intel Core i7 6700HQ 2.6GHz,8,1TB HDD,Nvidia GeForce GTX 960M,Windows 10,2.6,168124.5072,2.6,0,1000,0,1,1920.0,1080.0,Nvidia
1266,HP,Notebook,15.6,Full HD 1920x1080,AMD A9-Series 9410 2.9GHz,6,1.0TB Hybrid,AMD Radeon R7 M440,Windows 10,2.04,102855.16987199998,2.9,0,0,0,0,1920.0,1080.0,AMD
1267,Dell,Notebook,15.6,1366x768,Intel Core i7 7500U 2.7GHz,8,1TB HDD,AMD Radeon R5 M430,Linux,2.3,150730.446672,2.7,0,1000,0,0,1366.0,768.0,AMD
1268,HP,Netbook,11.6,1366x768,Intel Celeron Dual Core N3060 1.6GHz,2,32GB Flash Storage,Intel HD Graphics 400,Windows 10,1.17,39085.6752,1.6,32,0,0,0,1366.0,768.0,Intel
1269,Asus,Notebook,15.6,1366x768,Intel Core i7 6500U 2.5GHz,4,500GB HDD,Nvidia GeForce 920M,Windows 10,2.2,134709.06009599997,2.5,0,500,0,0,1366.0,768.0,Nvidia
1270,Lenovo,2 in 1 Convertible,14.0,IPS Panel Full HD / Touchscreen 1920x1080,Intel Core i7 6500U 2.5GHz,4,128GB SSD,Intel HD Graphics 520,Windows 10,1.8,119314.16639999999,2.5,128,0,1,1,1920.0,1080.0,Intel
1271,Lenovo,2 in 1 Convertible,13.3,IPS Panel Quad HD+ / Touchscreen 3200x1800,Intel Core i7 6500U 2.5GHz,16,512GB SSD,Intel HD Graphics 520,Windows 10,1.3,280332.1872,2.5,512,0,1,1,3200.0,1800.0,Intel
1272,Lenovo,Notebook,14.0,1366x768,Intel Celeron Dual Core N3050 1.6GHz,2,64GB Flash Storage,Intel HD Graphics,Windows 10,1.5,42825.9312,1.6,64,0,0,0,1366.0,768.0,Intel
1273,HP,Notebook,15.6,1366x768,Intel Core i7 6500U 2.5GHz,6,1TB HDD,AMD Radeon R5 M330,Windows 10,2.19,142877.7792,2.5,0,1000,0,0,1366.0,768.0,AMD
1274,Asus,Notebook,15.6,1366x768,Intel Celeron Dual Core N3050 1.6GHz,4,500GB HDD,Intel HD Graphics,Windows 10,2.2,69007.7232,1.6,0,500,0,0,1366.0,768.0,Intel
1275,Asus,Ultrabook,13.3,IPS Panel Full HD 1920x1080,Intel Core M 6Y30 0.9GHz,8,512GB SSD,Intel HD Graphics 515,Windows 10,1.2,136332.33120000002,0.9,512,0,0,1,1920.0,1080.0,Intel
1276,Dell,Notebook,15.6,1366x768,Intel Core i3 7100U 2.4GHz,6,1TB HDD,Intel HD Graphics 620,Windows 10,2.3,85838.8752,2.4,0,1000,0,0,1366.0,768.0,Intel
1277,Acer,Notebook,15.6,1366x768,Intel Celeron Dual Core N3060 1.6GHz,4,500GB HDD,Intel HD Graphics 400,Linux,2.4,54046.699199999995,1.6,0,500,0,0,1366.0,768.0,Intel
1278,Dell,Notebook,15.6,1366x768,Intel Celeron Dual Core N3050 1.6GHz,2,500GB HDD,Intel HD Graphics,Windows 10,2.2,70877.85119999999,1.6,0,500,0,0,1366.0,768.0,Intel
1279,Lenovo,Notebook,15.6,IPS Panel Full HD 1920x1080,Intel Core i7 6700HQ 2.6GHz,8,1TB HDD,Nvidia GeForce GTX 960M,Windows 10,2.6,168124.5072,2.6,0,1000,0,1,1920.0,1080.0,Nvidia
1280,HP,Notebook,15.6,Full HD 1920x1080,AMD A9-Series 9410 2.9GHz,6,1.0TB Hybrid,AMD Radeon R7 M440,Windows 10,2.04,102855.16987199998,2.9,0,0,0,0,1920.0,1080.0,AMD
1281,Dell,Notebook,15.6,1366x768,Intel Core i7 7500U 2.7GHz,8,1TB HDD,AMD Radeon R5 M430,Linux,2.3,150730.446672,2.7,0,1000,0,0,1366.0,768.0,AMD
1282,HP,Netbook,11.6,1366x768,Intel Celeron Dual Core N3060 1.6GHz,2,32GB Flash Storage,Intel HD Graphics 400,Windows 10,1.17,39085.6752,1.6,32,0,0,0,1366.0,768.0,Intel
1283,Asus,Notebook,15.6,1366x768,Intel Core i7 6500U 2.5GHz,4,500GB HDD,Nvidia GeForce 920M,Windows 10,2.2,134709.06009599997,2.5,0,500,0,0,1366.0,768.0,Nvidia
1284,Lenovo,2 in 1 Convertible,14.0,IPS Panel Full HD / Touchscreen 1920x1080,Intel Core i7 6500U 2.5GHz,4,128GB SSD,Intel HD Graphics 520,Windows 10,1.8,119314.16639999999,2.5,128,0,1,1,1920.0,1080.0,Intel
1285,Lenovo,2 in 1 Convertible,13.3,IPS Panel Quad HD+ / Touchscreen 3200x1800,Intel Core i7 6500U 2.5GHz,16,512GB SSD,Intel HD Graphics 520,Windows 10,1.3,280332.1872,2.5,512,0,1,1,3200.0,1800.0,Intel
1286,Lenovo,Notebook,14.0,1366x768,Intel Celeron Dual Core N3050 1.6GHz,2,64GB Flash Storage,Intel HD Graphics,Windows 10,1.5,42825.9312,1.6,64,0,0,0,1366.0,768.0,Intel
1287,HP,Notebook,15.6,1366x768,Intel Core i7 6500U 2.5GHz,6,1TB HDD,AMD Radeon R5 M330,Windows 10,2.19,142877.7792,2.5,0,1000,0,0,1366.0,768.0,AMD
1288,Asus,Notebook,15.6,1366x768,Intel Celeron Dual Core N3050 1.6GHz,4,500GB HDD,Intel HD Graphics,Windows 10,2.2,69007.7232,1.6,0,500,0,0,1366.0,768.0,Intel
1289,Asus,Ultrabook,13.3,IPS Panel Full HD 1920x1080,Intel Core M 6Y30 0.9GHz,8,512GB SSD,Intel HD Graphics 515,Windows 10,1.2,136332.33120000002,0.9,512,0,0,1,1920.0,1080.0,Intel
1290,Dell,Notebook,15.6,1366x768,Intel Core i3 7100U 2.4GHz,6,1TB HDD,Intel HD Graphics 620,Windows 10,2.3,85838.8752,2.4,0,1000,0,0,1366.0,768.0,Intel
1291,Acer,Notebook,15.6,1366x768,Intel Celeron Dual Core N3060 1.6GHz,4,500GB HDD,Intel HD Graphics 400,Linux,2.4,54046.699199999995,1.6,0,500,0,0,1366.0,768.0,Intel
1292,Dell,Notebook,15.6,1366x768,Intel Celeron Dual Core N3050 1.6GHz,2,500GB HDD,Intel HD Graphics,Windows 10,2.2,70877.85119999999,1.6,0,500,0,0,1366.0,768.0,Intel
1293,Lenovo,Notebook,15.6,IPS Panel Full HD 1920x1080,Intel Core i7 6700HQ 2.6GHz,8,1TB HDD,Nvidia GeForce GTX 960M,Windows 10,2.6,168124.5072,2.6,0,1000,0,1,1920.0,1080.0,Nvidia
1294,HP,Notebook,15.6,Full HD 1920x1080,AMD A9-Series 9410 2.9GHz,6,1.0TB Hybrid,AMD Radeon R7 M440,Windows 10,2.04,102855.16987199998,2.9,0,0,0,0,1920.0,1080.0,AMD
1295,Dell,Notebook,15.6,1366x768,Intel Core i7 7500U 2.7GHz,8,1TB HDD,AMD Radeon R5 M430,Linux,2.3,150730.446672,2.7,0,1000,0,0,1366.0,768.0,AMD
1296,HP,Netbook,11.6,1366x768,Intel Celeron Dual Core N3060 1.6GHz,2,32GB Flash Storage,Intel HD Graphics 400,Windows 10,1.17,39085.6752,1.6,32,0,0,0,1366.0,768.0,Intel
1297,Asus,Notebook,15.6,1366x768,Intel Core i7 6500U 2.5GHz,4,500GB HDD,Nvidia GeForce 920M,Windows 10,2.2,134709.06009599997,2.5,0,500,0,0,1366.0,768.0,Nvidia
1298,Lenovo,2 in 1 Convertible,14.0,IPS Panel Full HD / Touchscreen 1920x1080,Intel Core i7 6500U 2.5GHz,4,128GB SSD,Intel HD Graphics 520,Windows 10,1.8,119314.16639999999,2.5,128,0,1,1,1920.0,1080.0,Intel
1299,Lenovo,2 in 1 Convertible,13.3,IPS Panel Quad HD+ / Touchscreen 3200x1800,Intel Core i7 6500U 2.5GHz,16,512GB SSD,Intel HD Graphics 520,Windows 10,1.3,280332.1872,2.5,512,0,1,1,3200.0,1800.0,Intel
1300,Lenovo,Notebook,14.0,1366x768,Intel Celeron Dual Core N3050 1.6GHz,2,64GB Flash Storage,Intel HD Graphics,Windows 10,1.5,42825.9312,1.6,64,0,0,0,1366.0,768.0,Intel
1301,HP,Notebook,15.6,1366x768,Intel Core i7 6500U 2.5GHz,6,1TB HDD,AMD Radeon R5 M330,Windows 10,2.19,142877.7792,2.5,0,1000,0,0,1366.0,768.0,AMD
1302,Asus,Notebook,15.6,1366x768,Intel Celeron Dual Core N3050 1.6GHz,4,500GB HDD,Intel HD Graphics,Windows 10,2.2,69007.7232,1.6,0,500,0,0,1366.0,768.0,Intel
